market_id,industry,sub_industry,country,region,target_audience,market_size,market_size_category,growth_rate,growth_rate_category,demand_level,market_trend,year,sample_startup_count,sample_total_funding_usd,source,source_url,last_verified_date
MKT-00001,AI / Machine Learning,Unknown,Argentina,Unknown,Unknown,Unknown,Unknown,Unknown,Unknown,Unknown,Unknown,2026,6,2019561.0,Derived from LaunchLens cleaned pool (descriptive count of startups in this dataset only - NOT an external market-size estimate),"N/A - internal aggregate, see Sources sheet for underlying Kaggle datasets",2026-08-13
MKT-00002,AI / Machine Learning,Unknown,Australia,Unknown,Unknown,Unknown,Unknown,Unknown,Unknown,Unknown,Unknown,2026,7,82464338.38922156,Derived from LaunchLens cleaned pool (descriptive count of startups in this dataset only - NOT an external market-size estimate),"N/A - internal aggregate, see Sources sheet for underlying Kaggle datasets",2026-08-13
MKT-00003,AI / Machine Learning,Unknown,Austria,Unknown,Unknown,Unknown,Unknown,Unknown,Unknown,Unknown,Unknown,2026,3,4979900.0,Derived from LaunchLens cleaned pool (descriptive count of startups in this dataset only - NOT an external market-size estimate),"N/A - internal aggregate, see Sources sheet for underlying Kaggle datasets",2026-08-13
MKT-00004,AI / Machine Learning,Unknown,Bulgaria,Unknown,Unknown,Unknown,Unknown,Unknown,Unknown,Unknown,Unknown,2026,3,377022.0,Derived from LaunchLens cleaned pool (descriptive count of startups in this dataset only - NOT an external market-size estimate),"N/A - internal aggregate, see Sources sheet for underlying Kaggle datasets",2026-08-13
MKT-00005,AI / Machine Learning,Unknown,Canada,Unknown,Unknown,Unknown,Unknown,Unknown,Unknown,Unknown,Unknown,2026,17,28176437.0,Derived from LaunchLens cleaned pool (descriptive count of startups in this dataset only - NOT an external market-size estimate),"N/A - internal aggregate, see Sources sheet for underlying Kaggle datasets",2026-08-13
MKT-00006,AI / Machine Learning,Unknown,Chile,Unknown,Unknown,Unknown,Unknown,Unknown,Unknown,Unknown,Unknown,2026,3,120000.0,Derived from LaunchLens cleaned pool (descriptive count of startups in this dataset only - NOT an external market-size estimate),"N/A - internal aggregate, see Sources sheet for underlying Kaggle datasets",2026-08-13
MKT-00007,AI / Machine Learning,Unknown,Denmark,Unknown,Unknown,Unknown,Unknown,Unknown,Unknown,Unknown,Unknown,2026,3,1500000.0,Derived from LaunchLens cleaned pool (descriptive count of startups in this dataset only - NOT an external market-size estimate),"N/A - internal aggregate, see Sources sheet for underlying Kaggle datasets",2026-08-13
MKT-00008,AI / Machine Learning,Unknown,France,Unknown,Unknown,Unknown,Unknown,Unknown,Unknown,Unknown,Unknown,2026,9,14822440.32929446,Derived from LaunchLens cleaned pool (descriptive count of startups in this dataset only - NOT an external market-size estimate),"N/A - internal aggregate, see Sources sheet for underlying Kaggle datasets",2026-08-13
MKT-00009,AI / Machine Learning,Unknown,Germany,Unknown,Unknown,Unknown,Unknown,Unknown,Unknown,Unknown,Unknown,2026,12,138895221.0,Derived from LaunchLens cleaned pool (descriptive count of startups in this dataset only - NOT an external market-size estimate),"N/A - internal aggregate, see Sources sheet for underlying Kaggle datasets",2026-08-13
MKT-00010,AI / Machine Learning,Unknown,India,Unknown,Unknown,Unknown,Unknown,Unknown,Unknown,Unknown,Unknown,2026,6,105569.0,Derived from LaunchLens cleaned pool (descriptive count of startups in this dataset only - NOT an external market-size estimate),"N/A - internal aggregate, see Sources sheet for underlying Kaggle datasets",2026-08-13
MKT-00011,AI / Machine Learning,Unknown,Ireland,Unknown,Unknown,Unknown,Unknown,Unknown,Unknown,Unknown,Unknown,2026,3,1261875.0,Derived from LaunchLens cleaned pool (descriptive count of startups in this dataset only - NOT an external market-size estimate),"N/A - internal aggregate, see Sources sheet for underlying Kaggle datasets",2026-08-13
MKT-00012,AI / Machine Learning,Unknown,Israel,Unknown,Unknown,Unknown,Unknown,Unknown,Unknown,Unknown,Unknown,2026,7,44770000.0,Derived from LaunchLens cleaned pool (descriptive count of startups in this dataset only - NOT an external market-size estimate),"N/A - internal aggregate, see Sources sheet for underlying Kaggle datasets",2026-08-13
MKT-00013,AI / Machine Learning,Unknown,Netherlands,Unknown,Unknown,Unknown,Unknown,Unknown,Unknown,Unknown,Unknown,2026,6,6369544.0,Derived from LaunchLens cleaned pool (descriptive count of startups in this dataset only - NOT an external market-size estimate),"N/A - internal aggregate, see Sources sheet for underlying Kaggle datasets",2026-08-13
MKT-00014,AI / Machine Learning,Unknown,Poland,Unknown,Unknown,Unknown,Unknown,Unknown,Unknown,Unknown,Unknown,2026,4,159786.0,Derived from LaunchLens cleaned pool (descriptive count of startups in this dataset only - NOT an external market-size estimate),"N/A - internal aggregate, see Sources sheet for underlying Kaggle datasets",2026-08-13
MKT-00015,AI / Machine Learning,Unknown,Spain,Unknown,Unknown,Unknown,Unknown,Unknown,Unknown,Unknown,Unknown,2026,4,2468128.0,Derived from LaunchLens cleaned pool (descriptive count of startups in this dataset only - NOT an external market-size estimate),"N/A - internal aggregate, see Sources sheet for underlying Kaggle datasets",2026-08-13
MKT-00016,AI / Machine Learning,Unknown,USA,Unknown,Unknown,Unknown,Unknown,Unknown,Unknown,Unknown,Unknown,2026,8,0.0,Derived from LaunchLens cleaned pool (descriptive count of startups in this dataset only - NOT an external market-size estimate),"N/A - internal aggregate, see Sources sheet for underlying Kaggle datasets",2026-08-13
MKT-00017,AI / Machine Learning,Unknown,United Kingdom,Unknown,Unknown,Unknown,Unknown,Unknown,Unknown,Unknown,Unknown,2026,30,233215527.35907042,Derived from LaunchLens cleaned pool (descriptive count of startups in this dataset only - NOT an external market-size estimate),"N/A - internal aggregate, see Sources sheet for underlying Kaggle datasets",2026-08-13
MKT-00018,AI / Machine Learning,Unknown,United States,Unknown,Unknown,Unknown,Unknown,Unknown,Unknown,Unknown,Unknown,2026,266,2058324092.0,Derived from LaunchLens cleaned pool (descriptive count of startups in this dataset only - NOT an external market-size estimate),"N/A - internal aggregate, see Sources sheet for underlying Kaggle datasets",2026-08-13
MKT-00019,AgriTech,Unknown,Brazil,Unknown,Unknown,Unknown,Unknown,Unknown,Unknown,Unknown,Unknown,2026,6,75016702.0,Derived from LaunchLens cleaned pool (descriptive count of startups in this dataset only - NOT an external market-size estimate),"N/A - internal aggregate, see Sources sheet for underlying Kaggle datasets",2026-08-13
MKT-00020,AgriTech,Unknown,Canada,Unknown,Unknown,Unknown,Unknown,Unknown,Unknown,Unknown,Unknown,2026,7,10152289.12837344,Derived from LaunchLens cleaned pool (descriptive count of startups in this dataset only - NOT an external market-size estimate),"N/A - internal aggregate, see Sources sheet for underlying Kaggle datasets",2026-08-13
MKT-00021,AgriTech,Unknown,Chile,Unknown,Unknown,Unknown,Unknown,Unknown,Unknown,Unknown,Unknown,2026,3,1352079.0,Derived from LaunchLens cleaned pool (descriptive count of startups in this dataset only - NOT an external market-size estimate),"N/A - internal aggregate, see Sources sheet for underlying Kaggle datasets",2026-08-13
MKT-00022,AgriTech,Unknown,China,Unknown,Unknown,Unknown,Unknown,Unknown,Unknown,Unknown,Unknown,2026,4,409337387.0,Derived from LaunchLens cleaned pool (descriptive count of startups in this dataset only - NOT an external market-size estimate),"N/A - internal aggregate, see Sources sheet for underlying Kaggle datasets",2026-08-13
MKT-00023,AgriTech,Unknown,Germany,Unknown,Unknown,Unknown,Unknown,Unknown,Unknown,Unknown,Unknown,2026,3,3790166.335842301,Derived from LaunchLens cleaned pool (descriptive count of startups in this dataset only - NOT an external market-size estimate),"N/A - internal aggregate, see Sources sheet for underlying Kaggle datasets",2026-08-13
MKT-00024,AgriTech,Unknown,India,Unknown,Unknown,Unknown,Unknown,Unknown,Unknown,Unknown,Unknown,2026,4,4200000.0,Derived from LaunchLens cleaned pool (descriptive count of startups in this dataset only - NOT an external market-size estimate),"N/A - internal aggregate, see Sources sheet for underlying Kaggle datasets",2026-08-13
MKT-00025,AgriTech,Unknown,Israel,Unknown,Unknown,Unknown,Unknown,Unknown,Unknown,Unknown,Unknown,2026,5,509868000.0,Derived from LaunchLens cleaned pool (descriptive count of startups in this dataset only - NOT an external market-size estimate),"N/A - internal aggregate, see Sources sheet for underlying Kaggle datasets",2026-08-13
MKT-00026,AgriTech,Unknown,Kenya,Unknown,Unknown,Unknown,Unknown,Unknown,Unknown,Unknown,Unknown,2026,3,375000.0,Derived from LaunchLens cleaned pool (descriptive count of startups in this dataset only - NOT an external market-size estimate),"N/A - internal aggregate, see Sources sheet for underlying Kaggle datasets",2026-08-13
MKT-00027,AgriTech,Unknown,Netherlands,Unknown,Unknown,Unknown,Unknown,Unknown,Unknown,Unknown,Unknown,2026,3,14583776.0,Derived from LaunchLens cleaned pool (descriptive count of startups in this dataset only - NOT an external market-size estimate),"N/A - internal aggregate, see Sources sheet for underlying Kaggle datasets",2026-08-13
MKT-00028,AgriTech,Unknown,United Kingdom,Unknown,Unknown,Unknown,Unknown,Unknown,Unknown,Unknown,Unknown,2026,8,103691768.0,Derived from LaunchLens cleaned pool (descriptive count of startups in this dataset only - NOT an external market-size estimate),"N/A - internal aggregate, see Sources sheet for underlying Kaggle datasets",2026-08-13
MKT-00029,AgriTech,Unknown,United States,Unknown,Unknown,Unknown,Unknown,Unknown,Unknown,Unknown,Unknown,2026,84,799874931.0,Derived from LaunchLens cleaned pool (descriptive count of startups in this dataset only - NOT an external market-size estimate),"N/A - internal aggregate, see Sources sheet for underlying Kaggle datasets",2026-08-13
MKT-00030,CleanTech,Unknown,Australia,Unknown,Unknown,Unknown,Unknown,Unknown,Unknown,Unknown,Unknown,2026,18,441350000.0,Derived from LaunchLens cleaned pool (descriptive count of startups in this dataset only - NOT an external market-size estimate),"N/A - internal aggregate, see Sources sheet for underlying Kaggle datasets",2026-08-13
MKT-00031,CleanTech,Unknown,Belgium,Unknown,Unknown,Unknown,Unknown,Unknown,Unknown,Unknown,Unknown,2026,4,52834400.0,Derived from LaunchLens cleaned pool (descriptive count of startups in this dataset only - NOT an external market-size estimate),"N/A - internal aggregate, see Sources sheet for underlying Kaggle datasets",2026-08-13
MKT-00032,CleanTech,Unknown,Brazil,Unknown,Unknown,Unknown,Unknown,Unknown,Unknown,Unknown,Unknown,2026,5,211940091.0,Derived from LaunchLens cleaned pool (descriptive count of startups in this dataset only - NOT an external market-size estimate),"N/A - internal aggregate, see Sources sheet for underlying Kaggle datasets",2026-08-13
MKT-00033,CleanTech,Unknown,Canada,Unknown,Unknown,Unknown,Unknown,Unknown,Unknown,Unknown,Unknown,2026,87,2778865080.8644066,Derived from LaunchLens cleaned pool (descriptive count of startups in this dataset only - NOT an external market-size estimate),"N/A - internal aggregate, see Sources sheet for underlying Kaggle datasets",2026-08-13
MKT-00034,CleanTech,Unknown,Chile,Unknown,Unknown,Unknown,Unknown,Unknown,Unknown,Unknown,Unknown,2026,14,875003.0,Derived from LaunchLens cleaned pool (descriptive count of startups in this dataset only - NOT an external market-size estimate),"N/A - internal aggregate, see Sources sheet for underlying Kaggle datasets",2026-08-13
MKT-00035,CleanTech,Unknown,China,Unknown,Unknown,Unknown,Unknown,Unknown,Unknown,Unknown,Unknown,2026,32,1324636528.0,Derived from LaunchLens cleaned pool (descriptive count of startups in this dataset only - NOT an external market-size estimate),"N/A - internal aggregate, see Sources sheet for underlying Kaggle datasets",2026-08-13
MKT-00036,CleanTech,Unknown,Denmark,Unknown,Unknown,Unknown,Unknown,Unknown,Unknown,Unknown,Unknown,2026,10,68928054.0,Derived from LaunchLens cleaned pool (descriptive count of startups in this dataset only - NOT an external market-size estimate),"N/A - internal aggregate, see Sources sheet for underlying Kaggle datasets",2026-08-13
MKT-00037,CleanTech,Unknown,Finland,Unknown,Unknown,Unknown,Unknown,Unknown,Unknown,Unknown,Unknown,2026,7,61478795.0,Derived from LaunchLens cleaned pool (descriptive count of startups in this dataset only - NOT an external market-size estimate),"N/A - internal aggregate, see Sources sheet for underlying Kaggle datasets",2026-08-13
MKT-00038,CleanTech,Unknown,France,Unknown,Unknown,Unknown,Unknown,Unknown,Unknown,Unknown,Unknown,2026,23,243628161.0,Derived from LaunchLens cleaned pool (descriptive count of startups in this dataset only - NOT an external market-size estimate),"N/A - internal aggregate, see Sources sheet for underlying Kaggle datasets",2026-08-13
MKT-00039,CleanTech,Unknown,Germany,Unknown,Unknown,Unknown,Unknown,Unknown,Unknown,Unknown,Unknown,2026,34,332526119.2069502,Derived from LaunchLens cleaned pool (descriptive count of startups in this dataset only - NOT an external market-size estimate),"N/A - internal aggregate, see Sources sheet for underlying Kaggle datasets",2026-08-13
MKT-00040,CleanTech,Unknown,Hong Kong,Unknown,Unknown,Unknown,Unknown,Unknown,Unknown,Unknown,Unknown,2026,3,505488639.0,Derived from LaunchLens cleaned pool (descriptive count of startups in this dataset only - NOT an external market-size estimate),"N/A - internal aggregate, see Sources sheet for underlying Kaggle datasets",2026-08-13
MKT-00041,CleanTech,Unknown,India,Unknown,Unknown,Unknown,Unknown,Unknown,Unknown,Unknown,Unknown,2026,31,2181798286.0,Derived from LaunchLens cleaned pool (descriptive count of startups in this dataset only - NOT an external market-size estimate),"N/A - internal aggregate, see Sources sheet for underlying Kaggle datasets",2026-08-13
MKT-00042,CleanTech,Unknown,Ireland,Unknown,Unknown,Unknown,Unknown,Unknown,Unknown,Unknown,Unknown,2026,14,341043601.0,Derived from LaunchLens cleaned pool (descriptive count of startups in this dataset only - NOT an external market-size estimate),"N/A - internal aggregate, see Sources sheet for underlying Kaggle datasets",2026-08-13
MKT-00043,CleanTech,Unknown,Israel,Unknown,Unknown,Unknown,Unknown,Unknown,Unknown,Unknown,Unknown,2026,27,202976712.0,Derived from LaunchLens cleaned pool (descriptive count of startups in this dataset only - NOT an external market-size estimate),"N/A - internal aggregate, see Sources sheet for underlying Kaggle datasets",2026-08-13
MKT-00044,CleanTech,Unknown,Italy,Unknown,Unknown,Unknown,Unknown,Unknown,Unknown,Unknown,Unknown,2026,7,10450330.0,Derived from LaunchLens cleaned pool (descriptive count of startups in this dataset only - NOT an external market-size estimate),"N/A - internal aggregate, see Sources sheet for underlying Kaggle datasets",2026-08-13
MKT-00045,CleanTech,Unknown,Japan,Unknown,Unknown,Unknown,Unknown,Unknown,Unknown,Unknown,Unknown,2026,4,278453545.0,Derived from LaunchLens cleaned pool (descriptive count of startups in this dataset only - NOT an external market-size estimate),"N/A - internal aggregate, see Sources sheet for underlying Kaggle datasets",2026-08-13
MKT-00046,CleanTech,Unknown,Kenya,Unknown,Unknown,Unknown,Unknown,Unknown,Unknown,Unknown,Unknown,2026,3,340000.0,Derived from LaunchLens cleaned pool (descriptive count of startups in this dataset only - NOT an external market-size estimate),"N/A - internal aggregate, see Sources sheet for underlying Kaggle datasets",2026-08-13
MKT-00047,CleanTech,Unknown,Mexico,Unknown,Unknown,Unknown,Unknown,Unknown,Unknown,Unknown,Unknown,2026,4,152241797.0,Derived from LaunchLens cleaned pool (descriptive count of startups in this dataset only - NOT an external market-size estimate),"N/A - internal aggregate, see Sources sheet for underlying Kaggle datasets",2026-08-13
MKT-00048,CleanTech,Unknown,Netherlands,Unknown,Unknown,Unknown,Unknown,Unknown,Unknown,Unknown,Unknown,2026,13,178221011.0,Derived from LaunchLens cleaned pool (descriptive count of startups in this dataset only - NOT an external market-size estimate),"N/A - internal aggregate, see Sources sheet for underlying Kaggle datasets",2026-08-13
MKT-00049,CleanTech,Unknown,Norway,Unknown,Unknown,Unknown,Unknown,Unknown,Unknown,Unknown,Unknown,2026,7,356142250.0,Derived from LaunchLens cleaned pool (descriptive count of startups in this dataset only - NOT an external market-size estimate),"N/A - internal aggregate, see Sources sheet for underlying Kaggle datasets",2026-08-13
MKT-00050,CleanTech,Unknown,Russia,Unknown,Unknown,Unknown,Unknown,Unknown,Unknown,Unknown,Unknown,2026,4,698000000.0,Derived from LaunchLens cleaned pool (descriptive count of startups in this dataset only - NOT an external market-size estimate),"N/A - internal aggregate, see Sources sheet for underlying Kaggle datasets",2026-08-13
MKT-00051,CleanTech,Unknown,Singapore,Unknown,Unknown,Unknown,Unknown,Unknown,Unknown,Unknown,Unknown,2026,3,9277000.0,Derived from LaunchLens cleaned pool (descriptive count of startups in this dataset only - NOT an external market-size estimate),"N/A - internal aggregate, see Sources sheet for underlying Kaggle datasets",2026-08-13
MKT-00052,CleanTech,Unknown,Spain,Unknown,Unknown,Unknown,Unknown,Unknown,Unknown,Unknown,Unknown,2026,6,7388064.0,Derived from LaunchLens cleaned pool (descriptive count of startups in this dataset only - NOT an external market-size estimate),"N/A - internal aggregate, see Sources sheet for underlying Kaggle datasets",2026-08-13
MKT-00053,CleanTech,Unknown,Sweden,Unknown,Unknown,Unknown,Unknown,Unknown,Unknown,Unknown,Unknown,2026,16,76811349.0,Derived from LaunchLens cleaned pool (descriptive count of startups in this dataset only - NOT an external market-size estimate),"N/A - internal aggregate, see Sources sheet for underlying Kaggle datasets",2026-08-13
MKT-00054,CleanTech,Unknown,Switzerland,Unknown,Unknown,Unknown,Unknown,Unknown,Unknown,Unknown,Unknown,2026,13,308079134.3715581,Derived from LaunchLens cleaned pool (descriptive count of startups in this dataset only - NOT an external market-size estimate),"N/A - internal aggregate, see Sources sheet for underlying Kaggle datasets",2026-08-13
MKT-00055,CleanTech,Unknown,Turkey,Unknown,Unknown,Unknown,Unknown,Unknown,Unknown,Unknown,Unknown,2026,5,97139108.0,Derived from LaunchLens cleaned pool (descriptive count of startups in this dataset only - NOT an external market-size estimate),"N/A - internal aggregate, see Sources sheet for underlying Kaggle datasets",2026-08-13
MKT-00056,CleanTech,Unknown,United Kingdom,Unknown,Unknown,Unknown,Unknown,Unknown,Unknown,Unknown,Unknown,2026,104,1314658745.5834665,Derived from LaunchLens cleaned pool (descriptive count of startups in this dataset only - NOT an external market-size estimate),"N/A - internal aggregate, see Sources sheet for underlying Kaggle datasets",2026-08-13
MKT-00057,CleanTech,Unknown,United States,Unknown,Unknown,Unknown,Unknown,Unknown,Unknown,Unknown,Unknown,2026,957,36812299194.0,Derived from LaunchLens cleaned pool (descriptive count of startups in this dataset only - NOT an external market-size estimate),"N/A - internal aggregate, see Sources sheet for underlying Kaggle datasets",2026-08-13
MKT-00058,ClimateTech,Unknown,Canada,Unknown,Unknown,Unknown,Unknown,Unknown,Unknown,Unknown,Unknown,2026,7,54991267.4135723,Derived from LaunchLens cleaned pool (descriptive count of startups in this dataset only - NOT an external market-size estimate),"N/A - internal aggregate, see Sources sheet for underlying Kaggle datasets",2026-08-13
MKT-00059,ClimateTech,Unknown,France,Unknown,Unknown,Unknown,Unknown,Unknown,Unknown,Unknown,Unknown,2026,3,47477451.0,Derived from LaunchLens cleaned pool (descriptive count of startups in this dataset only - NOT an external market-size estimate),"N/A - internal aggregate, see Sources sheet for underlying Kaggle datasets",2026-08-13
MKT-00060,ClimateTech,Unknown,Germany,Unknown,Unknown,Unknown,Unknown,Unknown,Unknown,Unknown,Unknown,2026,6,54313406.886099696,Derived from LaunchLens cleaned pool (descriptive count of startups in this dataset only - NOT an external market-size estimate),"N/A - internal aggregate, see Sources sheet for underlying Kaggle datasets",2026-08-13
MKT-00061,ClimateTech,Unknown,India,Unknown,Unknown,Unknown,Unknown,Unknown,Unknown,Unknown,Unknown,2026,4,170100000.0,Derived from LaunchLens cleaned pool (descriptive count of startups in this dataset only - NOT an external market-size estimate),"N/A - internal aggregate, see Sources sheet for underlying Kaggle datasets",2026-08-13
MKT-00062,ClimateTech,Unknown,Israel,Unknown,Unknown,Unknown,Unknown,Unknown,Unknown,Unknown,Unknown,2026,4,89700000.0,Derived from LaunchLens cleaned pool (descriptive count of startups in this dataset only - NOT an external market-size estimate),"N/A - internal aggregate, see Sources sheet for underlying Kaggle datasets",2026-08-13
MKT-00063,ClimateTech,Unknown,Italy,Unknown,Unknown,Unknown,Unknown,Unknown,Unknown,Unknown,Unknown,2026,4,3227008.0,Derived from LaunchLens cleaned pool (descriptive count of startups in this dataset only - NOT an external market-size estimate),"N/A - internal aggregate, see Sources sheet for underlying Kaggle datasets",2026-08-13
MKT-00064,ClimateTech,Unknown,Netherlands,Unknown,Unknown,Unknown,Unknown,Unknown,Unknown,Unknown,Unknown,2026,4,2850768.0,Derived from LaunchLens cleaned pool (descriptive count of startups in this dataset only - NOT an external market-size estimate),"N/A - internal aggregate, see Sources sheet for underlying Kaggle datasets",2026-08-13
MKT-00065,ClimateTech,Unknown,United Kingdom,Unknown,Unknown,Unknown,Unknown,Unknown,Unknown,Unknown,Unknown,2026,8,19569329.0,Derived from LaunchLens cleaned pool (descriptive count of startups in this dataset only - NOT an external market-size estimate),"N/A - internal aggregate, see Sources sheet for underlying Kaggle datasets",2026-08-13
MKT-00066,ClimateTech,Unknown,United States,Unknown,Unknown,Unknown,Unknown,Unknown,Unknown,Unknown,Unknown,2026,126,6029318669.0,Derived from LaunchLens cleaned pool (descriptive count of startups in this dataset only - NOT an external market-size estimate),"N/A - internal aggregate, see Sources sheet for underlying Kaggle datasets",2026-08-13
MKT-00067,Cybersecurity,Unknown,Australia,Unknown,Unknown,Unknown,Unknown,Unknown,Unknown,Unknown,Unknown,2026,6,1760000.0,Derived from LaunchLens cleaned pool (descriptive count of startups in this dataset only - NOT an external market-size estimate),"N/A - internal aggregate, see Sources sheet for underlying Kaggle datasets",2026-08-13
MKT-00068,Cybersecurity,Unknown,Austria,Unknown,Unknown,Unknown,Unknown,Unknown,Unknown,Unknown,Unknown,2026,3,1473549.0,Derived from LaunchLens cleaned pool (descriptive count of startups in this dataset only - NOT an external market-size estimate),"N/A - internal aggregate, see Sources sheet for underlying Kaggle datasets",2026-08-13
MKT-00069,Cybersecurity,Unknown,Brazil,Unknown,Unknown,Unknown,Unknown,Unknown,Unknown,Unknown,Unknown,2026,4,430000.0,Derived from LaunchLens cleaned pool (descriptive count of startups in this dataset only - NOT an external market-size estimate),"N/A - internal aggregate, see Sources sheet for underlying Kaggle datasets",2026-08-13
MKT-00070,Cybersecurity,Unknown,Canada,Unknown,Unknown,Unknown,Unknown,Unknown,Unknown,Unknown,Unknown,2026,49,465861056.7138941,Derived from LaunchLens cleaned pool (descriptive count of startups in this dataset only - NOT an external market-size estimate),"N/A - internal aggregate, see Sources sheet for underlying Kaggle datasets",2026-08-13
MKT-00071,Cybersecurity,Unknown,China,Unknown,Unknown,Unknown,Unknown,Unknown,Unknown,Unknown,Unknown,2026,18,211908758.0,Derived from LaunchLens cleaned pool (descriptive count of startups in this dataset only - NOT an external market-size estimate),"N/A - internal aggregate, see Sources sheet for underlying Kaggle datasets",2026-08-13
MKT-00072,Cybersecurity,Unknown,Czech Republic,Unknown,Unknown,Unknown,Unknown,Unknown,Unknown,Unknown,Unknown,2026,3,103900000.0,Derived from LaunchLens cleaned pool (descriptive count of startups in this dataset only - NOT an external market-size estimate),"N/A - internal aggregate, see Sources sheet for underlying Kaggle datasets",2026-08-13
MKT-00073,Cybersecurity,Unknown,Finland,Unknown,Unknown,Unknown,Unknown,Unknown,Unknown,Unknown,Unknown,2026,5,20442303.19496371,Derived from LaunchLens cleaned pool (descriptive count of startups in this dataset only - NOT an external market-size estimate),"N/A - internal aggregate, see Sources sheet for underlying Kaggle datasets",2026-08-13
MKT-00074,Cybersecurity,Unknown,France,Unknown,Unknown,Unknown,Unknown,Unknown,Unknown,Unknown,Unknown,2026,24,90506723.0,Derived from LaunchLens cleaned pool (descriptive count of startups in this dataset only - NOT an external market-size estimate),"N/A - internal aggregate, see Sources sheet for underlying Kaggle datasets",2026-08-13
MKT-00075,Cybersecurity,Unknown,Germany,Unknown,Unknown,Unknown,Unknown,Unknown,Unknown,Unknown,Unknown,2026,21,63817421.0,Derived from LaunchLens cleaned pool (descriptive count of startups in this dataset only - NOT an external market-size estimate),"N/A - internal aggregate, see Sources sheet for underlying Kaggle datasets",2026-08-13
MKT-00076,Cybersecurity,Unknown,Hungary,Unknown,Unknown,Unknown,Unknown,Unknown,Unknown,Unknown,Unknown,2026,3,13450000.0,Derived from LaunchLens cleaned pool (descriptive count of startups in this dataset only - NOT an external market-size estimate),"N/A - internal aggregate, see Sources sheet for underlying Kaggle datasets",2026-08-13
MKT-00077,Cybersecurity,Unknown,India,Unknown,Unknown,Unknown,Unknown,Unknown,Unknown,Unknown,Unknown,2026,22,129418510.0,Derived from LaunchLens cleaned pool (descriptive count of startups in this dataset only - NOT an external market-size estimate),"N/A - internal aggregate, see Sources sheet for underlying Kaggle datasets",2026-08-13
MKT-00078,Cybersecurity,Unknown,Ireland,Unknown,Unknown,Unknown,Unknown,Unknown,Unknown,Unknown,Unknown,2026,15,61287032.457715146,Derived from LaunchLens cleaned pool (descriptive count of startups in this dataset only - NOT an external market-size estimate),"N/A - internal aggregate, see Sources sheet for underlying Kaggle datasets",2026-08-13
MKT-00079,Cybersecurity,Unknown,Israel,Unknown,Unknown,Unknown,Unknown,Unknown,Unknown,Unknown,Unknown,2026,67,679490987.9322034,Derived from LaunchLens cleaned pool (descriptive count of startups in this dataset only - NOT an external market-size estimate),"N/A - internal aggregate, see Sources sheet for underlying Kaggle datasets",2026-08-13
MKT-00080,Cybersecurity,Unknown,Italy,Unknown,Unknown,Unknown,Unknown,Unknown,Unknown,Unknown,Unknown,2026,5,32914569.0,Derived from LaunchLens cleaned pool (descriptive count of startups in this dataset only - NOT an external market-size estimate),"N/A - internal aggregate, see Sources sheet for underlying Kaggle datasets",2026-08-13
MKT-00081,Cybersecurity,Unknown,Japan,Unknown,Unknown,Unknown,Unknown,Unknown,Unknown,Unknown,Unknown,2026,3,29598138.0,Derived from LaunchLens cleaned pool (descriptive count of startups in this dataset only - NOT an external market-size estimate),"N/A - internal aggregate, see Sources sheet for underlying Kaggle datasets",2026-08-13
MKT-00082,Cybersecurity,Unknown,Luxembourg,Unknown,Unknown,Unknown,Unknown,Unknown,Unknown,Unknown,Unknown,2026,4,455100460.0,Derived from LaunchLens cleaned pool (descriptive count of startups in this dataset only - NOT an external market-size estimate),"N/A - internal aggregate, see Sources sheet for underlying Kaggle datasets",2026-08-13
MKT-00083,Cybersecurity,Unknown,Malaysia,Unknown,Unknown,Unknown,Unknown,Unknown,Unknown,Unknown,Unknown,2026,3,197600000.0,Derived from LaunchLens cleaned pool (descriptive count of startups in this dataset only - NOT an external market-size estimate),"N/A - internal aggregate, see Sources sheet for underlying Kaggle datasets",2026-08-13
MKT-00084,Cybersecurity,Unknown,Netherlands,Unknown,Unknown,Unknown,Unknown,Unknown,Unknown,Unknown,Unknown,2026,10,47559979.53475667,Derived from LaunchLens cleaned pool (descriptive count of startups in this dataset only - NOT an external market-size estimate),"N/A - internal aggregate, see Sources sheet for underlying Kaggle datasets",2026-08-13
MKT-00085,Cybersecurity,Unknown,New Zealand,Unknown,Unknown,Unknown,Unknown,Unknown,Unknown,Unknown,Unknown,2026,4,4640000.0,Derived from LaunchLens cleaned pool (descriptive count of startups in this dataset only - NOT an external market-size estimate),"N/A - internal aggregate, see Sources sheet for underlying Kaggle datasets",2026-08-13
MKT-00086,Cybersecurity,Unknown,Norway,Unknown,Unknown,Unknown,Unknown,Unknown,Unknown,Unknown,Unknown,2026,3,16783293.0,Derived from LaunchLens cleaned pool (descriptive count of startups in this dataset only - NOT an external market-size estimate),"N/A - internal aggregate, see Sources sheet for underlying Kaggle datasets",2026-08-13
MKT-00087,Cybersecurity,Unknown,Russia,Unknown,Unknown,Unknown,Unknown,Unknown,Unknown,Unknown,Unknown,2026,8,5943000.0,Derived from LaunchLens cleaned pool (descriptive count of startups in this dataset only - NOT an external market-size estimate),"N/A - internal aggregate, see Sources sheet for underlying Kaggle datasets",2026-08-13
MKT-00088,Cybersecurity,Unknown,Singapore,Unknown,Unknown,Unknown,Unknown,Unknown,Unknown,Unknown,Unknown,2026,7,12479900.0,Derived from LaunchLens cleaned pool (descriptive count of startups in this dataset only - NOT an external market-size estimate),"N/A - internal aggregate, see Sources sheet for underlying Kaggle datasets",2026-08-13
MKT-00089,Cybersecurity,Unknown,Spain,Unknown,Unknown,Unknown,Unknown,Unknown,Unknown,Unknown,Unknown,2026,13,36547063.0,Derived from LaunchLens cleaned pool (descriptive count of startups in this dataset only - NOT an external market-size estimate),"N/A - internal aggregate, see Sources sheet for underlying Kaggle datasets",2026-08-13
MKT-00090,Cybersecurity,Unknown,Sweden,Unknown,Unknown,Unknown,Unknown,Unknown,Unknown,Unknown,Unknown,2026,16,70551841.0,Derived from LaunchLens cleaned pool (descriptive count of startups in this dataset only - NOT an external market-size estimate),"N/A - internal aggregate, see Sources sheet for underlying Kaggle datasets",2026-08-13
MKT-00091,Cybersecurity,Unknown,Switzerland,Unknown,Unknown,Unknown,Unknown,Unknown,Unknown,Unknown,Unknown,2026,14,73847838.6863147,Derived from LaunchLens cleaned pool (descriptive count of startups in this dataset only - NOT an external market-size estimate),"N/A - internal aggregate, see Sources sheet for underlying Kaggle datasets",2026-08-13
MKT-00092,Cybersecurity,Unknown,United Kingdom,Unknown,Unknown,Unknown,Unknown,Unknown,Unknown,Unknown,Unknown,2026,74,910703344.3331466,Derived from LaunchLens cleaned pool (descriptive count of startups in this dataset only - NOT an external market-size estimate),"N/A - internal aggregate, see Sources sheet for underlying Kaggle datasets",2026-08-13
MKT-00093,Cybersecurity,Unknown,United States,Unknown,Unknown,Unknown,Unknown,Unknown,Unknown,Unknown,Unknown,2026,916,18283954157.02952,Derived from LaunchLens cleaned pool (descriptive count of startups in this dataset only - NOT an external market-size estimate),"N/A - internal aggregate, see Sources sheet for underlying Kaggle datasets",2026-08-13
MKT-00094,DeepTech,Unknown,Australia,Unknown,Unknown,Unknown,Unknown,Unknown,Unknown,Unknown,Unknown,2026,5,15278369.0,Derived from LaunchLens cleaned pool (descriptive count of startups in this dataset only - NOT an external market-size estimate),"N/A - internal aggregate, see Sources sheet for underlying Kaggle datasets",2026-08-13
MKT-00095,DeepTech,Unknown,Austria,Unknown,Unknown,Unknown,Unknown,Unknown,Unknown,Unknown,Unknown,2026,7,169216234.0,Derived from LaunchLens cleaned pool (descriptive count of startups in this dataset only - NOT an external market-size estimate),"N/A - internal aggregate, see Sources sheet for underlying Kaggle datasets",2026-08-13
MKT-00096,DeepTech,Unknown,Belgium,Unknown,Unknown,Unknown,Unknown,Unknown,Unknown,Unknown,Unknown,2026,13,98316212.0,Derived from LaunchLens cleaned pool (descriptive count of startups in this dataset only - NOT an external market-size estimate),"N/A - internal aggregate, see Sources sheet for underlying Kaggle datasets",2026-08-13
MKT-00097,DeepTech,Unknown,Brazil,Unknown,Unknown,Unknown,Unknown,Unknown,Unknown,Unknown,Unknown,2026,7,138289510.0,Derived from LaunchLens cleaned pool (descriptive count of startups in this dataset only - NOT an external market-size estimate),"N/A - internal aggregate, see Sources sheet for underlying Kaggle datasets",2026-08-13
MKT-00098,DeepTech,Unknown,Canada,Unknown,Unknown,Unknown,Unknown,Unknown,Unknown,Unknown,Unknown,2026,92,1934330331.3809524,Derived from LaunchLens cleaned pool (descriptive count of startups in this dataset only - NOT an external market-size estimate),"N/A - internal aggregate, see Sources sheet for underlying Kaggle datasets",2026-08-13
MKT-00099,DeepTech,Unknown,China,Unknown,Unknown,Unknown,Unknown,Unknown,Unknown,Unknown,Unknown,2026,56,2095000140.0,Derived from LaunchLens cleaned pool (descriptive count of startups in this dataset only - NOT an external market-size estimate),"N/A - internal aggregate, see Sources sheet for underlying Kaggle datasets",2026-08-13
MKT-00100,DeepTech,Unknown,Denmark,Unknown,Unknown,Unknown,Unknown,Unknown,Unknown,Unknown,Unknown,2026,18,32817822.0,Derived from LaunchLens cleaned pool (descriptive count of startups in this dataset only - NOT an external market-size estimate),"N/A - internal aggregate, see Sources sheet for underlying Kaggle datasets",2026-08-13
MKT-00101,DeepTech,Unknown,Estonia,Unknown,Unknown,Unknown,Unknown,Unknown,Unknown,Unknown,Unknown,2026,5,12312336.0,Derived from LaunchLens cleaned pool (descriptive count of startups in this dataset only - NOT an external market-size estimate),"N/A - internal aggregate, see Sources sheet for underlying Kaggle datasets",2026-08-13
MKT-00102,DeepTech,Unknown,Finland,Unknown,Unknown,Unknown,Unknown,Unknown,Unknown,Unknown,Unknown,2026,13,94474155.9966335,Derived from LaunchLens cleaned pool (descriptive count of startups in this dataset only - NOT an external market-size estimate),"N/A - internal aggregate, see Sources sheet for underlying Kaggle datasets",2026-08-13
MKT-00103,DeepTech,Unknown,France,Unknown,Unknown,Unknown,Unknown,Unknown,Unknown,Unknown,Unknown,2026,58,533813428.2876668,Derived from LaunchLens cleaned pool (descriptive count of startups in this dataset only - NOT an external market-size estimate),"N/A - internal aggregate, see Sources sheet for underlying Kaggle datasets",2026-08-13
MKT-00104,DeepTech,Unknown,Germany,Unknown,Unknown,Unknown,Unknown,Unknown,Unknown,Unknown,Unknown,2026,47,348072511.7507277,Derived from LaunchLens cleaned pool (descriptive count of startups in this dataset only - NOT an external market-size estimate),"N/A - internal aggregate, see Sources sheet for underlying Kaggle datasets",2026-08-13
MKT-00105,DeepTech,Unknown,Hong Kong,Unknown,Unknown,Unknown,Unknown,Unknown,Unknown,Unknown,Unknown,2026,3,5076430.0,Derived from LaunchLens cleaned pool (descriptive count of startups in this dataset only - NOT an external market-size estimate),"N/A - internal aggregate, see Sources sheet for underlying Kaggle datasets",2026-08-13
MKT-00106,DeepTech,Unknown,Hungary,Unknown,Unknown,Unknown,Unknown,Unknown,Unknown,Unknown,Unknown,2026,3,11327500.0,Derived from LaunchLens cleaned pool (descriptive count of startups in this dataset only - NOT an external market-size estimate),"N/A - internal aggregate, see Sources sheet for underlying Kaggle datasets",2026-08-13
MKT-00107,DeepTech,Unknown,India,Unknown,Unknown,Unknown,Unknown,Unknown,Unknown,Unknown,Unknown,2026,23,282236909.0,Derived from LaunchLens cleaned pool (descriptive count of startups in this dataset only - NOT an external market-size estimate),"N/A - internal aggregate, see Sources sheet for underlying Kaggle datasets",2026-08-13
MKT-00108,DeepTech,Unknown,Ireland,Unknown,Unknown,Unknown,Unknown,Unknown,Unknown,Unknown,Unknown,2026,21,886465853.280006,Derived from LaunchLens cleaned pool (descriptive count of startups in this dataset only - NOT an external market-size estimate),"N/A - internal aggregate, see Sources sheet for underlying Kaggle datasets",2026-08-13
MKT-00109,DeepTech,Unknown,Israel,Unknown,Unknown,Unknown,Unknown,Unknown,Unknown,Unknown,Unknown,2026,59,1398757377.0,Derived from LaunchLens cleaned pool (descriptive count of startups in this dataset only - NOT an external market-size estimate),"N/A - internal aggregate, see Sources sheet for underlying Kaggle datasets",2026-08-13
MKT-00110,DeepTech,Unknown,Italy,Unknown,Unknown,Unknown,Unknown,Unknown,Unknown,Unknown,Unknown,2026,18,24165165.81690823,Derived from LaunchLens cleaned pool (descriptive count of startups in this dataset only - NOT an external market-size estimate),"N/A - internal aggregate, see Sources sheet for underlying Kaggle datasets",2026-08-13
MKT-00111,DeepTech,Unknown,Japan,Unknown,Unknown,Unknown,Unknown,Unknown,Unknown,Unknown,Unknown,2026,16,155347176.0,Derived from LaunchLens cleaned pool (descriptive count of startups in this dataset only - NOT an external market-size estimate),"N/A - internal aggregate, see Sources sheet for underlying Kaggle datasets",2026-08-13
MKT-00112,DeepTech,Unknown,Mexico,Unknown,Unknown,Unknown,Unknown,Unknown,Unknown,Unknown,Unknown,2026,3,959225.0,Derived from LaunchLens cleaned pool (descriptive count of startups in this dataset only - NOT an external market-size estimate),"N/A - internal aggregate, see Sources sheet for underlying Kaggle datasets",2026-08-13
MKT-00113,DeepTech,Unknown,Netherlands,Unknown,Unknown,Unknown,Unknown,Unknown,Unknown,Unknown,Unknown,2026,26,230479806.82661617,Derived from LaunchLens cleaned pool (descriptive count of startups in this dataset only - NOT an external market-size estimate),"N/A - internal aggregate, see Sources sheet for underlying Kaggle datasets",2026-08-13
MKT-00114,DeepTech,Unknown,Norway,Unknown,Unknown,Unknown,Unknown,Unknown,Unknown,Unknown,Unknown,2026,5,60015539.0,Derived from LaunchLens cleaned pool (descriptive count of startups in this dataset only - NOT an external market-size estimate),"N/A - internal aggregate, see Sources sheet for underlying Kaggle datasets",2026-08-13
MKT-00115,DeepTech,Unknown,Poland,Unknown,Unknown,Unknown,Unknown,Unknown,Unknown,Unknown,Unknown,2026,4,2140080.0,Derived from LaunchLens cleaned pool (descriptive count of startups in this dataset only - NOT an external market-size estimate),"N/A - internal aggregate, see Sources sheet for underlying Kaggle datasets",2026-08-13
MKT-00116,DeepTech,Unknown,Portugal,Unknown,Unknown,Unknown,Unknown,Unknown,Unknown,Unknown,Unknown,2026,6,41298000.0,Derived from LaunchLens cleaned pool (descriptive count of startups in this dataset only - NOT an external market-size estimate),"N/A - internal aggregate, see Sources sheet for underlying Kaggle datasets",2026-08-13
MKT-00117,DeepTech,Unknown,Russia,Unknown,Unknown,Unknown,Unknown,Unknown,Unknown,Unknown,Unknown,2026,12,110436000.0,Derived from LaunchLens cleaned pool (descriptive count of startups in this dataset only - NOT an external market-size estimate),"N/A - internal aggregate, see Sources sheet for underlying Kaggle datasets",2026-08-13
MKT-00118,DeepTech,Unknown,Singapore,Unknown,Unknown,Unknown,Unknown,Unknown,Unknown,Unknown,Unknown,2026,16,234612514.307644,Derived from LaunchLens cleaned pool (descriptive count of startups in this dataset only - NOT an external market-size estimate),"N/A - internal aggregate, see Sources sheet for underlying Kaggle datasets",2026-08-13
MKT-00119,DeepTech,Unknown,South Korea,Unknown,Unknown,Unknown,Unknown,Unknown,Unknown,Unknown,Unknown,2026,11,23544236.6863596,Derived from LaunchLens cleaned pool (descriptive count of startups in this dataset only - NOT an external market-size estimate),"N/A - internal aggregate, see Sources sheet for underlying Kaggle datasets",2026-08-13
MKT-00120,DeepTech,Unknown,Spain,Unknown,Unknown,Unknown,Unknown,Unknown,Unknown,Unknown,Unknown,2026,21,54993037.842753455,Derived from LaunchLens cleaned pool (descriptive count of startups in this dataset only - NOT an external market-size estimate),"N/A - internal aggregate, see Sources sheet for underlying Kaggle datasets",2026-08-13
MKT-00121,DeepTech,Unknown,Sweden,Unknown,Unknown,Unknown,Unknown,Unknown,Unknown,Unknown,Unknown,2026,25,324329204.0587586,Derived from LaunchLens cleaned pool (descriptive count of startups in this dataset only - NOT an external market-size estimate),"N/A - internal aggregate, see Sources sheet for underlying Kaggle datasets",2026-08-13
MKT-00122,DeepTech,Unknown,Switzerland,Unknown,Unknown,Unknown,Unknown,Unknown,Unknown,Unknown,Unknown,2026,18,237005153.0,Derived from LaunchLens cleaned pool (descriptive count of startups in this dataset only - NOT an external market-size estimate),"N/A - internal aggregate, see Sources sheet for underlying Kaggle datasets",2026-08-13
MKT-00123,DeepTech,Unknown,Taiwan,Unknown,Unknown,Unknown,Unknown,Unknown,Unknown,Unknown,Unknown,2026,5,161789493.0,Derived from LaunchLens cleaned pool (descriptive count of startups in this dataset only - NOT an external market-size estimate),"N/A - internal aggregate, see Sources sheet for underlying Kaggle datasets",2026-08-13
MKT-00124,DeepTech,Unknown,Turkey,Unknown,Unknown,Unknown,Unknown,Unknown,Unknown,Unknown,Unknown,2026,5,2740391.0,Derived from LaunchLens cleaned pool (descriptive count of startups in this dataset only - NOT an external market-size estimate),"N/A - internal aggregate, see Sources sheet for underlying Kaggle datasets",2026-08-13
MKT-00125,DeepTech,Unknown,United Kingdom,Unknown,Unknown,Unknown,Unknown,Unknown,Unknown,Unknown,Unknown,2026,137,1175277567.142352,Derived from LaunchLens cleaned pool (descriptive count of startups in this dataset only - NOT an external market-size estimate),"N/A - internal aggregate, see Sources sheet for underlying Kaggle datasets",2026-08-13
MKT-00126,DeepTech,Unknown,United States,Unknown,Unknown,Unknown,Unknown,Unknown,Unknown,Unknown,Unknown,2026,1501,47434357313.16423,Derived from LaunchLens cleaned pool (descriptive count of startups in this dataset only - NOT an external market-size estimate),"N/A - internal aggregate, see Sources sheet for underlying Kaggle datasets",2026-08-13
MKT-00127,E-commerce,Unknown,Argentina,Unknown,Unknown,Unknown,Unknown,Unknown,Unknown,Unknown,Unknown,2026,23,78475112.0,Derived from LaunchLens cleaned pool (descriptive count of startups in this dataset only - NOT an external market-size estimate),"N/A - internal aggregate, see Sources sheet for underlying Kaggle datasets",2026-08-13
MKT-00128,E-commerce,Unknown,Australia,Unknown,Unknown,Unknown,Unknown,Unknown,Unknown,Unknown,Unknown,2026,36,163370649.5125467,Derived from LaunchLens cleaned pool (descriptive count of startups in this dataset only - NOT an external market-size estimate),"N/A - internal aggregate, see Sources sheet for underlying Kaggle datasets",2026-08-13
MKT-00129,E-commerce,Unknown,Austria,Unknown,Unknown,Unknown,Unknown,Unknown,Unknown,Unknown,Unknown,2026,7,3402624.534667675,Derived from LaunchLens cleaned pool (descriptive count of startups in this dataset only - NOT an external market-size estimate),"N/A - internal aggregate, see Sources sheet for underlying Kaggle datasets",2026-08-13
MKT-00130,E-commerce,Unknown,Bangladesh,Unknown,Unknown,Unknown,Unknown,Unknown,Unknown,Unknown,Unknown,2026,3,463408.0,Derived from LaunchLens cleaned pool (descriptive count of startups in this dataset only - NOT an external market-size estimate),"N/A - internal aggregate, see Sources sheet for underlying Kaggle datasets",2026-08-13
MKT-00131,E-commerce,Unknown,Belgium,Unknown,Unknown,Unknown,Unknown,Unknown,Unknown,Unknown,Unknown,2026,10,25474967.9665234,Derived from LaunchLens cleaned pool (descriptive count of startups in this dataset only - NOT an external market-size estimate),"N/A - internal aggregate, see Sources sheet for underlying Kaggle datasets",2026-08-13
MKT-00132,E-commerce,Unknown,Brazil,Unknown,Unknown,Unknown,Unknown,Unknown,Unknown,Unknown,Unknown,2026,67,740074373.4282923,Derived from LaunchLens cleaned pool (descriptive count of startups in this dataset only - NOT an external market-size estimate),"N/A - internal aggregate, see Sources sheet for underlying Kaggle datasets",2026-08-13
MKT-00133,E-commerce,Unknown,Bulgaria,Unknown,Unknown,Unknown,Unknown,Unknown,Unknown,Unknown,Unknown,2026,7,883767.0,Derived from LaunchLens cleaned pool (descriptive count of startups in this dataset only - NOT an external market-size estimate),"N/A - internal aggregate, see Sources sheet for underlying Kaggle datasets",2026-08-13
MKT-00134,E-commerce,Unknown,Canada,Unknown,Unknown,Unknown,Unknown,Unknown,Unknown,Unknown,Unknown,2026,91,556730655.6090305,Derived from LaunchLens cleaned pool (descriptive count of startups in this dataset only - NOT an external market-size estimate),"N/A - internal aggregate, see Sources sheet for underlying Kaggle datasets",2026-08-13
MKT-00135,E-commerce,Unknown,Chile,Unknown,Unknown,Unknown,Unknown,Unknown,Unknown,Unknown,Unknown,2026,44,2566523.0,Derived from LaunchLens cleaned pool (descriptive count of startups in this dataset only - NOT an external market-size estimate),"N/A - internal aggregate, see Sources sheet for underlying Kaggle datasets",2026-08-13
MKT-00136,E-commerce,Unknown,China,Unknown,Unknown,Unknown,Unknown,Unknown,Unknown,Unknown,Unknown,2026,178,19766580710.0,Derived from LaunchLens cleaned pool (descriptive count of startups in this dataset only - NOT an external market-size estimate),"N/A - internal aggregate, see Sources sheet for underlying Kaggle datasets",2026-08-13
MKT-00137,E-commerce,Unknown,Colombia,Unknown,Unknown,Unknown,Unknown,Unknown,Unknown,Unknown,Unknown,2026,6,1169390.0,Derived from LaunchLens cleaned pool (descriptive count of startups in this dataset only - NOT an external market-size estimate),"N/A - internal aggregate, see Sources sheet for underlying Kaggle datasets",2026-08-13
MKT-00138,E-commerce,Unknown,Czech Republic,Unknown,Unknown,Unknown,Unknown,Unknown,Unknown,Unknown,Unknown,2026,5,98311100.0,Derived from LaunchLens cleaned pool (descriptive count of startups in this dataset only - NOT an external market-size estimate),"N/A - internal aggregate, see Sources sheet for underlying Kaggle datasets",2026-08-13
MKT-00139,E-commerce,Unknown,Denmark,Unknown,Unknown,Unknown,Unknown,Unknown,Unknown,Unknown,Unknown,2026,18,13071141.0,Derived from LaunchLens cleaned pool (descriptive count of startups in this dataset only - NOT an external market-size estimate),"N/A - internal aggregate, see Sources sheet for underlying Kaggle datasets",2026-08-13
MKT-00140,E-commerce,Unknown,Ecuador,Unknown,Unknown,Unknown,Unknown,Unknown,Unknown,Unknown,Unknown,2026,3,1351386.0,Derived from LaunchLens cleaned pool (descriptive count of startups in this dataset only - NOT an external market-size estimate),"N/A - internal aggregate, see Sources sheet for underlying Kaggle datasets",2026-08-13
MKT-00141,E-commerce,Unknown,Egypt,Unknown,Unknown,Unknown,Unknown,Unknown,Unknown,Unknown,Unknown,2026,7,214287000.0,Derived from LaunchLens cleaned pool (descriptive count of startups in this dataset only - NOT an external market-size estimate),"N/A - internal aggregate, see Sources sheet for underlying Kaggle datasets",2026-08-13
MKT-00142,E-commerce,Unknown,Estonia,Unknown,Unknown,Unknown,Unknown,Unknown,Unknown,Unknown,Unknown,2026,3,1289633.024259245,Derived from LaunchLens cleaned pool (descriptive count of startups in this dataset only - NOT an external market-size estimate),"N/A - internal aggregate, see Sources sheet for underlying Kaggle datasets",2026-08-13
MKT-00143,E-commerce,Unknown,Finland,Unknown,Unknown,Unknown,Unknown,Unknown,Unknown,Unknown,Unknown,2026,13,11420052.633894097,Derived from LaunchLens cleaned pool (descriptive count of startups in this dataset only - NOT an external market-size estimate),"N/A - internal aggregate, see Sources sheet for underlying Kaggle datasets",2026-08-13
MKT-00144,E-commerce,Unknown,France,Unknown,Unknown,Unknown,Unknown,Unknown,Unknown,Unknown,Unknown,2026,84,452683297.91725767,Derived from LaunchLens cleaned pool (descriptive count of startups in this dataset only - NOT an external market-size estimate),"N/A - internal aggregate, see Sources sheet for underlying Kaggle datasets",2026-08-13
MKT-00145,E-commerce,Unknown,Germany,Unknown,Unknown,Unknown,Unknown,Unknown,Unknown,Unknown,Unknown,2026,90,1094241047.3644238,Derived from LaunchLens cleaned pool (descriptive count of startups in this dataset only - NOT an external market-size estimate),"N/A - internal aggregate, see Sources sheet for underlying Kaggle datasets",2026-08-13
MKT-00146,E-commerce,Unknown,Greece,Unknown,Unknown,Unknown,Unknown,Unknown,Unknown,Unknown,Unknown,2026,3,996246.870427501,Derived from LaunchLens cleaned pool (descriptive count of startups in this dataset only - NOT an external market-size estimate),"N/A - internal aggregate, see Sources sheet for underlying Kaggle datasets",2026-08-13
MKT-00147,E-commerce,Unknown,Hong Kong,Unknown,Unknown,Unknown,Unknown,Unknown,Unknown,Unknown,Unknown,2026,13,22291250.0,Derived from LaunchLens cleaned pool (descriptive count of startups in this dataset only - NOT an external market-size estimate),"N/A - internal aggregate, see Sources sheet for underlying Kaggle datasets",2026-08-13
MKT-00148,E-commerce,Unknown,India,Unknown,Unknown,Unknown,Unknown,Unknown,Unknown,Unknown,Unknown,2026,192,7406559050.0,Derived from LaunchLens cleaned pool (descriptive count of startups in this dataset only - NOT an external market-size estimate),"N/A - internal aggregate, see Sources sheet for underlying Kaggle datasets",2026-08-13
MKT-00149,E-commerce,Unknown,Indonesia,Unknown,Unknown,Unknown,Unknown,Unknown,Unknown,Unknown,Unknown,2026,33,606511200.0,Derived from LaunchLens cleaned pool (descriptive count of startups in this dataset only - NOT an external market-size estimate),"N/A - internal aggregate, see Sources sheet for underlying Kaggle datasets",2026-08-13
MKT-00150,E-commerce,Unknown,Ireland,Unknown,Unknown,Unknown,Unknown,Unknown,Unknown,Unknown,Unknown,2026,14,39997907.090368286,Derived from LaunchLens cleaned pool (descriptive count of startups in this dataset only - NOT an external market-size estimate),"N/A - internal aggregate, see Sources sheet for underlying Kaggle datasets",2026-08-13
MKT-00151,E-commerce,Unknown,Israel,Unknown,Unknown,Unknown,Unknown,Unknown,Unknown,Unknown,Unknown,2026,37,243439770.5509126,Derived from LaunchLens cleaned pool (descriptive count of startups in this dataset only - NOT an external market-size estimate),"N/A - internal aggregate, see Sources sheet for underlying Kaggle datasets",2026-08-13
MKT-00152,E-commerce,Unknown,Italy,Unknown,Unknown,Unknown,Unknown,Unknown,Unknown,Unknown,Unknown,2026,32,32828232.0,Derived from LaunchLens cleaned pool (descriptive count of startups in this dataset only - NOT an external market-size estimate),"N/A - internal aggregate, see Sources sheet for underlying Kaggle datasets",2026-08-13
MKT-00153,E-commerce,Unknown,Japan,Unknown,Unknown,Unknown,Unknown,Unknown,Unknown,Unknown,Unknown,2026,35,557219310.3946954,Derived from LaunchLens cleaned pool (descriptive count of startups in this dataset only - NOT an external market-size estimate),"N/A - internal aggregate, see Sources sheet for underlying Kaggle datasets",2026-08-13
MKT-00154,E-commerce,Unknown,Jordan,Unknown,Unknown,Unknown,Unknown,Unknown,Unknown,Unknown,Unknown,2026,4,20077000.0,Derived from LaunchLens cleaned pool (descriptive count of startups in this dataset only - NOT an external market-size estimate),"N/A - internal aggregate, see Sources sheet for underlying Kaggle datasets",2026-08-13
MKT-00155,E-commerce,Unknown,Malaysia,Unknown,Unknown,Unknown,Unknown,Unknown,Unknown,Unknown,Unknown,2026,11,722444608.0,Derived from LaunchLens cleaned pool (descriptive count of startups in this dataset only - NOT an external market-size estimate),"N/A - internal aggregate, see Sources sheet for underlying Kaggle datasets",2026-08-13
MKT-00156,E-commerce,Unknown,Mexico,Unknown,Unknown,Unknown,Unknown,Unknown,Unknown,Unknown,Unknown,2026,22,560461436.0,Derived from LaunchLens cleaned pool (descriptive count of startups in this dataset only - NOT an external market-size estimate),"N/A - internal aggregate, see Sources sheet for underlying Kaggle datasets",2026-08-13
MKT-00157,E-commerce,Unknown,Netherlands,Unknown,Unknown,Unknown,Unknown,Unknown,Unknown,Unknown,Unknown,2026,28,159503855.61113897,Derived from LaunchLens cleaned pool (descriptive count of startups in this dataset only - NOT an external market-size estimate),"N/A - internal aggregate, see Sources sheet for underlying Kaggle datasets",2026-08-13
MKT-00158,E-commerce,Unknown,New Zealand,Unknown,Unknown,Unknown,Unknown,Unknown,Unknown,Unknown,Unknown,2026,3,42300000.0,Derived from LaunchLens cleaned pool (descriptive count of startups in this dataset only - NOT an external market-size estimate),"N/A - internal aggregate, see Sources sheet for underlying Kaggle datasets",2026-08-13
MKT-00159,E-commerce,Unknown,Nigeria,Unknown,Unknown,Unknown,Unknown,Unknown,Unknown,Unknown,Unknown,2026,10,78955000.0,Derived from LaunchLens cleaned pool (descriptive count of startups in this dataset only - NOT an external market-size estimate),"N/A - internal aggregate, see Sources sheet for underlying Kaggle datasets",2026-08-13
MKT-00160,E-commerce,Unknown,Norway,Unknown,Unknown,Unknown,Unknown,Unknown,Unknown,Unknown,Unknown,2026,3,1189753.0,Derived from LaunchLens cleaned pool (descriptive count of startups in this dataset only - NOT an external market-size estimate),"N/A - internal aggregate, see Sources sheet for underlying Kaggle datasets",2026-08-13
MKT-00161,E-commerce,Unknown,Pakistan,Unknown,Unknown,Unknown,Unknown,Unknown,Unknown,Unknown,Unknown,2026,4,55942000.0,Derived from LaunchLens cleaned pool (descriptive count of startups in this dataset only - NOT an external market-size estimate),"N/A - internal aggregate, see Sources sheet for underlying Kaggle datasets",2026-08-13
MKT-00162,E-commerce,Unknown,Peru,Unknown,Unknown,Unknown,Unknown,Unknown,Unknown,Unknown,Unknown,2026,9,5379035.0,Derived from LaunchLens cleaned pool (descriptive count of startups in this dataset only - NOT an external market-size estimate),"N/A - internal aggregate, see Sources sheet for underlying Kaggle datasets",2026-08-13
MKT-00163,E-commerce,Unknown,Philippines,Unknown,Unknown,Unknown,Unknown,Unknown,Unknown,Unknown,Unknown,2026,7,5600000.0,Derived from LaunchLens cleaned pool (descriptive count of startups in this dataset only - NOT an external market-size estimate),"N/A - internal aggregate, see Sources sheet for underlying Kaggle datasets",2026-08-13
MKT-00164,E-commerce,Unknown,Poland,Unknown,Unknown,Unknown,Unknown,Unknown,Unknown,Unknown,Unknown,2026,14,7936064.0,Derived from LaunchLens cleaned pool (descriptive count of startups in this dataset only - NOT an external market-size estimate),"N/A - internal aggregate, see Sources sheet for underlying Kaggle datasets",2026-08-13
MKT-00165,E-commerce,Unknown,Portugal,Unknown,Unknown,Unknown,Unknown,Unknown,Unknown,Unknown,Unknown,2026,6,3579804.20803575,Derived from LaunchLens cleaned pool (descriptive count of startups in this dataset only - NOT an external market-size estimate),"N/A - internal aggregate, see Sources sheet for underlying Kaggle datasets",2026-08-13
MKT-00166,E-commerce,Unknown,Russia,Unknown,Unknown,Unknown,Unknown,Unknown,Unknown,Unknown,Unknown,2026,65,1251013076.0,Derived from LaunchLens cleaned pool (descriptive count of startups in this dataset only - NOT an external market-size estimate),"N/A - internal aggregate, see Sources sheet for underlying Kaggle datasets",2026-08-13
MKT-00167,E-commerce,Unknown,Singapore,Unknown,Unknown,Unknown,Unknown,Unknown,Unknown,Unknown,Unknown,2026,40,540019756.0,Derived from LaunchLens cleaned pool (descriptive count of startups in this dataset only - NOT an external market-size estimate),"N/A - internal aggregate, see Sources sheet for underlying Kaggle datasets",2026-08-13
MKT-00168,E-commerce,Unknown,South Africa,Unknown,Unknown,Unknown,Unknown,Unknown,Unknown,Unknown,Unknown,2026,13,192785000.0,Derived from LaunchLens cleaned pool (descriptive count of startups in this dataset only - NOT an external market-size estimate),"N/A - internal aggregate, see Sources sheet for underlying Kaggle datasets",2026-08-13
MKT-00169,E-commerce,Unknown,South Korea,Unknown,Unknown,Unknown,Unknown,Unknown,Unknown,Unknown,Unknown,2026,19,1440875492.0,Derived from LaunchLens cleaned pool (descriptive count of startups in this dataset only - NOT an external market-size estimate),"N/A - internal aggregate, see Sources sheet for underlying Kaggle datasets",2026-08-13
MKT-00170,E-commerce,Unknown,Spain,Unknown,Unknown,Unknown,Unknown,Unknown,Unknown,Unknown,Unknown,2026,84,642285002.0166657,Derived from LaunchLens cleaned pool (descriptive count of startups in this dataset only - NOT an external market-size estimate),"N/A - internal aggregate, see Sources sheet for underlying Kaggle datasets",2026-08-13
MKT-00171,E-commerce,Unknown,Sweden,Unknown,Unknown,Unknown,Unknown,Unknown,Unknown,Unknown,Unknown,2026,27,157920854.80359262,Derived from LaunchLens cleaned pool (descriptive count of startups in this dataset only - NOT an external market-size estimate),"N/A - internal aggregate, see Sources sheet for underlying Kaggle datasets",2026-08-13
MKT-00172,E-commerce,Unknown,Switzerland,Unknown,Unknown,Unknown,Unknown,Unknown,Unknown,Unknown,Unknown,2026,16,26144882.0,Derived from LaunchLens cleaned pool (descriptive count of startups in this dataset only - NOT an external market-size estimate),"N/A - internal aggregate, see Sources sheet for underlying Kaggle datasets",2026-08-13
MKT-00173,E-commerce,Unknown,Thailand,Unknown,Unknown,Unknown,Unknown,Unknown,Unknown,Unknown,Unknown,2026,10,82453699.0,Derived from LaunchLens cleaned pool (descriptive count of startups in this dataset only - NOT an external market-size estimate),"N/A - internal aggregate, see Sources sheet for underlying Kaggle datasets",2026-08-13
MKT-00174,E-commerce,Unknown,Turkey,Unknown,Unknown,Unknown,Unknown,Unknown,Unknown,Unknown,Unknown,2026,43,113304821.0,Derived from LaunchLens cleaned pool (descriptive count of startups in this dataset only - NOT an external market-size estimate),"N/A - internal aggregate, see Sources sheet for underlying Kaggle datasets",2026-08-13
MKT-00175,E-commerce,Unknown,Ukraine,Unknown,Unknown,Unknown,Unknown,Unknown,Unknown,Unknown,Unknown,2026,8,7670000.0,Derived from LaunchLens cleaned pool (descriptive count of startups in this dataset only - NOT an external market-size estimate),"N/A - internal aggregate, see Sources sheet for underlying Kaggle datasets",2026-08-13
MKT-00176,E-commerce,Unknown,United Arab Emirates,Unknown,Unknown,Unknown,Unknown,Unknown,Unknown,Unknown,Unknown,2026,15,164255000.0,Derived from LaunchLens cleaned pool (descriptive count of startups in this dataset only - NOT an external market-size estimate),"N/A - internal aggregate, see Sources sheet for underlying Kaggle datasets",2026-08-13
MKT-00177,E-commerce,Unknown,United Kingdom,Unknown,Unknown,Unknown,Unknown,Unknown,Unknown,Unknown,Unknown,2026,230,1401722751.8052032,Derived from LaunchLens cleaned pool (descriptive count of startups in this dataset only - NOT an external market-size estimate),"N/A - internal aggregate, see Sources sheet for underlying Kaggle datasets",2026-08-13
MKT-00178,E-commerce,Unknown,United States,Unknown,Unknown,Unknown,Unknown,Unknown,Unknown,Unknown,Unknown,2026,1655,20953521815.857056,Derived from LaunchLens cleaned pool (descriptive count of startups in this dataset only - NOT an external market-size estimate),"N/A - internal aggregate, see Sources sheet for underlying Kaggle datasets",2026-08-13
MKT-00179,E-commerce,Unknown,Vietnam,Unknown,Unknown,Unknown,Unknown,Unknown,Unknown,Unknown,Unknown,2026,10,201500000.0,Derived from LaunchLens cleaned pool (descriptive count of startups in this dataset only - NOT an external market-size estimate),"N/A - internal aggregate, see Sources sheet for underlying Kaggle datasets",2026-08-13
MKT-00180,EdTech,Unknown,Argentina,Unknown,Unknown,Unknown,Unknown,Unknown,Unknown,Unknown,Unknown,2026,11,1484062.9752475251,Derived from LaunchLens cleaned pool (descriptive count of startups in this dataset only - NOT an external market-size estimate),"N/A - internal aggregate, see Sources sheet for underlying Kaggle datasets",2026-08-13
MKT-00181,EdTech,Unknown,Australia,Unknown,Unknown,Unknown,Unknown,Unknown,Unknown,Unknown,Unknown,2026,17,52394799.411350355,Derived from LaunchLens cleaned pool (descriptive count of startups in this dataset only - NOT an external market-size estimate),"N/A - internal aggregate, see Sources sheet for underlying Kaggle datasets",2026-08-13
MKT-00182,EdTech,Unknown,Austria,Unknown,Unknown,Unknown,Unknown,Unknown,Unknown,Unknown,Unknown,2026,3,30592016.634582,Derived from LaunchLens cleaned pool (descriptive count of startups in this dataset only - NOT an external market-size estimate),"N/A - internal aggregate, see Sources sheet for underlying Kaggle datasets",2026-08-13
MKT-00183,EdTech,Unknown,Belgium,Unknown,Unknown,Unknown,Unknown,Unknown,Unknown,Unknown,Unknown,2026,7,7817552.0,Derived from LaunchLens cleaned pool (descriptive count of startups in this dataset only - NOT an external market-size estimate),"N/A - internal aggregate, see Sources sheet for underlying Kaggle datasets",2026-08-13
MKT-00184,EdTech,Unknown,Brazil,Unknown,Unknown,Unknown,Unknown,Unknown,Unknown,Unknown,Unknown,2026,32,471821212.07197744,Derived from LaunchLens cleaned pool (descriptive count of startups in this dataset only - NOT an external market-size estimate),"N/A - internal aggregate, see Sources sheet for underlying Kaggle datasets",2026-08-13
MKT-00185,EdTech,Unknown,Bulgaria,Unknown,Unknown,Unknown,Unknown,Unknown,Unknown,Unknown,Unknown,2026,5,545750.070217271,Derived from LaunchLens cleaned pool (descriptive count of startups in this dataset only - NOT an external market-size estimate),"N/A - internal aggregate, see Sources sheet for underlying Kaggle datasets",2026-08-13
MKT-00186,EdTech,Unknown,Canada,Unknown,Unknown,Unknown,Unknown,Unknown,Unknown,Unknown,Unknown,2026,64,261084884.66361204,Derived from LaunchLens cleaned pool (descriptive count of startups in this dataset only - NOT an external market-size estimate),"N/A - internal aggregate, see Sources sheet for underlying Kaggle datasets",2026-08-13
MKT-00187,EdTech,Unknown,Chile,Unknown,Unknown,Unknown,Unknown,Unknown,Unknown,Unknown,Unknown,2026,21,2500149.0,Derived from LaunchLens cleaned pool (descriptive count of startups in this dataset only - NOT an external market-size estimate),"N/A - internal aggregate, see Sources sheet for underlying Kaggle datasets",2026-08-13
MKT-00188,EdTech,Unknown,China,Unknown,Unknown,Unknown,Unknown,Unknown,Unknown,Unknown,Unknown,2026,75,1575814106.0,Derived from LaunchLens cleaned pool (descriptive count of startups in this dataset only - NOT an external market-size estimate),"N/A - internal aggregate, see Sources sheet for underlying Kaggle datasets",2026-08-13
MKT-00189,EdTech,Unknown,Colombia,Unknown,Unknown,Unknown,Unknown,Unknown,Unknown,Unknown,Unknown,2026,6,3542782.0,Derived from LaunchLens cleaned pool (descriptive count of startups in this dataset only - NOT an external market-size estimate),"N/A - internal aggregate, see Sources sheet for underlying Kaggle datasets",2026-08-13
MKT-00190,EdTech,Unknown,Denmark,Unknown,Unknown,Unknown,Unknown,Unknown,Unknown,Unknown,Unknown,2026,6,6684344.809907341,Derived from LaunchLens cleaned pool (descriptive count of startups in this dataset only - NOT an external market-size estimate),"N/A - internal aggregate, see Sources sheet for underlying Kaggle datasets",2026-08-13
MKT-00191,EdTech,Unknown,Finland,Unknown,Unknown,Unknown,Unknown,Unknown,Unknown,Unknown,Unknown,2026,8,17224232.0,Derived from LaunchLens cleaned pool (descriptive count of startups in this dataset only - NOT an external market-size estimate),"N/A - internal aggregate, see Sources sheet for underlying Kaggle datasets",2026-08-13
MKT-00192,EdTech,Unknown,France,Unknown,Unknown,Unknown,Unknown,Unknown,Unknown,Unknown,Unknown,2026,24,35722340.59118585,Derived from LaunchLens cleaned pool (descriptive count of startups in this dataset only - NOT an external market-size estimate),"N/A - internal aggregate, see Sources sheet for underlying Kaggle datasets",2026-08-13
MKT-00193,EdTech,Unknown,Germany,Unknown,Unknown,Unknown,Unknown,Unknown,Unknown,Unknown,Unknown,2026,23,57244087.0,Derived from LaunchLens cleaned pool (descriptive count of startups in this dataset only - NOT an external market-size estimate),"N/A - internal aggregate, see Sources sheet for underlying Kaggle datasets",2026-08-13
MKT-00194,EdTech,Unknown,Hong Kong,Unknown,Unknown,Unknown,Unknown,Unknown,Unknown,Unknown,Unknown,2026,6,4352500.0,Derived from LaunchLens cleaned pool (descriptive count of startups in this dataset only - NOT an external market-size estimate),"N/A - internal aggregate, see Sources sheet for underlying Kaggle datasets",2026-08-13
MKT-00195,EdTech,Unknown,India,Unknown,Unknown,Unknown,Unknown,Unknown,Unknown,Unknown,Unknown,2026,112,359687782.0,Derived from LaunchLens cleaned pool (descriptive count of startups in this dataset only - NOT an external market-size estimate),"N/A - internal aggregate, see Sources sheet for underlying Kaggle datasets",2026-08-13
MKT-00196,EdTech,Unknown,Ireland,Unknown,Unknown,Unknown,Unknown,Unknown,Unknown,Unknown,Unknown,2026,16,120120391.40025714,Derived from LaunchLens cleaned pool (descriptive count of startups in this dataset only - NOT an external market-size estimate),"N/A - internal aggregate, see Sources sheet for underlying Kaggle datasets",2026-08-13
MKT-00197,EdTech,Unknown,Israel,Unknown,Unknown,Unknown,Unknown,Unknown,Unknown,Unknown,Unknown,2026,16,27765000.0,Derived from LaunchLens cleaned pool (descriptive count of startups in this dataset only - NOT an external market-size estimate),"N/A - internal aggregate, see Sources sheet for underlying Kaggle datasets",2026-08-13
MKT-00198,EdTech,Unknown,Italy,Unknown,Unknown,Unknown,Unknown,Unknown,Unknown,Unknown,Unknown,2026,17,20043318.0,Derived from LaunchLens cleaned pool (descriptive count of startups in this dataset only - NOT an external market-size estimate),"N/A - internal aggregate, see Sources sheet for underlying Kaggle datasets",2026-08-13
MKT-00199,EdTech,Unknown,Japan,Unknown,Unknown,Unknown,Unknown,Unknown,Unknown,Unknown,Unknown,2026,11,38597775.0,Derived from LaunchLens cleaned pool (descriptive count of startups in this dataset only - NOT an external market-size estimate),"N/A - internal aggregate, see Sources sheet for underlying Kaggle datasets",2026-08-13
MKT-00200,EdTech,Unknown,Mexico,Unknown,Unknown,Unknown,Unknown,Unknown,Unknown,Unknown,Unknown,2026,9,1563486.0,Derived from LaunchLens cleaned pool (descriptive count of startups in this dataset only - NOT an external market-size estimate),"N/A - internal aggregate, see Sources sheet for underlying Kaggle datasets",2026-08-13
MKT-00201,EdTech,Unknown,Netherlands,Unknown,Unknown,Unknown,Unknown,Unknown,Unknown,Unknown,Unknown,2026,21,15639554.44711655,Derived from LaunchLens cleaned pool (descriptive count of startups in this dataset only - NOT an external market-size estimate),"N/A - internal aggregate, see Sources sheet for underlying Kaggle datasets",2026-08-13
MKT-00202,EdTech,Unknown,New Zealand,Unknown,Unknown,Unknown,Unknown,Unknown,Unknown,Unknown,Unknown,2026,4,78924.0,Derived from LaunchLens cleaned pool (descriptive count of startups in this dataset only - NOT an external market-size estimate),"N/A - internal aggregate, see Sources sheet for underlying Kaggle datasets",2026-08-13
MKT-00203,EdTech,Unknown,Nigeria,Unknown,Unknown,Unknown,Unknown,Unknown,Unknown,Unknown,Unknown,2026,3,20000.0,Derived from LaunchLens cleaned pool (descriptive count of startups in this dataset only - NOT an external market-size estimate),"N/A - internal aggregate, see Sources sheet for underlying Kaggle datasets",2026-08-13
MKT-00204,EdTech,Unknown,Norway,Unknown,Unknown,Unknown,Unknown,Unknown,Unknown,Unknown,Unknown,2026,3,13567805.981402362,Derived from LaunchLens cleaned pool (descriptive count of startups in this dataset only - NOT an external market-size estimate),"N/A - internal aggregate, see Sources sheet for underlying Kaggle datasets",2026-08-13
MKT-00205,EdTech,Unknown,Pakistan,Unknown,Unknown,Unknown,Unknown,Unknown,Unknown,Unknown,Unknown,2026,3,175000.0,Derived from LaunchLens cleaned pool (descriptive count of startups in this dataset only - NOT an external market-size estimate),"N/A - internal aggregate, see Sources sheet for underlying Kaggle datasets",2026-08-13
MKT-00206,EdTech,Unknown,Peru,Unknown,Unknown,Unknown,Unknown,Unknown,Unknown,Unknown,Unknown,2026,4,465146.0,Derived from LaunchLens cleaned pool (descriptive count of startups in this dataset only - NOT an external market-size estimate),"N/A - internal aggregate, see Sources sheet for underlying Kaggle datasets",2026-08-13
MKT-00207,EdTech,Unknown,Philippines,Unknown,Unknown,Unknown,Unknown,Unknown,Unknown,Unknown,Unknown,2026,3,19500.0,Derived from LaunchLens cleaned pool (descriptive count of startups in this dataset only - NOT an external market-size estimate),"N/A - internal aggregate, see Sources sheet for underlying Kaggle datasets",2026-08-13
MKT-00208,EdTech,Unknown,Poland,Unknown,Unknown,Unknown,Unknown,Unknown,Unknown,Unknown,Unknown,2026,6,1212290.0,Derived from LaunchLens cleaned pool (descriptive count of startups in this dataset only - NOT an external market-size estimate),"N/A - internal aggregate, see Sources sheet for underlying Kaggle datasets",2026-08-13
MKT-00209,EdTech,Unknown,Portugal,Unknown,Unknown,Unknown,Unknown,Unknown,Unknown,Unknown,Unknown,2026,3,1571898.520199728,Derived from LaunchLens cleaned pool (descriptive count of startups in this dataset only - NOT an external market-size estimate),"N/A - internal aggregate, see Sources sheet for underlying Kaggle datasets",2026-08-13
MKT-00210,EdTech,Unknown,Romania (non-standard code),Unknown,Unknown,Unknown,Unknown,Unknown,Unknown,Unknown,Unknown,2026,3,866314.8983687349,Derived from LaunchLens cleaned pool (descriptive count of startups in this dataset only - NOT an external market-size estimate),"N/A - internal aggregate, see Sources sheet for underlying Kaggle datasets",2026-08-13
MKT-00211,EdTech,Unknown,Russia,Unknown,Unknown,Unknown,Unknown,Unknown,Unknown,Unknown,Unknown,2026,24,36336385.0,Derived from LaunchLens cleaned pool (descriptive count of startups in this dataset only - NOT an external market-size estimate),"N/A - internal aggregate, see Sources sheet for underlying Kaggle datasets",2026-08-13
MKT-00212,EdTech,Unknown,Singapore,Unknown,Unknown,Unknown,Unknown,Unknown,Unknown,Unknown,Unknown,2026,19,6077468.952550415,Derived from LaunchLens cleaned pool (descriptive count of startups in this dataset only - NOT an external market-size estimate),"N/A - internal aggregate, see Sources sheet for underlying Kaggle datasets",2026-08-13
MKT-00213,EdTech,Unknown,South Africa,Unknown,Unknown,Unknown,Unknown,Unknown,Unknown,Unknown,Unknown,2026,4,1672964.0,Derived from LaunchLens cleaned pool (descriptive count of startups in this dataset only - NOT an external market-size estimate),"N/A - internal aggregate, see Sources sheet for underlying Kaggle datasets",2026-08-13
MKT-00214,EdTech,Unknown,South Korea,Unknown,Unknown,Unknown,Unknown,Unknown,Unknown,Unknown,Unknown,2026,14,30207905.0,Derived from LaunchLens cleaned pool (descriptive count of startups in this dataset only - NOT an external market-size estimate),"N/A - internal aggregate, see Sources sheet for underlying Kaggle datasets",2026-08-13
MKT-00215,EdTech,Unknown,Spain,Unknown,Unknown,Unknown,Unknown,Unknown,Unknown,Unknown,Unknown,2026,28,120934834.79501875,Derived from LaunchLens cleaned pool (descriptive count of startups in this dataset only - NOT an external market-size estimate),"N/A - internal aggregate, see Sources sheet for underlying Kaggle datasets",2026-08-13
MKT-00216,EdTech,Unknown,Sweden,Unknown,Unknown,Unknown,Unknown,Unknown,Unknown,Unknown,Unknown,2026,7,12090000.0,Derived from LaunchLens cleaned pool (descriptive count of startups in this dataset only - NOT an external market-size estimate),"N/A - internal aggregate, see Sources sheet for underlying Kaggle datasets",2026-08-13
MKT-00217,EdTech,Unknown,Switzerland,Unknown,Unknown,Unknown,Unknown,Unknown,Unknown,Unknown,Unknown,2026,5,9280170.0,Derived from LaunchLens cleaned pool (descriptive count of startups in this dataset only - NOT an external market-size estimate),"N/A - internal aggregate, see Sources sheet for underlying Kaggle datasets",2026-08-13
MKT-00218,EdTech,Unknown,Taiwan,Unknown,Unknown,Unknown,Unknown,Unknown,Unknown,Unknown,Unknown,2026,3,7950000.0,Derived from LaunchLens cleaned pool (descriptive count of startups in this dataset only - NOT an external market-size estimate),"N/A - internal aggregate, see Sources sheet for underlying Kaggle datasets",2026-08-13
MKT-00219,EdTech,Unknown,Turkey,Unknown,Unknown,Unknown,Unknown,Unknown,Unknown,Unknown,Unknown,2026,4,2570000.0,Derived from LaunchLens cleaned pool (descriptive count of startups in this dataset only - NOT an external market-size estimate),"N/A - internal aggregate, see Sources sheet for underlying Kaggle datasets",2026-08-13
MKT-00220,EdTech,Unknown,United Kingdom,Unknown,Unknown,Unknown,Unknown,Unknown,Unknown,Unknown,Unknown,2026,122,1160065923.5242686,Derived from LaunchLens cleaned pool (descriptive count of startups in this dataset only - NOT an external market-size estimate),"N/A - internal aggregate, see Sources sheet for underlying Kaggle datasets",2026-08-13
MKT-00221,EdTech,Unknown,United States,Unknown,Unknown,Unknown,Unknown,Unknown,Unknown,Unknown,Unknown,2026,1232,13884277393.01382,Derived from LaunchLens cleaned pool (descriptive count of startups in this dataset only - NOT an external market-size estimate),"N/A - internal aggregate, see Sources sheet for underlying Kaggle datasets",2026-08-13
MKT-00222,EdTech,Unknown,Vietnam,Unknown,Unknown,Unknown,Unknown,Unknown,Unknown,Unknown,Unknown,2026,3,600000.0,Derived from LaunchLens cleaned pool (descriptive count of startups in this dataset only - NOT an external market-size estimate),"N/A - internal aggregate, see Sources sheet for underlying Kaggle datasets",2026-08-13
MKT-00223,FinTech,Unknown,Argentina,Unknown,Unknown,Unknown,Unknown,Unknown,Unknown,Unknown,Unknown,2026,18,50285763.0,Derived from LaunchLens cleaned pool (descriptive count of startups in this dataset only - NOT an external market-size estimate),"N/A - internal aggregate, see Sources sheet for underlying Kaggle datasets",2026-08-13
MKT-00224,FinTech,Unknown,Australia,Unknown,Unknown,Unknown,Unknown,Unknown,Unknown,Unknown,Unknown,2026,39,766166831.8828684,Derived from LaunchLens cleaned pool (descriptive count of startups in this dataset only - NOT an external market-size estimate),"N/A - internal aggregate, see Sources sheet for underlying Kaggle datasets",2026-08-13
MKT-00225,FinTech,Unknown,Austria,Unknown,Unknown,Unknown,Unknown,Unknown,Unknown,Unknown,Unknown,2026,3,8168043.0,Derived from LaunchLens cleaned pool (descriptive count of startups in this dataset only - NOT an external market-size estimate),"N/A - internal aggregate, see Sources sheet for underlying Kaggle datasets",2026-08-13
MKT-00226,FinTech,Unknown,Belgium,Unknown,Unknown,Unknown,Unknown,Unknown,Unknown,Unknown,Unknown,2026,13,146545544.0,Derived from LaunchLens cleaned pool (descriptive count of startups in this dataset only - NOT an external market-size estimate),"N/A - internal aggregate, see Sources sheet for underlying Kaggle datasets",2026-08-13
MKT-00227,FinTech,Unknown,Bermuda,Unknown,Unknown,Unknown,Unknown,Unknown,Unknown,Unknown,Unknown,2026,3,752766000.0,Derived from LaunchLens cleaned pool (descriptive count of startups in this dataset only - NOT an external market-size estimate),"N/A - internal aggregate, see Sources sheet for underlying Kaggle datasets",2026-08-13
MKT-00228,FinTech,Unknown,Brazil,Unknown,Unknown,Unknown,Unknown,Unknown,Unknown,Unknown,Unknown,2026,31,183504657.0,Derived from LaunchLens cleaned pool (descriptive count of startups in this dataset only - NOT an external market-size estimate),"N/A - internal aggregate, see Sources sheet for underlying Kaggle datasets",2026-08-13
MKT-00229,FinTech,Unknown,Bulgaria,Unknown,Unknown,Unknown,Unknown,Unknown,Unknown,Unknown,Unknown,2026,3,350000.0,Derived from LaunchLens cleaned pool (descriptive count of startups in this dataset only - NOT an external market-size estimate),"N/A - internal aggregate, see Sources sheet for underlying Kaggle datasets",2026-08-13
MKT-00230,FinTech,Unknown,Canada,Unknown,Unknown,Unknown,Unknown,Unknown,Unknown,Unknown,Unknown,2026,100,1174602159.8729734,Derived from LaunchLens cleaned pool (descriptive count of startups in this dataset only - NOT an external market-size estimate),"N/A - internal aggregate, see Sources sheet for underlying Kaggle datasets",2026-08-13
MKT-00231,FinTech,Unknown,Cayman Islands,Unknown,Unknown,Unknown,Unknown,Unknown,Unknown,Unknown,Unknown,2026,4,13357832.0,Derived from LaunchLens cleaned pool (descriptive count of startups in this dataset only - NOT an external market-size estimate),"N/A - internal aggregate, see Sources sheet for underlying Kaggle datasets",2026-08-13
MKT-00232,FinTech,Unknown,Chile,Unknown,Unknown,Unknown,Unknown,Unknown,Unknown,Unknown,Unknown,2026,18,21060393.0,Derived from LaunchLens cleaned pool (descriptive count of startups in this dataset only - NOT an external market-size estimate),"N/A - internal aggregate, see Sources sheet for underlying Kaggle datasets",2026-08-13
MKT-00233,FinTech,Unknown,China,Unknown,Unknown,Unknown,Unknown,Unknown,Unknown,Unknown,Unknown,2026,70,7941406215.0,Derived from LaunchLens cleaned pool (descriptive count of startups in this dataset only - NOT an external market-size estimate),"N/A - internal aggregate, see Sources sheet for underlying Kaggle datasets",2026-08-13
MKT-00234,FinTech,Unknown,Colombia,Unknown,Unknown,Unknown,Unknown,Unknown,Unknown,Unknown,Unknown,2026,3,34500000.0,Derived from LaunchLens cleaned pool (descriptive count of startups in this dataset only - NOT an external market-size estimate),"N/A - internal aggregate, see Sources sheet for underlying Kaggle datasets",2026-08-13
MKT-00235,FinTech,Unknown,Czech Republic,Unknown,Unknown,Unknown,Unknown,Unknown,Unknown,Unknown,Unknown,2026,3,122738.0,Derived from LaunchLens cleaned pool (descriptive count of startups in this dataset only - NOT an external market-size estimate),"N/A - internal aggregate, see Sources sheet for underlying Kaggle datasets",2026-08-13
MKT-00236,FinTech,Unknown,Denmark,Unknown,Unknown,Unknown,Unknown,Unknown,Unknown,Unknown,Unknown,2026,17,183077634.0,Derived from LaunchLens cleaned pool (descriptive count of startups in this dataset only - NOT an external market-size estimate),"N/A - internal aggregate, see Sources sheet for underlying Kaggle datasets",2026-08-13
MKT-00237,FinTech,Unknown,Estonia,Unknown,Unknown,Unknown,Unknown,Unknown,Unknown,Unknown,Unknown,2026,7,19419590.0,Derived from LaunchLens cleaned pool (descriptive count of startups in this dataset only - NOT an external market-size estimate),"N/A - internal aggregate, see Sources sheet for underlying Kaggle datasets",2026-08-13
MKT-00238,FinTech,Unknown,Finland,Unknown,Unknown,Unknown,Unknown,Unknown,Unknown,Unknown,Unknown,2026,9,18902045.957101308,Derived from LaunchLens cleaned pool (descriptive count of startups in this dataset only - NOT an external market-size estimate),"N/A - internal aggregate, see Sources sheet for underlying Kaggle datasets",2026-08-13
MKT-00239,FinTech,Unknown,France,Unknown,Unknown,Unknown,Unknown,Unknown,Unknown,Unknown,Unknown,2026,50,197957639.0158938,Derived from LaunchLens cleaned pool (descriptive count of startups in this dataset only - NOT an external market-size estimate),"N/A - internal aggregate, see Sources sheet for underlying Kaggle datasets",2026-08-13
MKT-00240,FinTech,Unknown,Germany,Unknown,Unknown,Unknown,Unknown,Unknown,Unknown,Unknown,Unknown,2026,65,888649935.6359506,Derived from LaunchLens cleaned pool (descriptive count of startups in this dataset only - NOT an external market-size estimate),"N/A - internal aggregate, see Sources sheet for underlying Kaggle datasets",2026-08-13
MKT-00241,FinTech,Unknown,Greece,Unknown,Unknown,Unknown,Unknown,Unknown,Unknown,Unknown,Unknown,2026,4,6469268.536573649,Derived from LaunchLens cleaned pool (descriptive count of startups in this dataset only - NOT an external market-size estimate),"N/A - internal aggregate, see Sources sheet for underlying Kaggle datasets",2026-08-13
MKT-00242,FinTech,Unknown,Hong Kong,Unknown,Unknown,Unknown,Unknown,Unknown,Unknown,Unknown,Unknown,2026,24,165518350.0,Derived from LaunchLens cleaned pool (descriptive count of startups in this dataset only - NOT an external market-size estimate),"N/A - internal aggregate, see Sources sheet for underlying Kaggle datasets",2026-08-13
MKT-00243,FinTech,Unknown,Hungary,Unknown,Unknown,Unknown,Unknown,Unknown,Unknown,Unknown,Unknown,2026,4,3499661.152082918,Derived from LaunchLens cleaned pool (descriptive count of startups in this dataset only - NOT an external market-size estimate),"N/A - internal aggregate, see Sources sheet for underlying Kaggle datasets",2026-08-13
MKT-00244,FinTech,Unknown,India,Unknown,Unknown,Unknown,Unknown,Unknown,Unknown,Unknown,Unknown,2026,108,1364152219.0,Derived from LaunchLens cleaned pool (descriptive count of startups in this dataset only - NOT an external market-size estimate),"N/A - internal aggregate, see Sources sheet for underlying Kaggle datasets",2026-08-13
MKT-00245,FinTech,Unknown,Indonesia,Unknown,Unknown,Unknown,Unknown,Unknown,Unknown,Unknown,Unknown,2026,6,6447285.0,Derived from LaunchLens cleaned pool (descriptive count of startups in this dataset only - NOT an external market-size estimate),"N/A - internal aggregate, see Sources sheet for underlying Kaggle datasets",2026-08-13
MKT-00246,FinTech,Unknown,Ireland,Unknown,Unknown,Unknown,Unknown,Unknown,Unknown,Unknown,Unknown,2026,26,245991040.6114209,Derived from LaunchLens cleaned pool (descriptive count of startups in this dataset only - NOT an external market-size estimate),"N/A - internal aggregate, see Sources sheet for underlying Kaggle datasets",2026-08-13
MKT-00247,FinTech,Unknown,Israel,Unknown,Unknown,Unknown,Unknown,Unknown,Unknown,Unknown,Unknown,2026,30,164441249.0,Derived from LaunchLens cleaned pool (descriptive count of startups in this dataset only - NOT an external market-size estimate),"N/A - internal aggregate, see Sources sheet for underlying Kaggle datasets",2026-08-13
MKT-00248,FinTech,Unknown,Italy,Unknown,Unknown,Unknown,Unknown,Unknown,Unknown,Unknown,Unknown,2026,24,142110083.0481549,Derived from LaunchLens cleaned pool (descriptive count of startups in this dataset only - NOT an external market-size estimate),"N/A - internal aggregate, see Sources sheet for underlying Kaggle datasets",2026-08-13
MKT-00249,FinTech,Unknown,Japan,Unknown,Unknown,Unknown,Unknown,Unknown,Unknown,Unknown,Unknown,2026,21,376670623.0,Derived from LaunchLens cleaned pool (descriptive count of startups in this dataset only - NOT an external market-size estimate),"N/A - internal aggregate, see Sources sheet for underlying Kaggle datasets",2026-08-13
MKT-00250,FinTech,Unknown,Kenya,Unknown,Unknown,Unknown,Unknown,Unknown,Unknown,Unknown,Unknown,2026,4,51700000.0,Derived from LaunchLens cleaned pool (descriptive count of startups in this dataset only - NOT an external market-size estimate),"N/A - internal aggregate, see Sources sheet for underlying Kaggle datasets",2026-08-13
MKT-00251,FinTech,Unknown,Latvia,Unknown,Unknown,Unknown,Unknown,Unknown,Unknown,Unknown,Unknown,2026,3,7662377.89540388,Derived from LaunchLens cleaned pool (descriptive count of startups in this dataset only - NOT an external market-size estimate),"N/A - internal aggregate, see Sources sheet for underlying Kaggle datasets",2026-08-13
MKT-00252,FinTech,Unknown,Lebanon,Unknown,Unknown,Unknown,Unknown,Unknown,Unknown,Unknown,Unknown,2026,6,1506500.0,Derived from LaunchLens cleaned pool (descriptive count of startups in this dataset only - NOT an external market-size estimate),"N/A - internal aggregate, see Sources sheet for underlying Kaggle datasets",2026-08-13
MKT-00253,FinTech,Unknown,Lithuania,Unknown,Unknown,Unknown,Unknown,Unknown,Unknown,Unknown,Unknown,2026,4,666049.0,Derived from LaunchLens cleaned pool (descriptive count of startups in this dataset only - NOT an external market-size estimate),"N/A - internal aggregate, see Sources sheet for underlying Kaggle datasets",2026-08-13
MKT-00254,FinTech,Unknown,Luxembourg,Unknown,Unknown,Unknown,Unknown,Unknown,Unknown,Unknown,Unknown,2026,8,19463582.0,Derived from LaunchLens cleaned pool (descriptive count of startups in this dataset only - NOT an external market-size estimate),"N/A - internal aggregate, see Sources sheet for underlying Kaggle datasets",2026-08-13
MKT-00255,FinTech,Unknown,Mexico,Unknown,Unknown,Unknown,Unknown,Unknown,Unknown,Unknown,Unknown,2026,21,29288243.07228916,Derived from LaunchLens cleaned pool (descriptive count of startups in this dataset only - NOT an external market-size estimate),"N/A - internal aggregate, see Sources sheet for underlying Kaggle datasets",2026-08-13
MKT-00256,FinTech,Unknown,Netherlands,Unknown,Unknown,Unknown,Unknown,Unknown,Unknown,Unknown,Unknown,2026,32,416978659.61484313,Derived from LaunchLens cleaned pool (descriptive count of startups in this dataset only - NOT an external market-size estimate),"N/A - internal aggregate, see Sources sheet for underlying Kaggle datasets",2026-08-13
MKT-00257,FinTech,Unknown,New Zealand,Unknown,Unknown,Unknown,Unknown,Unknown,Unknown,Unknown,Unknown,2026,11,578790578.0,Derived from LaunchLens cleaned pool (descriptive count of startups in this dataset only - NOT an external market-size estimate),"N/A - internal aggregate, see Sources sheet for underlying Kaggle datasets",2026-08-13
MKT-00258,FinTech,Unknown,Nigeria,Unknown,Unknown,Unknown,Unknown,Unknown,Unknown,Unknown,Unknown,2026,7,177382266.0,Derived from LaunchLens cleaned pool (descriptive count of startups in this dataset only - NOT an external market-size estimate),"N/A - internal aggregate, see Sources sheet for underlying Kaggle datasets",2026-08-13
MKT-00259,FinTech,Unknown,Norway,Unknown,Unknown,Unknown,Unknown,Unknown,Unknown,Unknown,Unknown,2026,5,20686206.0,Derived from LaunchLens cleaned pool (descriptive count of startups in this dataset only - NOT an external market-size estimate),"N/A - internal aggregate, see Sources sheet for underlying Kaggle datasets",2026-08-13
MKT-00260,FinTech,Unknown,Philippines,Unknown,Unknown,Unknown,Unknown,Unknown,Unknown,Unknown,Unknown,2026,10,163130000.0,Derived from LaunchLens cleaned pool (descriptive count of startups in this dataset only - NOT an external market-size estimate),"N/A - internal aggregate, see Sources sheet for underlying Kaggle datasets",2026-08-13
MKT-00261,FinTech,Unknown,Poland,Unknown,Unknown,Unknown,Unknown,Unknown,Unknown,Unknown,Unknown,2026,8,17792791.900627468,Derived from LaunchLens cleaned pool (descriptive count of startups in this dataset only - NOT an external market-size estimate),"N/A - internal aggregate, see Sources sheet for underlying Kaggle datasets",2026-08-13
MKT-00262,FinTech,Unknown,Portugal,Unknown,Unknown,Unknown,Unknown,Unknown,Unknown,Unknown,Unknown,2026,4,562615.0,Derived from LaunchLens cleaned pool (descriptive count of startups in this dataset only - NOT an external market-size estimate),"N/A - internal aggregate, see Sources sheet for underlying Kaggle datasets",2026-08-13
MKT-00263,FinTech,Unknown,Russia,Unknown,Unknown,Unknown,Unknown,Unknown,Unknown,Unknown,Unknown,2026,33,6084695958.0,Derived from LaunchLens cleaned pool (descriptive count of startups in this dataset only - NOT an external market-size estimate),"N/A - internal aggregate, see Sources sheet for underlying Kaggle datasets",2026-08-13
MKT-00264,FinTech,Unknown,Singapore,Unknown,Unknown,Unknown,Unknown,Unknown,Unknown,Unknown,Unknown,2026,46,125797318.64158884,Derived from LaunchLens cleaned pool (descriptive count of startups in this dataset only - NOT an external market-size estimate),"N/A - internal aggregate, see Sources sheet for underlying Kaggle datasets",2026-08-13
MKT-00265,FinTech,Unknown,South Africa,Unknown,Unknown,Unknown,Unknown,Unknown,Unknown,Unknown,Unknown,2026,8,40717983.0,Derived from LaunchLens cleaned pool (descriptive count of startups in this dataset only - NOT an external market-size estimate),"N/A - internal aggregate, see Sources sheet for underlying Kaggle datasets",2026-08-13
MKT-00266,FinTech,Unknown,South Korea,Unknown,Unknown,Unknown,Unknown,Unknown,Unknown,Unknown,Unknown,2026,12,34057056.0,Derived from LaunchLens cleaned pool (descriptive count of startups in this dataset only - NOT an external market-size estimate),"N/A - internal aggregate, see Sources sheet for underlying Kaggle datasets",2026-08-13
MKT-00267,FinTech,Unknown,Spain,Unknown,Unknown,Unknown,Unknown,Unknown,Unknown,Unknown,Unknown,2026,30,120439823.69090466,Derived from LaunchLens cleaned pool (descriptive count of startups in this dataset only - NOT an external market-size estimate),"N/A - internal aggregate, see Sources sheet for underlying Kaggle datasets",2026-08-13
MKT-00268,FinTech,Unknown,Sweden,Unknown,Unknown,Unknown,Unknown,Unknown,Unknown,Unknown,Unknown,2026,16,332496877.442339,Derived from LaunchLens cleaned pool (descriptive count of startups in this dataset only - NOT an external market-size estimate),"N/A - internal aggregate, see Sources sheet for underlying Kaggle datasets",2026-08-13
MKT-00269,FinTech,Unknown,Switzerland,Unknown,Unknown,Unknown,Unknown,Unknown,Unknown,Unknown,Unknown,2026,22,100497428.4471931,Derived from LaunchLens cleaned pool (descriptive count of startups in this dataset only - NOT an external market-size estimate),"N/A - internal aggregate, see Sources sheet for underlying Kaggle datasets",2026-08-13
MKT-00270,FinTech,Unknown,Thailand,Unknown,Unknown,Unknown,Unknown,Unknown,Unknown,Unknown,Unknown,2026,4,16270000.0,Derived from LaunchLens cleaned pool (descriptive count of startups in this dataset only - NOT an external market-size estimate),"N/A - internal aggregate, see Sources sheet for underlying Kaggle datasets",2026-08-13
MKT-00271,FinTech,Unknown,Turkey,Unknown,Unknown,Unknown,Unknown,Unknown,Unknown,Unknown,Unknown,2026,7,7639450.0,Derived from LaunchLens cleaned pool (descriptive count of startups in this dataset only - NOT an external market-size estimate),"N/A - internal aggregate, see Sources sheet for underlying Kaggle datasets",2026-08-13
MKT-00272,FinTech,Unknown,Ukraine,Unknown,Unknown,Unknown,Unknown,Unknown,Unknown,Unknown,Unknown,2026,7,4060000.0,Derived from LaunchLens cleaned pool (descriptive count of startups in this dataset only - NOT an external market-size estimate),"N/A - internal aggregate, see Sources sheet for underlying Kaggle datasets",2026-08-13
MKT-00273,FinTech,Unknown,United Arab Emirates,Unknown,Unknown,Unknown,Unknown,Unknown,Unknown,Unknown,Unknown,2026,6,5178999.0,Derived from LaunchLens cleaned pool (descriptive count of startups in this dataset only - NOT an external market-size estimate),"N/A - internal aggregate, see Sources sheet for underlying Kaggle datasets",2026-08-13
MKT-00274,FinTech,Unknown,United Kingdom,Unknown,Unknown,Unknown,Unknown,Unknown,Unknown,Unknown,Unknown,2026,239,3082725900.2045527,Derived from LaunchLens cleaned pool (descriptive count of startups in this dataset only - NOT an external market-size estimate),"N/A - internal aggregate, see Sources sheet for underlying Kaggle datasets",2026-08-13
MKT-00275,FinTech,Unknown,United States,Unknown,Unknown,Unknown,Unknown,Unknown,Unknown,Unknown,Unknown,2026,1904,37326593230.23899,Derived from LaunchLens cleaned pool (descriptive count of startups in this dataset only - NOT an external market-size estimate),"N/A - internal aggregate, see Sources sheet for underlying Kaggle datasets",2026-08-13
MKT-00276,FinTech,Unknown,Vietnam,Unknown,Unknown,Unknown,Unknown,Unknown,Unknown,Unknown,Unknown,2026,4,91000000.0,Derived from LaunchLens cleaned pool (descriptive count of startups in this dataset only - NOT an external market-size estimate),"N/A - internal aggregate, see Sources sheet for underlying Kaggle datasets",2026-08-13
MKT-00277,FoodTech,Unknown,Argentina,Unknown,Unknown,Unknown,Unknown,Unknown,Unknown,Unknown,Unknown,2026,4,1279213.0,Derived from LaunchLens cleaned pool (descriptive count of startups in this dataset only - NOT an external market-size estimate),"N/A - internal aggregate, see Sources sheet for underlying Kaggle datasets",2026-08-13
MKT-00278,FoodTech,Unknown,Brazil,Unknown,Unknown,Unknown,Unknown,Unknown,Unknown,Unknown,Unknown,2026,8,63208644.0,Derived from LaunchLens cleaned pool (descriptive count of startups in this dataset only - NOT an external market-size estimate),"N/A - internal aggregate, see Sources sheet for underlying Kaggle datasets",2026-08-13
MKT-00279,FoodTech,Unknown,Canada,Unknown,Unknown,Unknown,Unknown,Unknown,Unknown,Unknown,Unknown,2026,16,24825695.0,Derived from LaunchLens cleaned pool (descriptive count of startups in this dataset only - NOT an external market-size estimate),"N/A - internal aggregate, see Sources sheet for underlying Kaggle datasets",2026-08-13
MKT-00280,FoodTech,Unknown,China,Unknown,Unknown,Unknown,Unknown,Unknown,Unknown,Unknown,Unknown,2026,7,121150000.0,Derived from LaunchLens cleaned pool (descriptive count of startups in this dataset only - NOT an external market-size estimate),"N/A - internal aggregate, see Sources sheet for underlying Kaggle datasets",2026-08-13
MKT-00281,FoodTech,Unknown,France,Unknown,Unknown,Unknown,Unknown,Unknown,Unknown,Unknown,Unknown,2026,8,17019138.8991108,Derived from LaunchLens cleaned pool (descriptive count of startups in this dataset only - NOT an external market-size estimate),"N/A - internal aggregate, see Sources sheet for underlying Kaggle datasets",2026-08-13
MKT-00282,FoodTech,Unknown,Germany,Unknown,Unknown,Unknown,Unknown,Unknown,Unknown,Unknown,Unknown,2026,8,283823570.0,Derived from LaunchLens cleaned pool (descriptive count of startups in this dataset only - NOT an external market-size estimate),"N/A - internal aggregate, see Sources sheet for underlying Kaggle datasets",2026-08-13
MKT-00283,FoodTech,Unknown,India,Unknown,Unknown,Unknown,Unknown,Unknown,Unknown,Unknown,Unknown,2026,50,521662100.0,Derived from LaunchLens cleaned pool (descriptive count of startups in this dataset only - NOT an external market-size estimate),"N/A - internal aggregate, see Sources sheet for underlying Kaggle datasets",2026-08-13
MKT-00284,FoodTech,Unknown,Indonesia,Unknown,Unknown,Unknown,Unknown,Unknown,Unknown,Unknown,Unknown,2026,3,12050000.0,Derived from LaunchLens cleaned pool (descriptive count of startups in this dataset only - NOT an external market-size estimate),"N/A - internal aggregate, see Sources sheet for underlying Kaggle datasets",2026-08-13
MKT-00285,FoodTech,Unknown,Italy,Unknown,Unknown,Unknown,Unknown,Unknown,Unknown,Unknown,Unknown,2026,10,3433216.807019099,Derived from LaunchLens cleaned pool (descriptive count of startups in this dataset only - NOT an external market-size estimate),"N/A - internal aggregate, see Sources sheet for underlying Kaggle datasets",2026-08-13
MKT-00286,FoodTech,Unknown,Japan,Unknown,Unknown,Unknown,Unknown,Unknown,Unknown,Unknown,Unknown,2026,3,4400000.0,Derived from LaunchLens cleaned pool (descriptive count of startups in this dataset only - NOT an external market-size estimate),"N/A - internal aggregate, see Sources sheet for underlying Kaggle datasets",2026-08-13
MKT-00287,FoodTech,Unknown,Netherlands,Unknown,Unknown,Unknown,Unknown,Unknown,Unknown,Unknown,Unknown,2026,3,879500.0,Derived from LaunchLens cleaned pool (descriptive count of startups in this dataset only - NOT an external market-size estimate),"N/A - internal aggregate, see Sources sheet for underlying Kaggle datasets",2026-08-13
MKT-00288,FoodTech,Unknown,New Zealand,Unknown,Unknown,Unknown,Unknown,Unknown,Unknown,Unknown,Unknown,2026,3,14981169.0,Derived from LaunchLens cleaned pool (descriptive count of startups in this dataset only - NOT an external market-size estimate),"N/A - internal aggregate, see Sources sheet for underlying Kaggle datasets",2026-08-13
MKT-00289,FoodTech,Unknown,Philippines,Unknown,Unknown,Unknown,Unknown,Unknown,Unknown,Unknown,Unknown,2026,3,2001000.0,Derived from LaunchLens cleaned pool (descriptive count of startups in this dataset only - NOT an external market-size estimate),"N/A - internal aggregate, see Sources sheet for underlying Kaggle datasets",2026-08-13
MKT-00290,FoodTech,Unknown,Singapore,Unknown,Unknown,Unknown,Unknown,Unknown,Unknown,Unknown,Unknown,2026,3,15736668.0,Derived from LaunchLens cleaned pool (descriptive count of startups in this dataset only - NOT an external market-size estimate),"N/A - internal aggregate, see Sources sheet for underlying Kaggle datasets",2026-08-13
MKT-00291,FoodTech,Unknown,Spain,Unknown,Unknown,Unknown,Unknown,Unknown,Unknown,Unknown,Unknown,2026,9,20914424.0,Derived from LaunchLens cleaned pool (descriptive count of startups in this dataset only - NOT an external market-size estimate),"N/A - internal aggregate, see Sources sheet for underlying Kaggle datasets",2026-08-13
MKT-00292,FoodTech,Unknown,Switzerland,Unknown,Unknown,Unknown,Unknown,Unknown,Unknown,Unknown,Unknown,2026,3,443011080.0,Derived from LaunchLens cleaned pool (descriptive count of startups in this dataset only - NOT an external market-size estimate),"N/A - internal aggregate, see Sources sheet for underlying Kaggle datasets",2026-08-13
MKT-00293,FoodTech,Unknown,United Kingdom,Unknown,Unknown,Unknown,Unknown,Unknown,Unknown,Unknown,Unknown,2026,46,318097536.05021554,Derived from LaunchLens cleaned pool (descriptive count of startups in this dataset only - NOT an external market-size estimate),"N/A - internal aggregate, see Sources sheet for underlying Kaggle datasets",2026-08-13
MKT-00294,FoodTech,Unknown,United States,Unknown,Unknown,Unknown,Unknown,Unknown,Unknown,Unknown,Unknown,2026,335,2519283344.9724584,Derived from LaunchLens cleaned pool (descriptive count of startups in this dataset only - NOT an external market-size estimate),"N/A - internal aggregate, see Sources sheet for underlying Kaggle datasets",2026-08-13
MKT-00295,FoodTech,Unknown,Vietnam,Unknown,Unknown,Unknown,Unknown,Unknown,Unknown,Unknown,Unknown,2026,3,42600000.0,Derived from LaunchLens cleaned pool (descriptive count of startups in this dataset only - NOT an external market-size estimate),"N/A - internal aggregate, see Sources sheet for underlying Kaggle datasets",2026-08-13
MKT-00296,HRTech,Unknown,Argentina,Unknown,Unknown,Unknown,Unknown,Unknown,Unknown,Unknown,Unknown,2026,3,182335.0,Derived from LaunchLens cleaned pool (descriptive count of startups in this dataset only - NOT an external market-size estimate),"N/A - internal aggregate, see Sources sheet for underlying Kaggle datasets",2026-08-13
MKT-00297,HRTech,Unknown,Australia,Unknown,Unknown,Unknown,Unknown,Unknown,Unknown,Unknown,Unknown,2026,8,21804091.0,Derived from LaunchLens cleaned pool (descriptive count of startups in this dataset only - NOT an external market-size estimate),"N/A - internal aggregate, see Sources sheet for underlying Kaggle datasets",2026-08-13
MKT-00298,HRTech,Unknown,Brazil,Unknown,Unknown,Unknown,Unknown,Unknown,Unknown,Unknown,Unknown,2026,5,7074623.0,Derived from LaunchLens cleaned pool (descriptive count of startups in this dataset only - NOT an external market-size estimate),"N/A - internal aggregate, see Sources sheet for underlying Kaggle datasets",2026-08-13
MKT-00299,HRTech,Unknown,Canada,Unknown,Unknown,Unknown,Unknown,Unknown,Unknown,Unknown,Unknown,2026,17,125507634.01980197,Derived from LaunchLens cleaned pool (descriptive count of startups in this dataset only - NOT an external market-size estimate),"N/A - internal aggregate, see Sources sheet for underlying Kaggle datasets",2026-08-13
MKT-00300,HRTech,Unknown,Chile,Unknown,Unknown,Unknown,Unknown,Unknown,Unknown,Unknown,Unknown,2026,9,1385245.0,Derived from LaunchLens cleaned pool (descriptive count of startups in this dataset only - NOT an external market-size estimate),"N/A - internal aggregate, see Sources sheet for underlying Kaggle datasets",2026-08-13
MKT-00301,HRTech,Unknown,China,Unknown,Unknown,Unknown,Unknown,Unknown,Unknown,Unknown,Unknown,2026,7,93553196.0,Derived from LaunchLens cleaned pool (descriptive count of startups in this dataset only - NOT an external market-size estimate),"N/A - internal aggregate, see Sources sheet for underlying Kaggle datasets",2026-08-13
MKT-00302,HRTech,Unknown,Czech Republic,Unknown,Unknown,Unknown,Unknown,Unknown,Unknown,Unknown,Unknown,2026,3,2806097.0,Derived from LaunchLens cleaned pool (descriptive count of startups in this dataset only - NOT an external market-size estimate),"N/A - internal aggregate, see Sources sheet for underlying Kaggle datasets",2026-08-13
MKT-00303,HRTech,Unknown,Denmark,Unknown,Unknown,Unknown,Unknown,Unknown,Unknown,Unknown,Unknown,2026,3,1160000.0,Derived from LaunchLens cleaned pool (descriptive count of startups in this dataset only - NOT an external market-size estimate),"N/A - internal aggregate, see Sources sheet for underlying Kaggle datasets",2026-08-13
MKT-00304,HRTech,Unknown,Egypt,Unknown,Unknown,Unknown,Unknown,Unknown,Unknown,Unknown,Unknown,2026,4,1882000.0,Derived from LaunchLens cleaned pool (descriptive count of startups in this dataset only - NOT an external market-size estimate),"N/A - internal aggregate, see Sources sheet for underlying Kaggle datasets",2026-08-13
MKT-00305,HRTech,Unknown,Estonia,Unknown,Unknown,Unknown,Unknown,Unknown,Unknown,Unknown,Unknown,2026,5,5775883.0,Derived from LaunchLens cleaned pool (descriptive count of startups in this dataset only - NOT an external market-size estimate),"N/A - internal aggregate, see Sources sheet for underlying Kaggle datasets",2026-08-13
MKT-00306,HRTech,Unknown,France,Unknown,Unknown,Unknown,Unknown,Unknown,Unknown,Unknown,Unknown,2026,7,13081256.0,Derived from LaunchLens cleaned pool (descriptive count of startups in this dataset only - NOT an external market-size estimate),"N/A - internal aggregate, see Sources sheet for underlying Kaggle datasets",2026-08-13
MKT-00307,HRTech,Unknown,Germany,Unknown,Unknown,Unknown,Unknown,Unknown,Unknown,Unknown,Unknown,2026,11,34483732.0,Derived from LaunchLens cleaned pool (descriptive count of startups in this dataset only - NOT an external market-size estimate),"N/A - internal aggregate, see Sources sheet for underlying Kaggle datasets",2026-08-13
MKT-00308,HRTech,Unknown,Hong Kong,Unknown,Unknown,Unknown,Unknown,Unknown,Unknown,Unknown,Unknown,2026,3,900000.0,Derived from LaunchLens cleaned pool (descriptive count of startups in this dataset only - NOT an external market-size estimate),"N/A - internal aggregate, see Sources sheet for underlying Kaggle datasets",2026-08-13
MKT-00309,HRTech,Unknown,India,Unknown,Unknown,Unknown,Unknown,Unknown,Unknown,Unknown,Unknown,2026,23,32753355.0,Derived from LaunchLens cleaned pool (descriptive count of startups in this dataset only - NOT an external market-size estimate),"N/A - internal aggregate, see Sources sheet for underlying Kaggle datasets",2026-08-13
MKT-00310,HRTech,Unknown,Indonesia,Unknown,Unknown,Unknown,Unknown,Unknown,Unknown,Unknown,Unknown,2026,3,50000.0,Derived from LaunchLens cleaned pool (descriptive count of startups in this dataset only - NOT an external market-size estimate),"N/A - internal aggregate, see Sources sheet for underlying Kaggle datasets",2026-08-13
MKT-00311,HRTech,Unknown,Ireland,Unknown,Unknown,Unknown,Unknown,Unknown,Unknown,Unknown,Unknown,2026,9,28165240.0,Derived from LaunchLens cleaned pool (descriptive count of startups in this dataset only - NOT an external market-size estimate),"N/A - internal aggregate, see Sources sheet for underlying Kaggle datasets",2026-08-13
MKT-00312,HRTech,Unknown,Israel,Unknown,Unknown,Unknown,Unknown,Unknown,Unknown,Unknown,Unknown,2026,4,1284181.0,Derived from LaunchLens cleaned pool (descriptive count of startups in this dataset only - NOT an external market-size estimate),"N/A - internal aggregate, see Sources sheet for underlying Kaggle datasets",2026-08-13
MKT-00313,HRTech,Unknown,Japan,Unknown,Unknown,Unknown,Unknown,Unknown,Unknown,Unknown,Unknown,2026,8,17462536.033567913,Derived from LaunchLens cleaned pool (descriptive count of startups in this dataset only - NOT an external market-size estimate),"N/A - internal aggregate, see Sources sheet for underlying Kaggle datasets",2026-08-13
MKT-00314,HRTech,Unknown,Mexico,Unknown,Unknown,Unknown,Unknown,Unknown,Unknown,Unknown,Unknown,2026,3,116025.0,Derived from LaunchLens cleaned pool (descriptive count of startups in this dataset only - NOT an external market-size estimate),"N/A - internal aggregate, see Sources sheet for underlying Kaggle datasets",2026-08-13
MKT-00315,HRTech,Unknown,Netherlands,Unknown,Unknown,Unknown,Unknown,Unknown,Unknown,Unknown,Unknown,2026,8,2376909.79621694,Derived from LaunchLens cleaned pool (descriptive count of startups in this dataset only - NOT an external market-size estimate),"N/A - internal aggregate, see Sources sheet for underlying Kaggle datasets",2026-08-13
MKT-00316,HRTech,Unknown,Romania (non-standard code),Unknown,Unknown,Unknown,Unknown,Unknown,Unknown,Unknown,Unknown,2026,3,668100.0,Derived from LaunchLens cleaned pool (descriptive count of startups in this dataset only - NOT an external market-size estimate),"N/A - internal aggregate, see Sources sheet for underlying Kaggle datasets",2026-08-13
MKT-00317,HRTech,Unknown,Russia,Unknown,Unknown,Unknown,Unknown,Unknown,Unknown,Unknown,Unknown,2026,8,9015000.0,Derived from LaunchLens cleaned pool (descriptive count of startups in this dataset only - NOT an external market-size estimate),"N/A - internal aggregate, see Sources sheet for underlying Kaggle datasets",2026-08-13
MKT-00318,HRTech,Unknown,Singapore,Unknown,Unknown,Unknown,Unknown,Unknown,Unknown,Unknown,Unknown,2026,4,16060000.0,Derived from LaunchLens cleaned pool (descriptive count of startups in this dataset only - NOT an external market-size estimate),"N/A - internal aggregate, see Sources sheet for underlying Kaggle datasets",2026-08-13
MKT-00319,HRTech,Unknown,South Korea,Unknown,Unknown,Unknown,Unknown,Unknown,Unknown,Unknown,Unknown,2026,5,10393142.0,Derived from LaunchLens cleaned pool (descriptive count of startups in this dataset only - NOT an external market-size estimate),"N/A - internal aggregate, see Sources sheet for underlying Kaggle datasets",2026-08-13
MKT-00320,HRTech,Unknown,Spain,Unknown,Unknown,Unknown,Unknown,Unknown,Unknown,Unknown,Unknown,2026,12,52291737.35517799,Derived from LaunchLens cleaned pool (descriptive count of startups in this dataset only - NOT an external market-size estimate),"N/A - internal aggregate, see Sources sheet for underlying Kaggle datasets",2026-08-13
MKT-00321,HRTech,Unknown,Sweden,Unknown,Unknown,Unknown,Unknown,Unknown,Unknown,Unknown,Unknown,2026,4,1337877.0,Derived from LaunchLens cleaned pool (descriptive count of startups in this dataset only - NOT an external market-size estimate),"N/A - internal aggregate, see Sources sheet for underlying Kaggle datasets",2026-08-13
MKT-00322,HRTech,Unknown,Switzerland,Unknown,Unknown,Unknown,Unknown,Unknown,Unknown,Unknown,Unknown,2026,6,9508498.0,Derived from LaunchLens cleaned pool (descriptive count of startups in this dataset only - NOT an external market-size estimate),"N/A - internal aggregate, see Sources sheet for underlying Kaggle datasets",2026-08-13
MKT-00323,HRTech,Unknown,United Kingdom,Unknown,Unknown,Unknown,Unknown,Unknown,Unknown,Unknown,Unknown,2026,40,327489253.0,Derived from LaunchLens cleaned pool (descriptive count of startups in this dataset only - NOT an external market-size estimate),"N/A - internal aggregate, see Sources sheet for underlying Kaggle datasets",2026-08-13
MKT-00324,HRTech,Unknown,United States,Unknown,Unknown,Unknown,Unknown,Unknown,Unknown,Unknown,Unknown,2026,333,2472964001.790043,Derived from LaunchLens cleaned pool (descriptive count of startups in this dataset only - NOT an external market-size estimate),"N/A - internal aggregate, see Sources sheet for underlying Kaggle datasets",2026-08-13
MKT-00325,HealthTech,Unknown,Argentina,Unknown,Unknown,Unknown,Unknown,Unknown,Unknown,Unknown,Unknown,2026,4,132420.0,Derived from LaunchLens cleaned pool (descriptive count of startups in this dataset only - NOT an external market-size estimate),"N/A - internal aggregate, see Sources sheet for underlying Kaggle datasets",2026-08-13
MKT-00326,HealthTech,Unknown,Australia,Unknown,Unknown,Unknown,Unknown,Unknown,Unknown,Unknown,Unknown,2026,58,549787469.3443197,Derived from LaunchLens cleaned pool (descriptive count of startups in this dataset only - NOT an external market-size estimate),"N/A - internal aggregate, see Sources sheet for underlying Kaggle datasets",2026-08-13
MKT-00327,HealthTech,Unknown,Austria,Unknown,Unknown,Unknown,Unknown,Unknown,Unknown,Unknown,Unknown,2026,23,383530519.78319603,Derived from LaunchLens cleaned pool (descriptive count of startups in this dataset only - NOT an external market-size estimate),"N/A - internal aggregate, see Sources sheet for underlying Kaggle datasets",2026-08-13
MKT-00328,HealthTech,Unknown,Belgium,Unknown,Unknown,Unknown,Unknown,Unknown,Unknown,Unknown,Unknown,2026,43,925965304.2914566,Derived from LaunchLens cleaned pool (descriptive count of startups in this dataset only - NOT an external market-size estimate),"N/A - internal aggregate, see Sources sheet for underlying Kaggle datasets",2026-08-13
MKT-00329,HealthTech,Unknown,Brazil,Unknown,Unknown,Unknown,Unknown,Unknown,Unknown,Unknown,Unknown,2026,26,633362759.2439024,Derived from LaunchLens cleaned pool (descriptive count of startups in this dataset only - NOT an external market-size estimate),"N/A - internal aggregate, see Sources sheet for underlying Kaggle datasets",2026-08-13
MKT-00330,HealthTech,Unknown,Bulgaria,Unknown,Unknown,Unknown,Unknown,Unknown,Unknown,Unknown,Unknown,2026,3,570291.656852702,Derived from LaunchLens cleaned pool (descriptive count of startups in this dataset only - NOT an external market-size estimate),"N/A - internal aggregate, see Sources sheet for underlying Kaggle datasets",2026-08-13
MKT-00331,HealthTech,Unknown,Canada,Unknown,Unknown,Unknown,Unknown,Unknown,Unknown,Unknown,Unknown,2026,260,3289520254.9233713,Derived from LaunchLens cleaned pool (descriptive count of startups in this dataset only - NOT an external market-size estimate),"N/A - internal aggregate, see Sources sheet for underlying Kaggle datasets",2026-08-13
MKT-00332,HealthTech,Unknown,Chile,Unknown,Unknown,Unknown,Unknown,Unknown,Unknown,Unknown,Unknown,2026,24,2072789.0,Derived from LaunchLens cleaned pool (descriptive count of startups in this dataset only - NOT an external market-size estimate),"N/A - internal aggregate, see Sources sheet for underlying Kaggle datasets",2026-08-13
MKT-00333,HealthTech,Unknown,China,Unknown,Unknown,Unknown,Unknown,Unknown,Unknown,Unknown,Unknown,2026,111,6372078826.0,Derived from LaunchLens cleaned pool (descriptive count of startups in this dataset only - NOT an external market-size estimate),"N/A - internal aggregate, see Sources sheet for underlying Kaggle datasets",2026-08-13
MKT-00334,HealthTech,Unknown,Colombia,Unknown,Unknown,Unknown,Unknown,Unknown,Unknown,Unknown,Unknown,2026,4,1280463.0,Derived from LaunchLens cleaned pool (descriptive count of startups in this dataset only - NOT an external market-size estimate),"N/A - internal aggregate, see Sources sheet for underlying Kaggle datasets",2026-08-13
MKT-00335,HealthTech,Unknown,Denmark,Unknown,Unknown,Unknown,Unknown,Unknown,Unknown,Unknown,Unknown,2026,56,941770800.6774638,Derived from LaunchLens cleaned pool (descriptive count of startups in this dataset only - NOT an external market-size estimate),"N/A - internal aggregate, see Sources sheet for underlying Kaggle datasets",2026-08-13
MKT-00336,HealthTech,Unknown,Estonia,Unknown,Unknown,Unknown,Unknown,Unknown,Unknown,Unknown,Unknown,2026,5,9411240.487305703,Derived from LaunchLens cleaned pool (descriptive count of startups in this dataset only - NOT an external market-size estimate),"N/A - internal aggregate, see Sources sheet for underlying Kaggle datasets",2026-08-13
MKT-00337,HealthTech,Unknown,Finland,Unknown,Unknown,Unknown,Unknown,Unknown,Unknown,Unknown,Unknown,2026,38,171580404.81675532,Derived from LaunchLens cleaned pool (descriptive count of startups in this dataset only - NOT an external market-size estimate),"N/A - internal aggregate, see Sources sheet for underlying Kaggle datasets",2026-08-13
MKT-00338,HealthTech,Unknown,France,Unknown,Unknown,Unknown,Unknown,Unknown,Unknown,Unknown,Unknown,2026,111,2368960083.3895493,Derived from LaunchLens cleaned pool (descriptive count of startups in this dataset only - NOT an external market-size estimate),"N/A - internal aggregate, see Sources sheet for underlying Kaggle datasets",2026-08-13
MKT-00339,HealthTech,Unknown,Germany,Unknown,Unknown,Unknown,Unknown,Unknown,Unknown,Unknown,Unknown,2026,150,2312684168.909934,Derived from LaunchLens cleaned pool (descriptive count of startups in this dataset only - NOT an external market-size estimate),"N/A - internal aggregate, see Sources sheet for underlying Kaggle datasets",2026-08-13
MKT-00340,HealthTech,Unknown,Hong Kong,Unknown,Unknown,Unknown,Unknown,Unknown,Unknown,Unknown,Unknown,2026,9,43288150.0,Derived from LaunchLens cleaned pool (descriptive count of startups in this dataset only - NOT an external market-size estimate),"N/A - internal aggregate, see Sources sheet for underlying Kaggle datasets",2026-08-13
MKT-00341,HealthTech,Unknown,Hungary,Unknown,Unknown,Unknown,Unknown,Unknown,Unknown,Unknown,Unknown,2026,3,0.0,Derived from LaunchLens cleaned pool (descriptive count of startups in this dataset only - NOT an external market-size estimate),"N/A - internal aggregate, see Sources sheet for underlying Kaggle datasets",2026-08-13
MKT-00342,HealthTech,Unknown,India,Unknown,Unknown,Unknown,Unknown,Unknown,Unknown,Unknown,Unknown,2026,109,1314753082.0,Derived from LaunchLens cleaned pool (descriptive count of startups in this dataset only - NOT an external market-size estimate),"N/A - internal aggregate, see Sources sheet for underlying Kaggle datasets",2026-08-13
MKT-00343,HealthTech,Unknown,Indonesia,Unknown,Unknown,Unknown,Unknown,Unknown,Unknown,Unknown,Unknown,2026,5,540000.0,Derived from LaunchLens cleaned pool (descriptive count of startups in this dataset only - NOT an external market-size estimate),"N/A - internal aggregate, see Sources sheet for underlying Kaggle datasets",2026-08-13
MKT-00344,HealthTech,Unknown,Ireland,Unknown,Unknown,Unknown,Unknown,Unknown,Unknown,Unknown,Unknown,2026,64,567962988.7022986,Derived from LaunchLens cleaned pool (descriptive count of startups in this dataset only - NOT an external market-size estimate),"N/A - internal aggregate, see Sources sheet for underlying Kaggle datasets",2026-08-13
MKT-00345,HealthTech,Unknown,Israel,Unknown,Unknown,Unknown,Unknown,Unknown,Unknown,Unknown,Unknown,2026,170,2248096100.0,Derived from LaunchLens cleaned pool (descriptive count of startups in this dataset only - NOT an external market-size estimate),"N/A - internal aggregate, see Sources sheet for underlying Kaggle datasets",2026-08-13
MKT-00346,HealthTech,Unknown,Italy,Unknown,Unknown,Unknown,Unknown,Unknown,Unknown,Unknown,Unknown,2026,16,92609544.86642587,Derived from LaunchLens cleaned pool (descriptive count of startups in this dataset only - NOT an external market-size estimate),"N/A - internal aggregate, see Sources sheet for underlying Kaggle datasets",2026-08-13
MKT-00347,HealthTech,Unknown,Japan,Unknown,Unknown,Unknown,Unknown,Unknown,Unknown,Unknown,Unknown,2026,14,327752988.036124,Derived from LaunchLens cleaned pool (descriptive count of startups in this dataset only - NOT an external market-size estimate),"N/A - internal aggregate, see Sources sheet for underlying Kaggle datasets",2026-08-13
MKT-00348,HealthTech,Unknown,Latvia,Unknown,Unknown,Unknown,Unknown,Unknown,Unknown,Unknown,Unknown,2026,4,1159789.0,Derived from LaunchLens cleaned pool (descriptive count of startups in this dataset only - NOT an external market-size estimate),"N/A - internal aggregate, see Sources sheet for underlying Kaggle datasets",2026-08-13
MKT-00349,HealthTech,Unknown,Lithuania,Unknown,Unknown,Unknown,Unknown,Unknown,Unknown,Unknown,Unknown,2026,3,0.0,Derived from LaunchLens cleaned pool (descriptive count of startups in this dataset only - NOT an external market-size estimate),"N/A - internal aggregate, see Sources sheet for underlying Kaggle datasets",2026-08-13
MKT-00350,HealthTech,Unknown,Malaysia,Unknown,Unknown,Unknown,Unknown,Unknown,Unknown,Unknown,Unknown,2026,3,18712377.0,Derived from LaunchLens cleaned pool (descriptive count of startups in this dataset only - NOT an external market-size estimate),"N/A - internal aggregate, see Sources sheet for underlying Kaggle datasets",2026-08-13
MKT-00351,HealthTech,Unknown,Mexico,Unknown,Unknown,Unknown,Unknown,Unknown,Unknown,Unknown,Unknown,2026,7,1675000.0,Derived from LaunchLens cleaned pool (descriptive count of startups in this dataset only - NOT an external market-size estimate),"N/A - internal aggregate, see Sources sheet for underlying Kaggle datasets",2026-08-13
MKT-00352,HealthTech,Unknown,Netherlands,Unknown,Unknown,Unknown,Unknown,Unknown,Unknown,Unknown,Unknown,2026,74,1405761009.4515126,Derived from LaunchLens cleaned pool (descriptive count of startups in this dataset only - NOT an external market-size estimate),"N/A - internal aggregate, see Sources sheet for underlying Kaggle datasets",2026-08-13
MKT-00353,HealthTech,Unknown,New Zealand,Unknown,Unknown,Unknown,Unknown,Unknown,Unknown,Unknown,Unknown,2026,11,26627655.0,Derived from LaunchLens cleaned pool (descriptive count of startups in this dataset only - NOT an external market-size estimate),"N/A - internal aggregate, see Sources sheet for underlying Kaggle datasets",2026-08-13
MKT-00354,HealthTech,Unknown,Norway,Unknown,Unknown,Unknown,Unknown,Unknown,Unknown,Unknown,Unknown,2026,13,200192088.89530376,Derived from LaunchLens cleaned pool (descriptive count of startups in this dataset only - NOT an external market-size estimate),"N/A - internal aggregate, see Sources sheet for underlying Kaggle datasets",2026-08-13
MKT-00355,HealthTech,Unknown,Philippines,Unknown,Unknown,Unknown,Unknown,Unknown,Unknown,Unknown,Unknown,2026,3,9494742.0,Derived from LaunchLens cleaned pool (descriptive count of startups in this dataset only - NOT an external market-size estimate),"N/A - internal aggregate, see Sources sheet for underlying Kaggle datasets",2026-08-13
MKT-00356,HealthTech,Unknown,Poland,Unknown,Unknown,Unknown,Unknown,Unknown,Unknown,Unknown,Unknown,2026,10,15607573.0,Derived from LaunchLens cleaned pool (descriptive count of startups in this dataset only - NOT an external market-size estimate),"N/A - internal aggregate, see Sources sheet for underlying Kaggle datasets",2026-08-13
MKT-00357,HealthTech,Unknown,Portugal,Unknown,Unknown,Unknown,Unknown,Unknown,Unknown,Unknown,Unknown,2026,18,8973371.0,Derived from LaunchLens cleaned pool (descriptive count of startups in this dataset only - NOT an external market-size estimate),"N/A - internal aggregate, see Sources sheet for underlying Kaggle datasets",2026-08-13
MKT-00358,HealthTech,Unknown,Romania (non-standard code),Unknown,Unknown,Unknown,Unknown,Unknown,Unknown,Unknown,Unknown,2026,3,149230.0,Derived from LaunchLens cleaned pool (descriptive count of startups in this dataset only - NOT an external market-size estimate),"N/A - internal aggregate, see Sources sheet for underlying Kaggle datasets",2026-08-13
MKT-00359,HealthTech,Unknown,Russia,Unknown,Unknown,Unknown,Unknown,Unknown,Unknown,Unknown,Unknown,2026,17,18960000.0,Derived from LaunchLens cleaned pool (descriptive count of startups in this dataset only - NOT an external market-size estimate),"N/A - internal aggregate, see Sources sheet for underlying Kaggle datasets",2026-08-13
MKT-00360,HealthTech,Unknown,Singapore,Unknown,Unknown,Unknown,Unknown,Unknown,Unknown,Unknown,Unknown,2026,26,564722468.0,Derived from LaunchLens cleaned pool (descriptive count of startups in this dataset only - NOT an external market-size estimate),"N/A - internal aggregate, see Sources sheet for underlying Kaggle datasets",2026-08-13
MKT-00361,HealthTech,Unknown,Slovenia,Unknown,Unknown,Unknown,Unknown,Unknown,Unknown,Unknown,Unknown,2026,4,1453243.0,Derived from LaunchLens cleaned pool (descriptive count of startups in this dataset only - NOT an external market-size estimate),"N/A - internal aggregate, see Sources sheet for underlying Kaggle datasets",2026-08-13
MKT-00362,HealthTech,Unknown,South Africa,Unknown,Unknown,Unknown,Unknown,Unknown,Unknown,Unknown,Unknown,2026,4,307276106.0,Derived from LaunchLens cleaned pool (descriptive count of startups in this dataset only - NOT an external market-size estimate),"N/A - internal aggregate, see Sources sheet for underlying Kaggle datasets",2026-08-13
MKT-00363,HealthTech,Unknown,South Korea,Unknown,Unknown,Unknown,Unknown,Unknown,Unknown,Unknown,Unknown,2026,11,12069384.0,Derived from LaunchLens cleaned pool (descriptive count of startups in this dataset only - NOT an external market-size estimate),"N/A - internal aggregate, see Sources sheet for underlying Kaggle datasets",2026-08-13
MKT-00364,HealthTech,Unknown,Spain,Unknown,Unknown,Unknown,Unknown,Unknown,Unknown,Unknown,Unknown,2026,71,441781220.34880024,Derived from LaunchLens cleaned pool (descriptive count of startups in this dataset only - NOT an external market-size estimate),"N/A - internal aggregate, see Sources sheet for underlying Kaggle datasets",2026-08-13
MKT-00365,HealthTech,Unknown,Sweden,Unknown,Unknown,Unknown,Unknown,Unknown,Unknown,Unknown,Unknown,2026,56,928787659.700768,Derived from LaunchLens cleaned pool (descriptive count of startups in this dataset only - NOT an external market-size estimate),"N/A - internal aggregate, see Sources sheet for underlying Kaggle datasets",2026-08-13
MKT-00366,HealthTech,Unknown,Switzerland,Unknown,Unknown,Unknown,Unknown,Unknown,Unknown,Unknown,Unknown,2026,81,2108494311.9893181,Derived from LaunchLens cleaned pool (descriptive count of startups in this dataset only - NOT an external market-size estimate),"N/A - internal aggregate, see Sources sheet for underlying Kaggle datasets",2026-08-13
MKT-00367,HealthTech,Unknown,Taiwan,Unknown,Unknown,Unknown,Unknown,Unknown,Unknown,Unknown,Unknown,2026,10,399959612.0,Derived from LaunchLens cleaned pool (descriptive count of startups in this dataset only - NOT an external market-size estimate),"N/A - internal aggregate, see Sources sheet for underlying Kaggle datasets",2026-08-13
MKT-00368,HealthTech,Unknown,Turkey,Unknown,Unknown,Unknown,Unknown,Unknown,Unknown,Unknown,Unknown,2026,8,184318757.0,Derived from LaunchLens cleaned pool (descriptive count of startups in this dataset only - NOT an external market-size estimate),"N/A - internal aggregate, see Sources sheet for underlying Kaggle datasets",2026-08-13
MKT-00369,HealthTech,Unknown,United Arab Emirates,Unknown,Unknown,Unknown,Unknown,Unknown,Unknown,Unknown,Unknown,2026,5,837598856.0,Derived from LaunchLens cleaned pool (descriptive count of startups in this dataset only - NOT an external market-size estimate),"N/A - internal aggregate, see Sources sheet for underlying Kaggle datasets",2026-08-13
MKT-00370,HealthTech,Unknown,United Kingdom,Unknown,Unknown,Unknown,Unknown,Unknown,Unknown,Unknown,Unknown,2026,432,7191372503.094295,Derived from LaunchLens cleaned pool (descriptive count of startups in this dataset only - NOT an external market-size estimate),"N/A - internal aggregate, see Sources sheet for underlying Kaggle datasets",2026-08-13
MKT-00371,HealthTech,Unknown,United States,Unknown,Unknown,Unknown,Unknown,Unknown,Unknown,Unknown,Unknown,2026,6882,147688895390.1778,Derived from LaunchLens cleaned pool (descriptive count of startups in this dataset only - NOT an external market-size estimate),"N/A - internal aggregate, see Sources sheet for underlying Kaggle datasets",2026-08-13
MKT-00372,InsurTech,Unknown,Canada,Unknown,Unknown,Unknown,Unknown,Unknown,Unknown,Unknown,Unknown,2026,3,6248667.05406414,Derived from LaunchLens cleaned pool (descriptive count of startups in this dataset only - NOT an external market-size estimate),"N/A - internal aggregate, see Sources sheet for underlying Kaggle datasets",2026-08-13
MKT-00373,InsurTech,Unknown,France,Unknown,Unknown,Unknown,Unknown,Unknown,Unknown,Unknown,Unknown,2026,4,74790441.90829897,Derived from LaunchLens cleaned pool (descriptive count of startups in this dataset only - NOT an external market-size estimate),"N/A - internal aggregate, see Sources sheet for underlying Kaggle datasets",2026-08-13
MKT-00374,InsurTech,Unknown,Singapore,Unknown,Unknown,Unknown,Unknown,Unknown,Unknown,Unknown,Unknown,2026,3,5850000.0,Derived from LaunchLens cleaned pool (descriptive count of startups in this dataset only - NOT an external market-size estimate),"N/A - internal aggregate, see Sources sheet for underlying Kaggle datasets",2026-08-13
MKT-00375,InsurTech,Unknown,United Kingdom,Unknown,Unknown,Unknown,Unknown,Unknown,Unknown,Unknown,Unknown,2026,5,104463575.0,Derived from LaunchLens cleaned pool (descriptive count of startups in this dataset only - NOT an external market-size estimate),"N/A - internal aggregate, see Sources sheet for underlying Kaggle datasets",2026-08-13
MKT-00376,InsurTech,Unknown,United States,Unknown,Unknown,Unknown,Unknown,Unknown,Unknown,Unknown,Unknown,2026,92,3195618493.0,Derived from LaunchLens cleaned pool (descriptive count of startups in this dataset only - NOT an external market-size estimate),"N/A - internal aggregate, see Sources sheet for underlying Kaggle datasets",2026-08-13
MKT-00377,LegalTech,Unknown,Australia,Unknown,Unknown,Unknown,Unknown,Unknown,Unknown,Unknown,Unknown,2026,3,4281223.0,Derived from LaunchLens cleaned pool (descriptive count of startups in this dataset only - NOT an external market-size estimate),"N/A - internal aggregate, see Sources sheet for underlying Kaggle datasets",2026-08-13
MKT-00378,LegalTech,Unknown,Brazil,Unknown,Unknown,Unknown,Unknown,Unknown,Unknown,Unknown,Unknown,2026,3,0.0,Derived from LaunchLens cleaned pool (descriptive count of startups in this dataset only - NOT an external market-size estimate),"N/A - internal aggregate, see Sources sheet for underlying Kaggle datasets",2026-08-13
MKT-00379,LegalTech,Unknown,Canada,Unknown,Unknown,Unknown,Unknown,Unknown,Unknown,Unknown,Unknown,2026,7,33619233.0,Derived from LaunchLens cleaned pool (descriptive count of startups in this dataset only - NOT an external market-size estimate),"N/A - internal aggregate, see Sources sheet for underlying Kaggle datasets",2026-08-13
MKT-00380,LegalTech,Unknown,Hong Kong,Unknown,Unknown,Unknown,Unknown,Unknown,Unknown,Unknown,Unknown,2026,3,12095500.0,Derived from LaunchLens cleaned pool (descriptive count of startups in this dataset only - NOT an external market-size estimate),"N/A - internal aggregate, see Sources sheet for underlying Kaggle datasets",2026-08-13
MKT-00381,LegalTech,Unknown,Italy,Unknown,Unknown,Unknown,Unknown,Unknown,Unknown,Unknown,Unknown,2026,6,4416215.77842488,Derived from LaunchLens cleaned pool (descriptive count of startups in this dataset only - NOT an external market-size estimate),"N/A - internal aggregate, see Sources sheet for underlying Kaggle datasets",2026-08-13
MKT-00382,LegalTech,Unknown,Spain,Unknown,Unknown,Unknown,Unknown,Unknown,Unknown,Unknown,Unknown,2026,4,119396427.0,Derived from LaunchLens cleaned pool (descriptive count of startups in this dataset only - NOT an external market-size estimate),"N/A - internal aggregate, see Sources sheet for underlying Kaggle datasets",2026-08-13
MKT-00383,LegalTech,Unknown,United Kingdom,Unknown,Unknown,Unknown,Unknown,Unknown,Unknown,Unknown,Unknown,2026,18,77063433.0,Derived from LaunchLens cleaned pool (descriptive count of startups in this dataset only - NOT an external market-size estimate),"N/A - internal aggregate, see Sources sheet for underlying Kaggle datasets",2026-08-13
MKT-00384,LegalTech,Unknown,United States,Unknown,Unknown,Unknown,Unknown,Unknown,Unknown,Unknown,Unknown,2026,150,1425985601.0,Derived from LaunchLens cleaned pool (descriptive count of startups in this dataset only - NOT an external market-size estimate),"N/A - internal aggregate, see Sources sheet for underlying Kaggle datasets",2026-08-13
MKT-00385,Logistics,Unknown,Australia,Unknown,Unknown,Unknown,Unknown,Unknown,Unknown,Unknown,Unknown,2026,5,5386361.691958236,Derived from LaunchLens cleaned pool (descriptive count of startups in this dataset only - NOT an external market-size estimate),"N/A - internal aggregate, see Sources sheet for underlying Kaggle datasets",2026-08-13
MKT-00386,Logistics,Unknown,Brazil,Unknown,Unknown,Unknown,Unknown,Unknown,Unknown,Unknown,Unknown,2026,10,50273718.0,Derived from LaunchLens cleaned pool (descriptive count of startups in this dataset only - NOT an external market-size estimate),"N/A - internal aggregate, see Sources sheet for underlying Kaggle datasets",2026-08-13
MKT-00387,Logistics,Unknown,Bulgaria,Unknown,Unknown,Unknown,Unknown,Unknown,Unknown,Unknown,Unknown,2026,3,874923.0,Derived from LaunchLens cleaned pool (descriptive count of startups in this dataset only - NOT an external market-size estimate),"N/A - internal aggregate, see Sources sheet for underlying Kaggle datasets",2026-08-13
MKT-00388,Logistics,Unknown,Canada,Unknown,Unknown,Unknown,Unknown,Unknown,Unknown,Unknown,Unknown,2026,14,26692275.66050215,Derived from LaunchLens cleaned pool (descriptive count of startups in this dataset only - NOT an external market-size estimate),"N/A - internal aggregate, see Sources sheet for underlying Kaggle datasets",2026-08-13
MKT-00389,Logistics,Unknown,Chile,Unknown,Unknown,Unknown,Unknown,Unknown,Unknown,Unknown,Unknown,2026,8,729009.0,Derived from LaunchLens cleaned pool (descriptive count of startups in this dataset only - NOT an external market-size estimate),"N/A - internal aggregate, see Sources sheet for underlying Kaggle datasets",2026-08-13
MKT-00390,Logistics,Unknown,China,Unknown,Unknown,Unknown,Unknown,Unknown,Unknown,Unknown,Unknown,2026,5,1121000000.0,Derived from LaunchLens cleaned pool (descriptive count of startups in this dataset only - NOT an external market-size estimate),"N/A - internal aggregate, see Sources sheet for underlying Kaggle datasets",2026-08-13
MKT-00391,Logistics,Unknown,Denmark,Unknown,Unknown,Unknown,Unknown,Unknown,Unknown,Unknown,Unknown,2026,3,3132388.0,Derived from LaunchLens cleaned pool (descriptive count of startups in this dataset only - NOT an external market-size estimate),"N/A - internal aggregate, see Sources sheet for underlying Kaggle datasets",2026-08-13
MKT-00392,Logistics,Unknown,France,Unknown,Unknown,Unknown,Unknown,Unknown,Unknown,Unknown,Unknown,2026,4,30166821.37867172,Derived from LaunchLens cleaned pool (descriptive count of startups in this dataset only - NOT an external market-size estimate),"N/A - internal aggregate, see Sources sheet for underlying Kaggle datasets",2026-08-13
MKT-00393,Logistics,Unknown,Germany,Unknown,Unknown,Unknown,Unknown,Unknown,Unknown,Unknown,Unknown,2026,8,17705069.0,Derived from LaunchLens cleaned pool (descriptive count of startups in this dataset only - NOT an external market-size estimate),"N/A - internal aggregate, see Sources sheet for underlying Kaggle datasets",2026-08-13
MKT-00394,Logistics,Unknown,Hong Kong,Unknown,Unknown,Unknown,Unknown,Unknown,Unknown,Unknown,Unknown,2026,4,54682500.0,Derived from LaunchLens cleaned pool (descriptive count of startups in this dataset only - NOT an external market-size estimate),"N/A - internal aggregate, see Sources sheet for underlying Kaggle datasets",2026-08-13
MKT-00395,Logistics,Unknown,India,Unknown,Unknown,Unknown,Unknown,Unknown,Unknown,Unknown,Unknown,2026,30,446036401.300529,Derived from LaunchLens cleaned pool (descriptive count of startups in this dataset only - NOT an external market-size estimate),"N/A - internal aggregate, see Sources sheet for underlying Kaggle datasets",2026-08-13
MKT-00396,Logistics,Unknown,Ireland,Unknown,Unknown,Unknown,Unknown,Unknown,Unknown,Unknown,Unknown,2026,3,3658526.0,Derived from LaunchLens cleaned pool (descriptive count of startups in this dataset only - NOT an external market-size estimate),"N/A - internal aggregate, see Sources sheet for underlying Kaggle datasets",2026-08-13
MKT-00397,Logistics,Unknown,Italy,Unknown,Unknown,Unknown,Unknown,Unknown,Unknown,Unknown,Unknown,2026,6,2224054.3345737997,Derived from LaunchLens cleaned pool (descriptive count of startups in this dataset only - NOT an external market-size estimate),"N/A - internal aggregate, see Sources sheet for underlying Kaggle datasets",2026-08-13
MKT-00398,Logistics,Unknown,Japan,Unknown,Unknown,Unknown,Unknown,Unknown,Unknown,Unknown,Unknown,2026,3,641713.0,Derived from LaunchLens cleaned pool (descriptive count of startups in this dataset only - NOT an external market-size estimate),"N/A - internal aggregate, see Sources sheet for underlying Kaggle datasets",2026-08-13
MKT-00399,Logistics,Unknown,Mexico,Unknown,Unknown,Unknown,Unknown,Unknown,Unknown,Unknown,Unknown,2026,4,47300.0,Derived from LaunchLens cleaned pool (descriptive count of startups in this dataset only - NOT an external market-size estimate),"N/A - internal aggregate, see Sources sheet for underlying Kaggle datasets",2026-08-13
MKT-00400,Logistics,Unknown,Russia,Unknown,Unknown,Unknown,Unknown,Unknown,Unknown,Unknown,Unknown,2026,4,102160000.0,Derived from LaunchLens cleaned pool (descriptive count of startups in this dataset only - NOT an external market-size estimate),"N/A - internal aggregate, see Sources sheet for underlying Kaggle datasets",2026-08-13
MKT-00401,Logistics,Unknown,Singapore,Unknown,Unknown,Unknown,Unknown,Unknown,Unknown,Unknown,Unknown,2026,11,101838556.24238509,Derived from LaunchLens cleaned pool (descriptive count of startups in this dataset only - NOT an external market-size estimate),"N/A - internal aggregate, see Sources sheet for underlying Kaggle datasets",2026-08-13
MKT-00402,Logistics,Unknown,Spain,Unknown,Unknown,Unknown,Unknown,Unknown,Unknown,Unknown,Unknown,2026,9,28113239.430680558,Derived from LaunchLens cleaned pool (descriptive count of startups in this dataset only - NOT an external market-size estimate),"N/A - internal aggregate, see Sources sheet for underlying Kaggle datasets",2026-08-13
MKT-00403,Logistics,Unknown,United Kingdom,Unknown,Unknown,Unknown,Unknown,Unknown,Unknown,Unknown,Unknown,2026,28,156530064.35859552,Derived from LaunchLens cleaned pool (descriptive count of startups in this dataset only - NOT an external market-size estimate),"N/A - internal aggregate, see Sources sheet for underlying Kaggle datasets",2026-08-13
MKT-00404,Logistics,Unknown,United States,Unknown,Unknown,Unknown,Unknown,Unknown,Unknown,Unknown,Unknown,2026,180,3032966705.0,Derived from LaunchLens cleaned pool (descriptive count of startups in this dataset only - NOT an external market-size estimate),"N/A - internal aggregate, see Sources sheet for underlying Kaggle datasets",2026-08-13
MKT-00405,MarTech,Unknown,Argentina,Unknown,Unknown,Unknown,Unknown,Unknown,Unknown,Unknown,Unknown,2026,29,12023141.0,Derived from LaunchLens cleaned pool (descriptive count of startups in this dataset only - NOT an external market-size estimate),"N/A - internal aggregate, see Sources sheet for underlying Kaggle datasets",2026-08-13
MKT-00406,MarTech,Unknown,Australia,Unknown,Unknown,Unknown,Unknown,Unknown,Unknown,Unknown,Unknown,2026,39,115697239.9777044,Derived from LaunchLens cleaned pool (descriptive count of startups in this dataset only - NOT an external market-size estimate),"N/A - internal aggregate, see Sources sheet for underlying Kaggle datasets",2026-08-13
MKT-00407,MarTech,Unknown,Austria,Unknown,Unknown,Unknown,Unknown,Unknown,Unknown,Unknown,Unknown,2026,8,37465809.61819979,Derived from LaunchLens cleaned pool (descriptive count of startups in this dataset only - NOT an external market-size estimate),"N/A - internal aggregate, see Sources sheet for underlying Kaggle datasets",2026-08-13
MKT-00408,MarTech,Unknown,Bangladesh,Unknown,Unknown,Unknown,Unknown,Unknown,Unknown,Unknown,Unknown,2026,3,151300.0,Derived from LaunchLens cleaned pool (descriptive count of startups in this dataset only - NOT an external market-size estimate),"N/A - internal aggregate, see Sources sheet for underlying Kaggle datasets",2026-08-13
MKT-00409,MarTech,Unknown,Belgium,Unknown,Unknown,Unknown,Unknown,Unknown,Unknown,Unknown,Unknown,2026,13,15013071.57651678,Derived from LaunchLens cleaned pool (descriptive count of startups in this dataset only - NOT an external market-size estimate),"N/A - internal aggregate, see Sources sheet for underlying Kaggle datasets",2026-08-13
MKT-00410,MarTech,Unknown,Brazil,Unknown,Unknown,Unknown,Unknown,Unknown,Unknown,Unknown,Unknown,2026,40,48152744.0,Derived from LaunchLens cleaned pool (descriptive count of startups in this dataset only - NOT an external market-size estimate),"N/A - internal aggregate, see Sources sheet for underlying Kaggle datasets",2026-08-13
MKT-00411,MarTech,Unknown,Bulgaria,Unknown,Unknown,Unknown,Unknown,Unknown,Unknown,Unknown,Unknown,2026,5,699044.827148951,Derived from LaunchLens cleaned pool (descriptive count of startups in this dataset only - NOT an external market-size estimate),"N/A - internal aggregate, see Sources sheet for underlying Kaggle datasets",2026-08-13
MKT-00412,MarTech,Unknown,Canada,Unknown,Unknown,Unknown,Unknown,Unknown,Unknown,Unknown,Unknown,2026,130,904872659.0346096,Derived from LaunchLens cleaned pool (descriptive count of startups in this dataset only - NOT an external market-size estimate),"N/A - internal aggregate, see Sources sheet for underlying Kaggle datasets",2026-08-13
MKT-00413,MarTech,Unknown,Chile,Unknown,Unknown,Unknown,Unknown,Unknown,Unknown,Unknown,Unknown,2026,19,10692136.0,Derived from LaunchLens cleaned pool (descriptive count of startups in this dataset only - NOT an external market-size estimate),"N/A - internal aggregate, see Sources sheet for underlying Kaggle datasets",2026-08-13
MKT-00414,MarTech,Unknown,China,Unknown,Unknown,Unknown,Unknown,Unknown,Unknown,Unknown,Unknown,2026,74,1422103403.0,Derived from LaunchLens cleaned pool (descriptive count of startups in this dataset only - NOT an external market-size estimate),"N/A - internal aggregate, see Sources sheet for underlying Kaggle datasets",2026-08-13
MKT-00415,MarTech,Unknown,Colombia,Unknown,Unknown,Unknown,Unknown,Unknown,Unknown,Unknown,Unknown,2026,7,11523105.0,Derived from LaunchLens cleaned pool (descriptive count of startups in this dataset only - NOT an external market-size estimate),"N/A - internal aggregate, see Sources sheet for underlying Kaggle datasets",2026-08-13
MKT-00416,MarTech,Unknown,Croatia,Unknown,Unknown,Unknown,Unknown,Unknown,Unknown,Unknown,Unknown,2026,3,1446873.0,Derived from LaunchLens cleaned pool (descriptive count of startups in this dataset only - NOT an external market-size estimate),"N/A - internal aggregate, see Sources sheet for underlying Kaggle datasets",2026-08-13
MKT-00417,MarTech,Unknown,Czech Republic,Unknown,Unknown,Unknown,Unknown,Unknown,Unknown,Unknown,Unknown,2026,7,35839433.0,Derived from LaunchLens cleaned pool (descriptive count of startups in this dataset only - NOT an external market-size estimate),"N/A - internal aggregate, see Sources sheet for underlying Kaggle datasets",2026-08-13
MKT-00418,MarTech,Unknown,Denmark,Unknown,Unknown,Unknown,Unknown,Unknown,Unknown,Unknown,Unknown,2026,15,33930759.27662243,Derived from LaunchLens cleaned pool (descriptive count of startups in this dataset only - NOT an external market-size estimate),"N/A - internal aggregate, see Sources sheet for underlying Kaggle datasets",2026-08-13
MKT-00419,MarTech,Unknown,Estonia,Unknown,Unknown,Unknown,Unknown,Unknown,Unknown,Unknown,Unknown,2026,5,349326.1178757269,Derived from LaunchLens cleaned pool (descriptive count of startups in this dataset only - NOT an external market-size estimate),"N/A - internal aggregate, see Sources sheet for underlying Kaggle datasets",2026-08-13
MKT-00420,MarTech,Unknown,Finland,Unknown,Unknown,Unknown,Unknown,Unknown,Unknown,Unknown,Unknown,2026,20,210702010.1231072,Derived from LaunchLens cleaned pool (descriptive count of startups in this dataset only - NOT an external market-size estimate),"N/A - internal aggregate, see Sources sheet for underlying Kaggle datasets",2026-08-13
MKT-00421,MarTech,Unknown,France,Unknown,Unknown,Unknown,Unknown,Unknown,Unknown,Unknown,Unknown,2026,83,592066128.0,Derived from LaunchLens cleaned pool (descriptive count of startups in this dataset only - NOT an external market-size estimate),"N/A - internal aggregate, see Sources sheet for underlying Kaggle datasets",2026-08-13
MKT-00422,MarTech,Unknown,Germany,Unknown,Unknown,Unknown,Unknown,Unknown,Unknown,Unknown,Unknown,2026,86,361091277.88086855,Derived from LaunchLens cleaned pool (descriptive count of startups in this dataset only - NOT an external market-size estimate),"N/A - internal aggregate, see Sources sheet for underlying Kaggle datasets",2026-08-13
MKT-00423,MarTech,Unknown,Greece,Unknown,Unknown,Unknown,Unknown,Unknown,Unknown,Unknown,Unknown,2026,4,8877879.0,Derived from LaunchLens cleaned pool (descriptive count of startups in this dataset only - NOT an external market-size estimate),"N/A - internal aggregate, see Sources sheet for underlying Kaggle datasets",2026-08-13
MKT-00424,MarTech,Unknown,Hong Kong,Unknown,Unknown,Unknown,Unknown,Unknown,Unknown,Unknown,Unknown,2026,12,89466400.0,Derived from LaunchLens cleaned pool (descriptive count of startups in this dataset only - NOT an external market-size estimate),"N/A - internal aggregate, see Sources sheet for underlying Kaggle datasets",2026-08-13
MKT-00425,MarTech,Unknown,Hungary,Unknown,Unknown,Unknown,Unknown,Unknown,Unknown,Unknown,Unknown,2026,3,2606011.0,Derived from LaunchLens cleaned pool (descriptive count of startups in this dataset only - NOT an external market-size estimate),"N/A - internal aggregate, see Sources sheet for underlying Kaggle datasets",2026-08-13
MKT-00426,MarTech,Unknown,India,Unknown,Unknown,Unknown,Unknown,Unknown,Unknown,Unknown,Unknown,2026,76,428176149.0,Derived from LaunchLens cleaned pool (descriptive count of startups in this dataset only - NOT an external market-size estimate),"N/A - internal aggregate, see Sources sheet for underlying Kaggle datasets",2026-08-13
MKT-00427,MarTech,Unknown,Indonesia,Unknown,Unknown,Unknown,Unknown,Unknown,Unknown,Unknown,Unknown,2026,7,6012500.0,Derived from LaunchLens cleaned pool (descriptive count of startups in this dataset only - NOT an external market-size estimate),"N/A - internal aggregate, see Sources sheet for underlying Kaggle datasets",2026-08-13
MKT-00428,MarTech,Unknown,Ireland,Unknown,Unknown,Unknown,Unknown,Unknown,Unknown,Unknown,Unknown,2026,32,105994491.62358682,Derived from LaunchLens cleaned pool (descriptive count of startups in this dataset only - NOT an external market-size estimate),"N/A - internal aggregate, see Sources sheet for underlying Kaggle datasets",2026-08-13
MKT-00429,MarTech,Unknown,Israel,Unknown,Unknown,Unknown,Unknown,Unknown,Unknown,Unknown,Unknown,2026,75,713828653.0,Derived from LaunchLens cleaned pool (descriptive count of startups in this dataset only - NOT an external market-size estimate),"N/A - internal aggregate, see Sources sheet for underlying Kaggle datasets",2026-08-13
MKT-00430,MarTech,Unknown,Italy,Unknown,Unknown,Unknown,Unknown,Unknown,Unknown,Unknown,Unknown,2026,30,92594616.03896013,Derived from LaunchLens cleaned pool (descriptive count of startups in this dataset only - NOT an external market-size estimate),"N/A - internal aggregate, see Sources sheet for underlying Kaggle datasets",2026-08-13
MKT-00431,MarTech,Unknown,Japan,Unknown,Unknown,Unknown,Unknown,Unknown,Unknown,Unknown,Unknown,2026,20,111670342.0,Derived from LaunchLens cleaned pool (descriptive count of startups in this dataset only - NOT an external market-size estimate),"N/A - internal aggregate, see Sources sheet for underlying Kaggle datasets",2026-08-13
MKT-00432,MarTech,Unknown,Lithuania,Unknown,Unknown,Unknown,Unknown,Unknown,Unknown,Unknown,Unknown,2026,5,1857652.3214501443,Derived from LaunchLens cleaned pool (descriptive count of startups in this dataset only - NOT an external market-size estimate),"N/A - internal aggregate, see Sources sheet for underlying Kaggle datasets",2026-08-13
MKT-00433,MarTech,Unknown,Luxembourg,Unknown,Unknown,Unknown,Unknown,Unknown,Unknown,Unknown,Unknown,2026,3,9220000.0,Derived from LaunchLens cleaned pool (descriptive count of startups in this dataset only - NOT an external market-size estimate),"N/A - internal aggregate, see Sources sheet for underlying Kaggle datasets",2026-08-13
MKT-00434,MarTech,Unknown,Malaysia,Unknown,Unknown,Unknown,Unknown,Unknown,Unknown,Unknown,Unknown,2026,7,7720954.0,Derived from LaunchLens cleaned pool (descriptive count of startups in this dataset only - NOT an external market-size estimate),"N/A - internal aggregate, see Sources sheet for underlying Kaggle datasets",2026-08-13
MKT-00435,MarTech,Unknown,Mexico,Unknown,Unknown,Unknown,Unknown,Unknown,Unknown,Unknown,Unknown,2026,10,97888970.0,Derived from LaunchLens cleaned pool (descriptive count of startups in this dataset only - NOT an external market-size estimate),"N/A - internal aggregate, see Sources sheet for underlying Kaggle datasets",2026-08-13
MKT-00436,MarTech,Unknown,Netherlands,Unknown,Unknown,Unknown,Unknown,Unknown,Unknown,Unknown,Unknown,2026,29,64755778.0,Derived from LaunchLens cleaned pool (descriptive count of startups in this dataset only - NOT an external market-size estimate),"N/A - internal aggregate, see Sources sheet for underlying Kaggle datasets",2026-08-13
MKT-00437,MarTech,Unknown,New Zealand,Unknown,Unknown,Unknown,Unknown,Unknown,Unknown,Unknown,Unknown,2026,5,5096500.0,Derived from LaunchLens cleaned pool (descriptive count of startups in this dataset only - NOT an external market-size estimate),"N/A - internal aggregate, see Sources sheet for underlying Kaggle datasets",2026-08-13
MKT-00438,MarTech,Unknown,Norway,Unknown,Unknown,Unknown,Unknown,Unknown,Unknown,Unknown,Unknown,2026,8,20824657.5795426,Derived from LaunchLens cleaned pool (descriptive count of startups in this dataset only - NOT an external market-size estimate),"N/A - internal aggregate, see Sources sheet for underlying Kaggle datasets",2026-08-13
MKT-00439,MarTech,Unknown,Pakistan,Unknown,Unknown,Unknown,Unknown,Unknown,Unknown,Unknown,Unknown,2026,3,125000.0,Derived from LaunchLens cleaned pool (descriptive count of startups in this dataset only - NOT an external market-size estimate),"N/A - internal aggregate, see Sources sheet for underlying Kaggle datasets",2026-08-13
MKT-00440,MarTech,Unknown,Philippines,Unknown,Unknown,Unknown,Unknown,Unknown,Unknown,Unknown,Unknown,2026,3,7205000.0,Derived from LaunchLens cleaned pool (descriptive count of startups in this dataset only - NOT an external market-size estimate),"N/A - internal aggregate, see Sources sheet for underlying Kaggle datasets",2026-08-13
MKT-00441,MarTech,Unknown,Poland,Unknown,Unknown,Unknown,Unknown,Unknown,Unknown,Unknown,Unknown,2026,20,12288787.0,Derived from LaunchLens cleaned pool (descriptive count of startups in this dataset only - NOT an external market-size estimate),"N/A - internal aggregate, see Sources sheet for underlying Kaggle datasets",2026-08-13
MKT-00442,MarTech,Unknown,Portugal,Unknown,Unknown,Unknown,Unknown,Unknown,Unknown,Unknown,Unknown,2026,6,1548011.4099476459,Derived from LaunchLens cleaned pool (descriptive count of startups in this dataset only - NOT an external market-size estimate),"N/A - internal aggregate, see Sources sheet for underlying Kaggle datasets",2026-08-13
MKT-00443,MarTech,Unknown,Russia,Unknown,Unknown,Unknown,Unknown,Unknown,Unknown,Unknown,Unknown,2026,42,1417273646.0,Derived from LaunchLens cleaned pool (descriptive count of startups in this dataset only - NOT an external market-size estimate),"N/A - internal aggregate, see Sources sheet for underlying Kaggle datasets",2026-08-13
MKT-00444,MarTech,Unknown,Singapore,Unknown,Unknown,Unknown,Unknown,Unknown,Unknown,Unknown,Unknown,2026,43,241735543.7804878,Derived from LaunchLens cleaned pool (descriptive count of startups in this dataset only - NOT an external market-size estimate),"N/A - internal aggregate, see Sources sheet for underlying Kaggle datasets",2026-08-13
MKT-00445,MarTech,Unknown,South Africa,Unknown,Unknown,Unknown,Unknown,Unknown,Unknown,Unknown,Unknown,2026,4,33700000.0,Derived from LaunchLens cleaned pool (descriptive count of startups in this dataset only - NOT an external market-size estimate),"N/A - internal aggregate, see Sources sheet for underlying Kaggle datasets",2026-08-13
MKT-00446,MarTech,Unknown,South Korea,Unknown,Unknown,Unknown,Unknown,Unknown,Unknown,Unknown,Unknown,2026,20,54989577.0,Derived from LaunchLens cleaned pool (descriptive count of startups in this dataset only - NOT an external market-size estimate),"N/A - internal aggregate, see Sources sheet for underlying Kaggle datasets",2026-08-13
MKT-00447,MarTech,Unknown,Spain,Unknown,Unknown,Unknown,Unknown,Unknown,Unknown,Unknown,Unknown,2026,62,848945275.613254,Derived from LaunchLens cleaned pool (descriptive count of startups in this dataset only - NOT an external market-size estimate),"N/A - internal aggregate, see Sources sheet for underlying Kaggle datasets",2026-08-13
MKT-00448,MarTech,Unknown,Sweden,Unknown,Unknown,Unknown,Unknown,Unknown,Unknown,Unknown,Unknown,2026,23,63929429.54289606,Derived from LaunchLens cleaned pool (descriptive count of startups in this dataset only - NOT an external market-size estimate),"N/A - internal aggregate, see Sources sheet for underlying Kaggle datasets",2026-08-13
MKT-00449,MarTech,Unknown,Switzerland,Unknown,Unknown,Unknown,Unknown,Unknown,Unknown,Unknown,Unknown,2026,11,17268056.0,Derived from LaunchLens cleaned pool (descriptive count of startups in this dataset only - NOT an external market-size estimate),"N/A - internal aggregate, see Sources sheet for underlying Kaggle datasets",2026-08-13
MKT-00450,MarTech,Unknown,Thailand,Unknown,Unknown,Unknown,Unknown,Unknown,Unknown,Unknown,Unknown,2026,3,4560000.0,Derived from LaunchLens cleaned pool (descriptive count of startups in this dataset only - NOT an external market-size estimate),"N/A - internal aggregate, see Sources sheet for underlying Kaggle datasets",2026-08-13
MKT-00451,MarTech,Unknown,Turkey,Unknown,Unknown,Unknown,Unknown,Unknown,Unknown,Unknown,Unknown,2026,14,6327014.0,Derived from LaunchLens cleaned pool (descriptive count of startups in this dataset only - NOT an external market-size estimate),"N/A - internal aggregate, see Sources sheet for underlying Kaggle datasets",2026-08-13
MKT-00452,MarTech,Unknown,Ukraine,Unknown,Unknown,Unknown,Unknown,Unknown,Unknown,Unknown,Unknown,2026,5,7896000.0,Derived from LaunchLens cleaned pool (descriptive count of startups in this dataset only - NOT an external market-size estimate),"N/A - internal aggregate, see Sources sheet for underlying Kaggle datasets",2026-08-13
MKT-00453,MarTech,Unknown,United Arab Emirates,Unknown,Unknown,Unknown,Unknown,Unknown,Unknown,Unknown,Unknown,2026,8,42472000.0,Derived from LaunchLens cleaned pool (descriptive count of startups in this dataset only - NOT an external market-size estimate),"N/A - internal aggregate, see Sources sheet for underlying Kaggle datasets",2026-08-13
MKT-00454,MarTech,Unknown,United Kingdom,Unknown,Unknown,Unknown,Unknown,Unknown,Unknown,Unknown,Unknown,2026,271,1166704504.7126021,Derived from LaunchLens cleaned pool (descriptive count of startups in this dataset only - NOT an external market-size estimate),"N/A - internal aggregate, see Sources sheet for underlying Kaggle datasets",2026-08-13
MKT-00455,MarTech,Unknown,United States,Unknown,Unknown,Unknown,Unknown,Unknown,Unknown,Unknown,Unknown,2026,2414,36581810002.04905,Derived from LaunchLens cleaned pool (descriptive count of startups in this dataset only - NOT an external market-size estimate),"N/A - internal aggregate, see Sources sheet for underlying Kaggle datasets",2026-08-13
MKT-00456,Media & Entertainment,Unknown,Argentina,Unknown,Unknown,Unknown,Unknown,Unknown,Unknown,Unknown,Unknown,2026,33,121502214.0,Derived from LaunchLens cleaned pool (descriptive count of startups in this dataset only - NOT an external market-size estimate),"N/A - internal aggregate, see Sources sheet for underlying Kaggle datasets",2026-08-13
MKT-00457,Media & Entertainment,Unknown,Australia,Unknown,Unknown,Unknown,Unknown,Unknown,Unknown,Unknown,Unknown,2026,45,50298534.363655016,Derived from LaunchLens cleaned pool (descriptive count of startups in this dataset only - NOT an external market-size estimate),"N/A - internal aggregate, see Sources sheet for underlying Kaggle datasets",2026-08-13
MKT-00458,Media & Entertainment,Unknown,Austria,Unknown,Unknown,Unknown,Unknown,Unknown,Unknown,Unknown,Unknown,2026,19,21549304.03670139,Derived from LaunchLens cleaned pool (descriptive count of startups in this dataset only - NOT an external market-size estimate),"N/A - internal aggregate, see Sources sheet for underlying Kaggle datasets",2026-08-13
MKT-00459,Media & Entertainment,Unknown,Belgium,Unknown,Unknown,Unknown,Unknown,Unknown,Unknown,Unknown,Unknown,2026,21,45511496.75486333,Derived from LaunchLens cleaned pool (descriptive count of startups in this dataset only - NOT an external market-size estimate),"N/A - internal aggregate, see Sources sheet for underlying Kaggle datasets",2026-08-13
MKT-00460,Media & Entertainment,Unknown,Brazil,Unknown,Unknown,Unknown,Unknown,Unknown,Unknown,Unknown,Unknown,2026,51,28465126.0,Derived from LaunchLens cleaned pool (descriptive count of startups in this dataset only - NOT an external market-size estimate),"N/A - internal aggregate, see Sources sheet for underlying Kaggle datasets",2026-08-13
MKT-00461,Media & Entertainment,Unknown,Bulgaria,Unknown,Unknown,Unknown,Unknown,Unknown,Unknown,Unknown,Unknown,2026,17,1957554.175341835,Derived from LaunchLens cleaned pool (descriptive count of startups in this dataset only - NOT an external market-size estimate),"N/A - internal aggregate, see Sources sheet for underlying Kaggle datasets",2026-08-13
MKT-00462,Media & Entertainment,Unknown,Canada,Unknown,Unknown,Unknown,Unknown,Unknown,Unknown,Unknown,Unknown,2026,210,1320369324.6008115,Derived from LaunchLens cleaned pool (descriptive count of startups in this dataset only - NOT an external market-size estimate),"N/A - internal aggregate, see Sources sheet for underlying Kaggle datasets",2026-08-13
MKT-00463,Media & Entertainment,Unknown,Chile,Unknown,Unknown,Unknown,Unknown,Unknown,Unknown,Unknown,Unknown,2026,42,7791981.0,Derived from LaunchLens cleaned pool (descriptive count of startups in this dataset only - NOT an external market-size estimate),"N/A - internal aggregate, see Sources sheet for underlying Kaggle datasets",2026-08-13
MKT-00464,Media & Entertainment,Unknown,China,Unknown,Unknown,Unknown,Unknown,Unknown,Unknown,Unknown,Unknown,2026,212,6438777127.0,Derived from LaunchLens cleaned pool (descriptive count of startups in this dataset only - NOT an external market-size estimate),"N/A - internal aggregate, see Sources sheet for underlying Kaggle datasets",2026-08-13
MKT-00465,Media & Entertainment,Unknown,Colombia,Unknown,Unknown,Unknown,Unknown,Unknown,Unknown,Unknown,Unknown,2026,8,4036893.0,Derived from LaunchLens cleaned pool (descriptive count of startups in this dataset only - NOT an external market-size estimate),"N/A - internal aggregate, see Sources sheet for underlying Kaggle datasets",2026-08-13
MKT-00466,Media & Entertainment,Unknown,Costa Rica,Unknown,Unknown,Unknown,Unknown,Unknown,Unknown,Unknown,Unknown,2026,4,922000.0,Derived from LaunchLens cleaned pool (descriptive count of startups in this dataset only - NOT an external market-size estimate),"N/A - internal aggregate, see Sources sheet for underlying Kaggle datasets",2026-08-13
MKT-00467,Media & Entertainment,Unknown,Cyprus,Unknown,Unknown,Unknown,Unknown,Unknown,Unknown,Unknown,Unknown,2026,4,3377900.0,Derived from LaunchLens cleaned pool (descriptive count of startups in this dataset only - NOT an external market-size estimate),"N/A - internal aggregate, see Sources sheet for underlying Kaggle datasets",2026-08-13
MKT-00468,Media & Entertainment,Unknown,Czech Republic,Unknown,Unknown,Unknown,Unknown,Unknown,Unknown,Unknown,Unknown,2026,14,44935979.54666767,Derived from LaunchLens cleaned pool (descriptive count of startups in this dataset only - NOT an external market-size estimate),"N/A - internal aggregate, see Sources sheet for underlying Kaggle datasets",2026-08-13
MKT-00469,Media & Entertainment,Unknown,Denmark,Unknown,Unknown,Unknown,Unknown,Unknown,Unknown,Unknown,Unknown,2026,27,68846503.54666767,Derived from LaunchLens cleaned pool (descriptive count of startups in this dataset only - NOT an external market-size estimate),"N/A - internal aggregate, see Sources sheet for underlying Kaggle datasets",2026-08-13
MKT-00470,Media & Entertainment,Unknown,Egypt,Unknown,Unknown,Unknown,Unknown,Unknown,Unknown,Unknown,Unknown,2026,3,211000.0,Derived from LaunchLens cleaned pool (descriptive count of startups in this dataset only - NOT an external market-size estimate),"N/A - internal aggregate, see Sources sheet for underlying Kaggle datasets",2026-08-13
MKT-00471,Media & Entertainment,Unknown,Estonia,Unknown,Unknown,Unknown,Unknown,Unknown,Unknown,Unknown,Unknown,2026,16,3145904.0,Derived from LaunchLens cleaned pool (descriptive count of startups in this dataset only - NOT an external market-size estimate),"N/A - internal aggregate, see Sources sheet for underlying Kaggle datasets",2026-08-13
MKT-00472,Media & Entertainment,Unknown,Finland,Unknown,Unknown,Unknown,Unknown,Unknown,Unknown,Unknown,Unknown,2026,48,324681687.72380567,Derived from LaunchLens cleaned pool (descriptive count of startups in this dataset only - NOT an external market-size estimate),"N/A - internal aggregate, see Sources sheet for underlying Kaggle datasets",2026-08-13
MKT-00473,Media & Entertainment,Unknown,France,Unknown,Unknown,Unknown,Unknown,Unknown,Unknown,Unknown,Unknown,2026,136,1270325154.1037364,Derived from LaunchLens cleaned pool (descriptive count of startups in this dataset only - NOT an external market-size estimate),"N/A - internal aggregate, see Sources sheet for underlying Kaggle datasets",2026-08-13
MKT-00474,Media & Entertainment,Unknown,Germany,Unknown,Unknown,Unknown,Unknown,Unknown,Unknown,Unknown,Unknown,2026,93,723812608.8072691,Derived from LaunchLens cleaned pool (descriptive count of startups in this dataset only - NOT an external market-size estimate),"N/A - internal aggregate, see Sources sheet for underlying Kaggle datasets",2026-08-13
MKT-00475,Media & Entertainment,Unknown,Ghana,Unknown,Unknown,Unknown,Unknown,Unknown,Unknown,Unknown,Unknown,2026,3,125000.0,Derived from LaunchLens cleaned pool (descriptive count of startups in this dataset only - NOT an external market-size estimate),"N/A - internal aggregate, see Sources sheet for underlying Kaggle datasets",2026-08-13
MKT-00476,Media & Entertainment,Unknown,Greece,Unknown,Unknown,Unknown,Unknown,Unknown,Unknown,Unknown,Unknown,2026,4,1607769.0,Derived from LaunchLens cleaned pool (descriptive count of startups in this dataset only - NOT an external market-size estimate),"N/A - internal aggregate, see Sources sheet for underlying Kaggle datasets",2026-08-13
MKT-00477,Media & Entertainment,Unknown,Hong Kong,Unknown,Unknown,Unknown,Unknown,Unknown,Unknown,Unknown,Unknown,2026,43,1000013006.0,Derived from LaunchLens cleaned pool (descriptive count of startups in this dataset only - NOT an external market-size estimate),"N/A - internal aggregate, see Sources sheet for underlying Kaggle datasets",2026-08-13
MKT-00478,Media & Entertainment,Unknown,Hungary,Unknown,Unknown,Unknown,Unknown,Unknown,Unknown,Unknown,Unknown,2026,7,1027910.0,Derived from LaunchLens cleaned pool (descriptive count of startups in this dataset only - NOT an external market-size estimate),"N/A - internal aggregate, see Sources sheet for underlying Kaggle datasets",2026-08-13
MKT-00479,Media & Entertainment,Unknown,Iceland,Unknown,Unknown,Unknown,Unknown,Unknown,Unknown,Unknown,Unknown,2026,7,84038823.0,Derived from LaunchLens cleaned pool (descriptive count of startups in this dataset only - NOT an external market-size estimate),"N/A - internal aggregate, see Sources sheet for underlying Kaggle datasets",2026-08-13
MKT-00480,Media & Entertainment,Unknown,India,Unknown,Unknown,Unknown,Unknown,Unknown,Unknown,Unknown,Unknown,2026,114,611095644.0,Derived from LaunchLens cleaned pool (descriptive count of startups in this dataset only - NOT an external market-size estimate),"N/A - internal aggregate, see Sources sheet for underlying Kaggle datasets",2026-08-13
MKT-00481,Media & Entertainment,Unknown,Indonesia,Unknown,Unknown,Unknown,Unknown,Unknown,Unknown,Unknown,Unknown,2026,12,32152700.0,Derived from LaunchLens cleaned pool (descriptive count of startups in this dataset only - NOT an external market-size estimate),"N/A - internal aggregate, see Sources sheet for underlying Kaggle datasets",2026-08-13
MKT-00482,Media & Entertainment,Unknown,Ireland,Unknown,Unknown,Unknown,Unknown,Unknown,Unknown,Unknown,Unknown,2026,57,69529092.50437805,Derived from LaunchLens cleaned pool (descriptive count of startups in this dataset only - NOT an external market-size estimate),"N/A - internal aggregate, see Sources sheet for underlying Kaggle datasets",2026-08-13
MKT-00483,Media & Entertainment,Unknown,Israel,Unknown,Unknown,Unknown,Unknown,Unknown,Unknown,Unknown,Unknown,2026,135,680908017.0,Derived from LaunchLens cleaned pool (descriptive count of startups in this dataset only - NOT an external market-size estimate),"N/A - internal aggregate, see Sources sheet for underlying Kaggle datasets",2026-08-13
MKT-00484,Media & Entertainment,Unknown,Italy,Unknown,Unknown,Unknown,Unknown,Unknown,Unknown,Unknown,Unknown,2026,54,47313068.9442521,Derived from LaunchLens cleaned pool (descriptive count of startups in this dataset only - NOT an external market-size estimate),"N/A - internal aggregate, see Sources sheet for underlying Kaggle datasets",2026-08-13
MKT-00485,Media & Entertainment,Unknown,Japan,Unknown,Unknown,Unknown,Unknown,Unknown,Unknown,Unknown,Unknown,2026,57,783448715.7764249,Derived from LaunchLens cleaned pool (descriptive count of startups in this dataset only - NOT an external market-size estimate),"N/A - internal aggregate, see Sources sheet for underlying Kaggle datasets",2026-08-13
MKT-00486,Media & Entertainment,Unknown,Jordan,Unknown,Unknown,Unknown,Unknown,Unknown,Unknown,Unknown,Unknown,2026,12,5480535.0,Derived from LaunchLens cleaned pool (descriptive count of startups in this dataset only - NOT an external market-size estimate),"N/A - internal aggregate, see Sources sheet for underlying Kaggle datasets",2026-08-13
MKT-00487,Media & Entertainment,Unknown,Latvia,Unknown,Unknown,Unknown,Unknown,Unknown,Unknown,Unknown,Unknown,2026,4,21088777.0,Derived from LaunchLens cleaned pool (descriptive count of startups in this dataset only - NOT an external market-size estimate),"N/A - internal aggregate, see Sources sheet for underlying Kaggle datasets",2026-08-13
MKT-00488,Media & Entertainment,Unknown,Lebanon,Unknown,Unknown,Unknown,Unknown,Unknown,Unknown,Unknown,Unknown,2026,8,5230000.0,Derived from LaunchLens cleaned pool (descriptive count of startups in this dataset only - NOT an external market-size estimate),"N/A - internal aggregate, see Sources sheet for underlying Kaggle datasets",2026-08-13
MKT-00489,Media & Entertainment,Unknown,Lithuania,Unknown,Unknown,Unknown,Unknown,Unknown,Unknown,Unknown,Unknown,2026,8,57833685.0,Derived from LaunchLens cleaned pool (descriptive count of startups in this dataset only - NOT an external market-size estimate),"N/A - internal aggregate, see Sources sheet for underlying Kaggle datasets",2026-08-13
MKT-00490,Media & Entertainment,Unknown,Luxembourg,Unknown,Unknown,Unknown,Unknown,Unknown,Unknown,Unknown,Unknown,2026,3,81459923.0,Derived from LaunchLens cleaned pool (descriptive count of startups in this dataset only - NOT an external market-size estimate),"N/A - internal aggregate, see Sources sheet for underlying Kaggle datasets",2026-08-13
MKT-00491,Media & Entertainment,Unknown,Malaysia,Unknown,Unknown,Unknown,Unknown,Unknown,Unknown,Unknown,Unknown,2026,16,82341000.0,Derived from LaunchLens cleaned pool (descriptive count of startups in this dataset only - NOT an external market-size estimate),"N/A - internal aggregate, see Sources sheet for underlying Kaggle datasets",2026-08-13
MKT-00492,Media & Entertainment,Unknown,Mexico,Unknown,Unknown,Unknown,Unknown,Unknown,Unknown,Unknown,Unknown,2026,13,1238651.0,Derived from LaunchLens cleaned pool (descriptive count of startups in this dataset only - NOT an external market-size estimate),"N/A - internal aggregate, see Sources sheet for underlying Kaggle datasets",2026-08-13
MKT-00493,Media & Entertainment,Unknown,Netherlands,Unknown,Unknown,Unknown,Unknown,Unknown,Unknown,Unknown,Unknown,2026,49,74016185.0,Derived from LaunchLens cleaned pool (descriptive count of startups in this dataset only - NOT an external market-size estimate),"N/A - internal aggregate, see Sources sheet for underlying Kaggle datasets",2026-08-13
MKT-00494,Media & Entertainment,Unknown,New Zealand,Unknown,Unknown,Unknown,Unknown,Unknown,Unknown,Unknown,Unknown,2026,5,20144077.0,Derived from LaunchLens cleaned pool (descriptive count of startups in this dataset only - NOT an external market-size estimate),"N/A - internal aggregate, see Sources sheet for underlying Kaggle datasets",2026-08-13
MKT-00495,Media & Entertainment,Unknown,Nigeria,Unknown,Unknown,Unknown,Unknown,Unknown,Unknown,Unknown,Unknown,2026,5,16050700.0,Derived from LaunchLens cleaned pool (descriptive count of startups in this dataset only - NOT an external market-size estimate),"N/A - internal aggregate, see Sources sheet for underlying Kaggle datasets",2026-08-13
MKT-00496,Media & Entertainment,Unknown,Norway,Unknown,Unknown,Unknown,Unknown,Unknown,Unknown,Unknown,Unknown,2026,20,507269567.626759,Derived from LaunchLens cleaned pool (descriptive count of startups in this dataset only - NOT an external market-size estimate),"N/A - internal aggregate, see Sources sheet for underlying Kaggle datasets",2026-08-13
MKT-00497,Media & Entertainment,Unknown,Pakistan,Unknown,Unknown,Unknown,Unknown,Unknown,Unknown,Unknown,Unknown,2026,3,225500.0,Derived from LaunchLens cleaned pool (descriptive count of startups in this dataset only - NOT an external market-size estimate),"N/A - internal aggregate, see Sources sheet for underlying Kaggle datasets",2026-08-13
MKT-00498,Media & Entertainment,Unknown,Peru,Unknown,Unknown,Unknown,Unknown,Unknown,Unknown,Unknown,Unknown,2026,6,860207.0,Derived from LaunchLens cleaned pool (descriptive count of startups in this dataset only - NOT an external market-size estimate),"N/A - internal aggregate, see Sources sheet for underlying Kaggle datasets",2026-08-13
MKT-00499,Media & Entertainment,Unknown,Philippines,Unknown,Unknown,Unknown,Unknown,Unknown,Unknown,Unknown,Unknown,2026,11,10766000.0,Derived from LaunchLens cleaned pool (descriptive count of startups in this dataset only - NOT an external market-size estimate),"N/A - internal aggregate, see Sources sheet for underlying Kaggle datasets",2026-08-13
MKT-00500,Media & Entertainment,Unknown,Poland,Unknown,Unknown,Unknown,Unknown,Unknown,Unknown,Unknown,Unknown,2026,27,67675306.33156207,Derived from LaunchLens cleaned pool (descriptive count of startups in this dataset only - NOT an external market-size estimate),"N/A - internal aggregate, see Sources sheet for underlying Kaggle datasets",2026-08-13
MKT-00501,Media & Entertainment,Unknown,Portugal,Unknown,Unknown,Unknown,Unknown,Unknown,Unknown,Unknown,Unknown,2026,13,11784206.0,Derived from LaunchLens cleaned pool (descriptive count of startups in this dataset only - NOT an external market-size estimate),"N/A - internal aggregate, see Sources sheet for underlying Kaggle datasets",2026-08-13
MKT-00502,Media & Entertainment,Unknown,Romania (non-standard code),Unknown,Unknown,Unknown,Unknown,Unknown,Unknown,Unknown,Unknown,2026,6,448941.0,Derived from LaunchLens cleaned pool (descriptive count of startups in this dataset only - NOT an external market-size estimate),"N/A - internal aggregate, see Sources sheet for underlying Kaggle datasets",2026-08-13
MKT-00503,Media & Entertainment,Unknown,Russia,Unknown,Unknown,Unknown,Unknown,Unknown,Unknown,Unknown,Unknown,2026,64,412671134.08217275,Derived from LaunchLens cleaned pool (descriptive count of startups in this dataset only - NOT an external market-size estimate),"N/A - internal aggregate, see Sources sheet for underlying Kaggle datasets",2026-08-13
MKT-00504,Media & Entertainment,Unknown,Singapore,Unknown,Unknown,Unknown,Unknown,Unknown,Unknown,Unknown,Unknown,2026,62,334409829.0,Derived from LaunchLens cleaned pool (descriptive count of startups in this dataset only - NOT an external market-size estimate),"N/A - internal aggregate, see Sources sheet for underlying Kaggle datasets",2026-08-13
MKT-00505,Media & Entertainment,Unknown,Slovakia,Unknown,Unknown,Unknown,Unknown,Unknown,Unknown,Unknown,Unknown,2026,3,0.0,Derived from LaunchLens cleaned pool (descriptive count of startups in this dataset only - NOT an external market-size estimate),"N/A - internal aggregate, see Sources sheet for underlying Kaggle datasets",2026-08-13
MKT-00506,Media & Entertainment,Unknown,Slovenia,Unknown,Unknown,Unknown,Unknown,Unknown,Unknown,Unknown,Unknown,2026,5,1012118.0,Derived from LaunchLens cleaned pool (descriptive count of startups in this dataset only - NOT an external market-size estimate),"N/A - internal aggregate, see Sources sheet for underlying Kaggle datasets",2026-08-13
MKT-00507,Media & Entertainment,Unknown,South Africa,Unknown,Unknown,Unknown,Unknown,Unknown,Unknown,Unknown,Unknown,2026,14,4900000.0,Derived from LaunchLens cleaned pool (descriptive count of startups in this dataset only - NOT an external market-size estimate),"N/A - internal aggregate, see Sources sheet for underlying Kaggle datasets",2026-08-13
MKT-00508,Media & Entertainment,Unknown,South Korea,Unknown,Unknown,Unknown,Unknown,Unknown,Unknown,Unknown,Unknown,2026,80,545717498.7263072,Derived from LaunchLens cleaned pool (descriptive count of startups in this dataset only - NOT an external market-size estimate),"N/A - internal aggregate, see Sources sheet for underlying Kaggle datasets",2026-08-13
MKT-00509,Media & Entertainment,Unknown,Spain,Unknown,Unknown,Unknown,Unknown,Unknown,Unknown,Unknown,Unknown,2026,120,207530077.9059242,Derived from LaunchLens cleaned pool (descriptive count of startups in this dataset only - NOT an external market-size estimate),"N/A - internal aggregate, see Sources sheet for underlying Kaggle datasets",2026-08-13
MKT-00510,Media & Entertainment,Unknown,Sweden,Unknown,Unknown,Unknown,Unknown,Unknown,Unknown,Unknown,Unknown,2026,63,1289777907.931311,Derived from LaunchLens cleaned pool (descriptive count of startups in this dataset only - NOT an external market-size estimate),"N/A - internal aggregate, see Sources sheet for underlying Kaggle datasets",2026-08-13
MKT-00511,Media & Entertainment,Unknown,Switzerland,Unknown,Unknown,Unknown,Unknown,Unknown,Unknown,Unknown,Unknown,2026,28,195142888.15818667,Derived from LaunchLens cleaned pool (descriptive count of startups in this dataset only - NOT an external market-size estimate),"N/A - internal aggregate, see Sources sheet for underlying Kaggle datasets",2026-08-13
MKT-00512,Media & Entertainment,Unknown,Taiwan,Unknown,Unknown,Unknown,Unknown,Unknown,Unknown,Unknown,Unknown,2026,13,125170000.0,Derived from LaunchLens cleaned pool (descriptive count of startups in this dataset only - NOT an external market-size estimate),"N/A - internal aggregate, see Sources sheet for underlying Kaggle datasets",2026-08-13
MKT-00513,Media & Entertainment,Unknown,Thailand,Unknown,Unknown,Unknown,Unknown,Unknown,Unknown,Unknown,Unknown,2026,11,12178436.0,Derived from LaunchLens cleaned pool (descriptive count of startups in this dataset only - NOT an external market-size estimate),"N/A - internal aggregate, see Sources sheet for underlying Kaggle datasets",2026-08-13
MKT-00514,Media & Entertainment,Unknown,Turkey,Unknown,Unknown,Unknown,Unknown,Unknown,Unknown,Unknown,Unknown,2026,26,27398890.0,Derived from LaunchLens cleaned pool (descriptive count of startups in this dataset only - NOT an external market-size estimate),"N/A - internal aggregate, see Sources sheet for underlying Kaggle datasets",2026-08-13
MKT-00515,Media & Entertainment,Unknown,Ukraine,Unknown,Unknown,Unknown,Unknown,Unknown,Unknown,Unknown,Unknown,2026,16,1115000.0,Derived from LaunchLens cleaned pool (descriptive count of startups in this dataset only - NOT an external market-size estimate),"N/A - internal aggregate, see Sources sheet for underlying Kaggle datasets",2026-08-13
MKT-00516,Media & Entertainment,Unknown,United Arab Emirates,Unknown,Unknown,Unknown,Unknown,Unknown,Unknown,Unknown,Unknown,2026,12,8043000.0,Derived from LaunchLens cleaned pool (descriptive count of startups in this dataset only - NOT an external market-size estimate),"N/A - internal aggregate, see Sources sheet for underlying Kaggle datasets",2026-08-13
MKT-00517,Media & Entertainment,Unknown,United Kingdom,Unknown,Unknown,Unknown,Unknown,Unknown,Unknown,Unknown,Unknown,2026,457,2026049713.121457,Derived from LaunchLens cleaned pool (descriptive count of startups in this dataset only - NOT an external market-size estimate),"N/A - internal aggregate, see Sources sheet for underlying Kaggle datasets",2026-08-13
MKT-00518,Media & Entertainment,Unknown,United States,Unknown,Unknown,Unknown,Unknown,Unknown,Unknown,Unknown,Unknown,2026,3741,44214849658.67095,Derived from LaunchLens cleaned pool (descriptive count of startups in this dataset only - NOT an external market-size estimate),"N/A - internal aggregate, see Sources sheet for underlying Kaggle datasets",2026-08-13
MKT-00519,Media & Entertainment,Unknown,Uruguay,Unknown,Unknown,Unknown,Unknown,Unknown,Unknown,Unknown,Unknown,2026,4,145000.0,Derived from LaunchLens cleaned pool (descriptive count of startups in this dataset only - NOT an external market-size estimate),"N/A - internal aggregate, see Sources sheet for underlying Kaggle datasets",2026-08-13
MKT-00520,Media & Entertainment,Unknown,Vietnam,Unknown,Unknown,Unknown,Unknown,Unknown,Unknown,Unknown,Unknown,2026,3,1820509.0,Derived from LaunchLens cleaned pool (descriptive count of startups in this dataset only - NOT an external market-size estimate),"N/A - internal aggregate, see Sources sheet for underlying Kaggle datasets",2026-08-13
MKT-00521,Mobility,Unknown,Argentina,Unknown,Unknown,Unknown,Unknown,Unknown,Unknown,Unknown,Unknown,2026,3,424000.0,Derived from LaunchLens cleaned pool (descriptive count of startups in this dataset only - NOT an external market-size estimate),"N/A - internal aggregate, see Sources sheet for underlying Kaggle datasets",2026-08-13
MKT-00522,Mobility,Unknown,Australia,Unknown,Unknown,Unknown,Unknown,Unknown,Unknown,Unknown,Unknown,2026,7,32592144.0,Derived from LaunchLens cleaned pool (descriptive count of startups in this dataset only - NOT an external market-size estimate),"N/A - internal aggregate, see Sources sheet for underlying Kaggle datasets",2026-08-13
MKT-00523,Mobility,Unknown,Brazil,Unknown,Unknown,Unknown,Unknown,Unknown,Unknown,Unknown,Unknown,2026,9,91027232.54179874,Derived from LaunchLens cleaned pool (descriptive count of startups in this dataset only - NOT an external market-size estimate),"N/A - internal aggregate, see Sources sheet for underlying Kaggle datasets",2026-08-13
MKT-00524,Mobility,Unknown,Canada,Unknown,Unknown,Unknown,Unknown,Unknown,Unknown,Unknown,Unknown,2026,25,290322678.34899664,Derived from LaunchLens cleaned pool (descriptive count of startups in this dataset only - NOT an external market-size estimate),"N/A - internal aggregate, see Sources sheet for underlying Kaggle datasets",2026-08-13
MKT-00525,Mobility,Unknown,Chile,Unknown,Unknown,Unknown,Unknown,Unknown,Unknown,Unknown,Unknown,2026,5,528483.0,Derived from LaunchLens cleaned pool (descriptive count of startups in this dataset only - NOT an external market-size estimate),"N/A - internal aggregate, see Sources sheet for underlying Kaggle datasets",2026-08-13
MKT-00526,Mobility,Unknown,China,Unknown,Unknown,Unknown,Unknown,Unknown,Unknown,Unknown,Unknown,2026,35,6937386837.0,Derived from LaunchLens cleaned pool (descriptive count of startups in this dataset only - NOT an external market-size estimate),"N/A - internal aggregate, see Sources sheet for underlying Kaggle datasets",2026-08-13
MKT-00527,Mobility,Unknown,Czech Republic,Unknown,Unknown,Unknown,Unknown,Unknown,Unknown,Unknown,Unknown,2026,3,2750000.0,Derived from LaunchLens cleaned pool (descriptive count of startups in this dataset only - NOT an external market-size estimate),"N/A - internal aggregate, see Sources sheet for underlying Kaggle datasets",2026-08-13
MKT-00528,Mobility,Unknown,Denmark,Unknown,Unknown,Unknown,Unknown,Unknown,Unknown,Unknown,Unknown,2026,5,19910229.88827189,Derived from LaunchLens cleaned pool (descriptive count of startups in this dataset only - NOT an external market-size estimate),"N/A - internal aggregate, see Sources sheet for underlying Kaggle datasets",2026-08-13
MKT-00529,Mobility,Unknown,Finland,Unknown,Unknown,Unknown,Unknown,Unknown,Unknown,Unknown,Unknown,2026,4,39183734.0,Derived from LaunchLens cleaned pool (descriptive count of startups in this dataset only - NOT an external market-size estimate),"N/A - internal aggregate, see Sources sheet for underlying Kaggle datasets",2026-08-13
MKT-00530,Mobility,Unknown,France,Unknown,Unknown,Unknown,Unknown,Unknown,Unknown,Unknown,Unknown,2026,17,44143824.0,Derived from LaunchLens cleaned pool (descriptive count of startups in this dataset only - NOT an external market-size estimate),"N/A - internal aggregate, see Sources sheet for underlying Kaggle datasets",2026-08-13
MKT-00531,Mobility,Unknown,Germany,Unknown,Unknown,Unknown,Unknown,Unknown,Unknown,Unknown,Unknown,2026,31,296424930.11029583,Derived from LaunchLens cleaned pool (descriptive count of startups in this dataset only - NOT an external market-size estimate),"N/A - internal aggregate, see Sources sheet for underlying Kaggle datasets",2026-08-13
MKT-00532,Mobility,Unknown,India,Unknown,Unknown,Unknown,Unknown,Unknown,Unknown,Unknown,Unknown,2026,43,1593516311.0,Derived from LaunchLens cleaned pool (descriptive count of startups in this dataset only - NOT an external market-size estimate),"N/A - internal aggregate, see Sources sheet for underlying Kaggle datasets",2026-08-13
MKT-00533,Mobility,Unknown,Ireland,Unknown,Unknown,Unknown,Unknown,Unknown,Unknown,Unknown,Unknown,2026,5,21846349.0,Derived from LaunchLens cleaned pool (descriptive count of startups in this dataset only - NOT an external market-size estimate),"N/A - internal aggregate, see Sources sheet for underlying Kaggle datasets",2026-08-13
MKT-00534,Mobility,Unknown,Israel,Unknown,Unknown,Unknown,Unknown,Unknown,Unknown,Unknown,Unknown,2026,4,176545000.0,Derived from LaunchLens cleaned pool (descriptive count of startups in this dataset only - NOT an external market-size estimate),"N/A - internal aggregate, see Sources sheet for underlying Kaggle datasets",2026-08-13
MKT-00535,Mobility,Unknown,Italy,Unknown,Unknown,Unknown,Unknown,Unknown,Unknown,Unknown,Unknown,2026,8,8696743.177406034,Derived from LaunchLens cleaned pool (descriptive count of startups in this dataset only - NOT an external market-size estimate),"N/A - internal aggregate, see Sources sheet for underlying Kaggle datasets",2026-08-13
MKT-00536,Mobility,Unknown,Mexico,Unknown,Unknown,Unknown,Unknown,Unknown,Unknown,Unknown,Unknown,2026,3,2192619.0,Derived from LaunchLens cleaned pool (descriptive count of startups in this dataset only - NOT an external market-size estimate),"N/A - internal aggregate, see Sources sheet for underlying Kaggle datasets",2026-08-13
MKT-00537,Mobility,Unknown,Netherlands,Unknown,Unknown,Unknown,Unknown,Unknown,Unknown,Unknown,Unknown,2026,10,580710256.0,Derived from LaunchLens cleaned pool (descriptive count of startups in this dataset only - NOT an external market-size estimate),"N/A - internal aggregate, see Sources sheet for underlying Kaggle datasets",2026-08-13
MKT-00538,Mobility,Unknown,Poland,Unknown,Unknown,Unknown,Unknown,Unknown,Unknown,Unknown,Unknown,2026,3,798687.0,Derived from LaunchLens cleaned pool (descriptive count of startups in this dataset only - NOT an external market-size estimate),"N/A - internal aggregate, see Sources sheet for underlying Kaggle datasets",2026-08-13
MKT-00539,Mobility,Unknown,Portugal,Unknown,Unknown,Unknown,Unknown,Unknown,Unknown,Unknown,Unknown,2026,4,55637313.0,Derived from LaunchLens cleaned pool (descriptive count of startups in this dataset only - NOT an external market-size estimate),"N/A - internal aggregate, see Sources sheet for underlying Kaggle datasets",2026-08-13
MKT-00540,Mobility,Unknown,Russia,Unknown,Unknown,Unknown,Unknown,Unknown,Unknown,Unknown,Unknown,2026,5,950000.0,Derived from LaunchLens cleaned pool (descriptive count of startups in this dataset only - NOT an external market-size estimate),"N/A - internal aggregate, see Sources sheet for underlying Kaggle datasets",2026-08-13
MKT-00541,Mobility,Unknown,Singapore,Unknown,Unknown,Unknown,Unknown,Unknown,Unknown,Unknown,Unknown,2026,3,1992601.0,Derived from LaunchLens cleaned pool (descriptive count of startups in this dataset only - NOT an external market-size estimate),"N/A - internal aggregate, see Sources sheet for underlying Kaggle datasets",2026-08-13
MKT-00542,Mobility,Unknown,Spain,Unknown,Unknown,Unknown,Unknown,Unknown,Unknown,Unknown,Unknown,2026,10,505998446.4056634,Derived from LaunchLens cleaned pool (descriptive count of startups in this dataset only - NOT an external market-size estimate),"N/A - internal aggregate, see Sources sheet for underlying Kaggle datasets",2026-08-13
MKT-00543,Mobility,Unknown,Sweden,Unknown,Unknown,Unknown,Unknown,Unknown,Unknown,Unknown,Unknown,2026,3,349841.0,Derived from LaunchLens cleaned pool (descriptive count of startups in this dataset only - NOT an external market-size estimate),"N/A - internal aggregate, see Sources sheet for underlying Kaggle datasets",2026-08-13
MKT-00544,Mobility,Unknown,Switzerland,Unknown,Unknown,Unknown,Unknown,Unknown,Unknown,Unknown,Unknown,2026,3,29470151.0,Derived from LaunchLens cleaned pool (descriptive count of startups in this dataset only - NOT an external market-size estimate),"N/A - internal aggregate, see Sources sheet for underlying Kaggle datasets",2026-08-13
MKT-00545,Mobility,Unknown,Turkey,Unknown,Unknown,Unknown,Unknown,Unknown,Unknown,Unknown,Unknown,2026,3,950000.0,Derived from LaunchLens cleaned pool (descriptive count of startups in this dataset only - NOT an external market-size estimate),"N/A - internal aggregate, see Sources sheet for underlying Kaggle datasets",2026-08-13
MKT-00546,Mobility,Unknown,United Kingdom,Unknown,Unknown,Unknown,Unknown,Unknown,Unknown,Unknown,Unknown,2026,53,297301257.12245464,Derived from LaunchLens cleaned pool (descriptive count of startups in this dataset only - NOT an external market-size estimate),"N/A - internal aggregate, see Sources sheet for underlying Kaggle datasets",2026-08-13
MKT-00547,Mobility,Unknown,United States,Unknown,Unknown,Unknown,Unknown,Unknown,Unknown,Unknown,Unknown,2026,503,14889273773.544052,Derived from LaunchLens cleaned pool (descriptive count of startups in this dataset only - NOT an external market-size estimate),"N/A - internal aggregate, see Sources sheet for underlying Kaggle datasets",2026-08-13
MKT-00548,Other / Unspecified,Unknown,Argentina,Unknown,Unknown,Unknown,Unknown,Unknown,Unknown,Unknown,Unknown,2026,22,13425387.0,Derived from LaunchLens cleaned pool (descriptive count of startups in this dataset only - NOT an external market-size estimate),"N/A - internal aggregate, see Sources sheet for underlying Kaggle datasets",2026-08-13
MKT-00549,Other / Unspecified,Unknown,Australia,Unknown,Unknown,Unknown,Unknown,Unknown,Unknown,Unknown,Unknown,2026,107,918798484.4052866,Derived from LaunchLens cleaned pool (descriptive count of startups in this dataset only - NOT an external market-size estimate),"N/A - internal aggregate, see Sources sheet for underlying Kaggle datasets",2026-08-13
MKT-00550,Other / Unspecified,Unknown,Austria,Unknown,Unknown,Unknown,Unknown,Unknown,Unknown,Unknown,Unknown,2026,24,90564698.00663519,Derived from LaunchLens cleaned pool (descriptive count of startups in this dataset only - NOT an external market-size estimate),"N/A - internal aggregate, see Sources sheet for underlying Kaggle datasets",2026-08-13
MKT-00551,Other / Unspecified,Unknown,Belgium,Unknown,Unknown,Unknown,Unknown,Unknown,Unknown,Unknown,Unknown,2026,26,75686286.8212205,Derived from LaunchLens cleaned pool (descriptive count of startups in this dataset only - NOT an external market-size estimate),"N/A - internal aggregate, see Sources sheet for underlying Kaggle datasets",2026-08-13
MKT-00552,Other / Unspecified,Unknown,Brazil,Unknown,Unknown,Unknown,Unknown,Unknown,Unknown,Unknown,Unknown,2026,75,501583127.8245614,Derived from LaunchLens cleaned pool (descriptive count of startups in this dataset only - NOT an external market-size estimate),"N/A - internal aggregate, see Sources sheet for underlying Kaggle datasets",2026-08-13
MKT-00553,Other / Unspecified,Unknown,Bulgaria,Unknown,Unknown,Unknown,Unknown,Unknown,Unknown,Unknown,Unknown,2026,15,11964436.84058762,Derived from LaunchLens cleaned pool (descriptive count of startups in this dataset only - NOT an external market-size estimate),"N/A - internal aggregate, see Sources sheet for underlying Kaggle datasets",2026-08-13
MKT-00554,Other / Unspecified,Unknown,Cambodia,Unknown,Unknown,Unknown,Unknown,Unknown,Unknown,Unknown,Unknown,2026,8,30000.0,Derived from LaunchLens cleaned pool (descriptive count of startups in this dataset only - NOT an external market-size estimate),"N/A - internal aggregate, see Sources sheet for underlying Kaggle datasets",2026-08-13
MKT-00555,Other / Unspecified,Unknown,Canada,Unknown,Unknown,Unknown,Unknown,Unknown,Unknown,Unknown,Unknown,2026,372,2747318952.809239,Derived from LaunchLens cleaned pool (descriptive count of startups in this dataset only - NOT an external market-size estimate),"N/A - internal aggregate, see Sources sheet for underlying Kaggle datasets",2026-08-13
MKT-00556,Other / Unspecified,Unknown,Chile,Unknown,Unknown,Unknown,Unknown,Unknown,Unknown,Unknown,Unknown,2026,64,4384393.0,Derived from LaunchLens cleaned pool (descriptive count of startups in this dataset only - NOT an external market-size estimate),"N/A - internal aggregate, see Sources sheet for underlying Kaggle datasets",2026-08-13
MKT-00557,Other / Unspecified,Unknown,China,Unknown,Unknown,Unknown,Unknown,Unknown,Unknown,Unknown,Unknown,2026,397,9319935622.0,Derived from LaunchLens cleaned pool (descriptive count of startups in this dataset only - NOT an external market-size estimate),"N/A - internal aggregate, see Sources sheet for underlying Kaggle datasets",2026-08-13
MKT-00558,Other / Unspecified,Unknown,Colombia,Unknown,Unknown,Unknown,Unknown,Unknown,Unknown,Unknown,Unknown,2026,8,47784671.0,Derived from LaunchLens cleaned pool (descriptive count of startups in this dataset only - NOT an external market-size estimate),"N/A - internal aggregate, see Sources sheet for underlying Kaggle datasets",2026-08-13
MKT-00559,Other / Unspecified,Unknown,Costa Rica,Unknown,Unknown,Unknown,Unknown,Unknown,Unknown,Unknown,Unknown,2026,3,40000.0,Derived from LaunchLens cleaned pool (descriptive count of startups in this dataset only - NOT an external market-size estimate),"N/A - internal aggregate, see Sources sheet for underlying Kaggle datasets",2026-08-13
MKT-00560,Other / Unspecified,Unknown,Cyprus,Unknown,Unknown,Unknown,Unknown,Unknown,Unknown,Unknown,Unknown,2026,3,6045107.0,Derived from LaunchLens cleaned pool (descriptive count of startups in this dataset only - NOT an external market-size estimate),"N/A - internal aggregate, see Sources sheet for underlying Kaggle datasets",2026-08-13
MKT-00561,Other / Unspecified,Unknown,Czech Republic,Unknown,Unknown,Unknown,Unknown,Unknown,Unknown,Unknown,Unknown,2026,11,2015690.0,Derived from LaunchLens cleaned pool (descriptive count of startups in this dataset only - NOT an external market-size estimate),"N/A - internal aggregate, see Sources sheet for underlying Kaggle datasets",2026-08-13
MKT-00562,Other / Unspecified,Unknown,Denmark,Unknown,Unknown,Unknown,Unknown,Unknown,Unknown,Unknown,Unknown,2026,84,144038180.59024212,Derived from LaunchLens cleaned pool (descriptive count of startups in this dataset only - NOT an external market-size estimate),"N/A - internal aggregate, see Sources sheet for underlying Kaggle datasets",2026-08-13
MKT-00563,Other / Unspecified,Unknown,Egypt,Unknown,Unknown,Unknown,Unknown,Unknown,Unknown,Unknown,Unknown,2026,6,42801189.0,Derived from LaunchLens cleaned pool (descriptive count of startups in this dataset only - NOT an external market-size estimate),"N/A - internal aggregate, see Sources sheet for underlying Kaggle datasets",2026-08-13
MKT-00564,Other / Unspecified,Unknown,Estonia,Unknown,Unknown,Unknown,Unknown,Unknown,Unknown,Unknown,Unknown,2026,19,30441445.227735788,Derived from LaunchLens cleaned pool (descriptive count of startups in this dataset only - NOT an external market-size estimate),"N/A - internal aggregate, see Sources sheet for underlying Kaggle datasets",2026-08-13
MKT-00565,Other / Unspecified,Unknown,Finland,Unknown,Unknown,Unknown,Unknown,Unknown,Unknown,Unknown,Unknown,2026,66,161825603.34068108,Derived from LaunchLens cleaned pool (descriptive count of startups in this dataset only - NOT an external market-size estimate),"N/A - internal aggregate, see Sources sheet for underlying Kaggle datasets",2026-08-13
MKT-00566,Other / Unspecified,Unknown,France,Unknown,Unknown,Unknown,Unknown,Unknown,Unknown,Unknown,Unknown,2026,203,1074186063.6127,Derived from LaunchLens cleaned pool (descriptive count of startups in this dataset only - NOT an external market-size estimate),"N/A - internal aggregate, see Sources sheet for underlying Kaggle datasets",2026-08-13
MKT-00567,Other / Unspecified,Unknown,Germany,Unknown,Unknown,Unknown,Unknown,Unknown,Unknown,Unknown,Unknown,2026,200,881155618.4730334,Derived from LaunchLens cleaned pool (descriptive count of startups in this dataset only - NOT an external market-size estimate),"N/A - internal aggregate, see Sources sheet for underlying Kaggle datasets",2026-08-13
MKT-00568,Other / Unspecified,Unknown,Ghana,Unknown,Unknown,Unknown,Unknown,Unknown,Unknown,Unknown,Unknown,2026,4,30000000.0,Derived from LaunchLens cleaned pool (descriptive count of startups in this dataset only - NOT an external market-size estimate),"N/A - internal aggregate, see Sources sheet for underlying Kaggle datasets",2026-08-13
MKT-00569,Other / Unspecified,Unknown,Greece,Unknown,Unknown,Unknown,Unknown,Unknown,Unknown,Unknown,Unknown,2026,8,668613.0,Derived from LaunchLens cleaned pool (descriptive count of startups in this dataset only - NOT an external market-size estimate),"N/A - internal aggregate, see Sources sheet for underlying Kaggle datasets",2026-08-13
MKT-00570,Other / Unspecified,Unknown,Hong Kong,Unknown,Unknown,Unknown,Unknown,Unknown,Unknown,Unknown,Unknown,2026,47,107911691.0,Derived from LaunchLens cleaned pool (descriptive count of startups in this dataset only - NOT an external market-size estimate),"N/A - internal aggregate, see Sources sheet for underlying Kaggle datasets",2026-08-13
MKT-00571,Other / Unspecified,Unknown,Hungary,Unknown,Unknown,Unknown,Unknown,Unknown,Unknown,Unknown,Unknown,2026,12,3593369.0,Derived from LaunchLens cleaned pool (descriptive count of startups in this dataset only - NOT an external market-size estimate),"N/A - internal aggregate, see Sources sheet for underlying Kaggle datasets",2026-08-13
MKT-00572,Other / Unspecified,Unknown,Iceland,Unknown,Unknown,Unknown,Unknown,Unknown,Unknown,Unknown,Unknown,2026,3,247000.0,Derived from LaunchLens cleaned pool (descriptive count of startups in this dataset only - NOT an external market-size estimate),"N/A - internal aggregate, see Sources sheet for underlying Kaggle datasets",2026-08-13
MKT-00573,Other / Unspecified,Unknown,India,Unknown,Unknown,Unknown,Unknown,Unknown,Unknown,Unknown,Unknown,2026,358,7825785373.0,Derived from LaunchLens cleaned pool (descriptive count of startups in this dataset only - NOT an external market-size estimate),"N/A - internal aggregate, see Sources sheet for underlying Kaggle datasets",2026-08-13
MKT-00574,Other / Unspecified,Unknown,Indonesia,Unknown,Unknown,Unknown,Unknown,Unknown,Unknown,Unknown,Unknown,2026,23,133871000.0,Derived from LaunchLens cleaned pool (descriptive count of startups in this dataset only - NOT an external market-size estimate),"N/A - internal aggregate, see Sources sheet for underlying Kaggle datasets",2026-08-13
MKT-00575,Other / Unspecified,Unknown,Ireland,Unknown,Unknown,Unknown,Unknown,Unknown,Unknown,Unknown,Unknown,2026,48,228597855.02812302,Derived from LaunchLens cleaned pool (descriptive count of startups in this dataset only - NOT an external market-size estimate),"N/A - internal aggregate, see Sources sheet for underlying Kaggle datasets",2026-08-13
MKT-00576,Other / Unspecified,Unknown,Israel,Unknown,Unknown,Unknown,Unknown,Unknown,Unknown,Unknown,Unknown,2026,166,1325085793.0,Derived from LaunchLens cleaned pool (descriptive count of startups in this dataset only - NOT an external market-size estimate),"N/A - internal aggregate, see Sources sheet for underlying Kaggle datasets",2026-08-13
MKT-00577,Other / Unspecified,Unknown,Italy,Unknown,Unknown,Unknown,Unknown,Unknown,Unknown,Unknown,Unknown,2026,82,146614792.9284706,Derived from LaunchLens cleaned pool (descriptive count of startups in this dataset only - NOT an external market-size estimate),"N/A - internal aggregate, see Sources sheet for underlying Kaggle datasets",2026-08-13
MKT-00578,Other / Unspecified,Unknown,Japan,Unknown,Unknown,Unknown,Unknown,Unknown,Unknown,Unknown,Unknown,2026,111,1075848619.1250548,Derived from LaunchLens cleaned pool (descriptive count of startups in this dataset only - NOT an external market-size estimate),"N/A - internal aggregate, see Sources sheet for underlying Kaggle datasets",2026-08-13
MKT-00579,Other / Unspecified,Unknown,Jordan,Unknown,Unknown,Unknown,Unknown,Unknown,Unknown,Unknown,Unknown,2026,3,30000.0,Derived from LaunchLens cleaned pool (descriptive count of startups in this dataset only - NOT an external market-size estimate),"N/A - internal aggregate, see Sources sheet for underlying Kaggle datasets",2026-08-13
MKT-00580,Other / Unspecified,Unknown,Kenya,Unknown,Unknown,Unknown,Unknown,Unknown,Unknown,Unknown,Unknown,2026,11,18805352.0,Derived from LaunchLens cleaned pool (descriptive count of startups in this dataset only - NOT an external market-size estimate),"N/A - internal aggregate, see Sources sheet for underlying Kaggle datasets",2026-08-13
MKT-00581,Other / Unspecified,Unknown,Laos,Unknown,Unknown,Unknown,Unknown,Unknown,Unknown,Unknown,Unknown,2026,3,2100000.0,Derived from LaunchLens cleaned pool (descriptive count of startups in this dataset only - NOT an external market-size estimate),"N/A - internal aggregate, see Sources sheet for underlying Kaggle datasets",2026-08-13
MKT-00582,Other / Unspecified,Unknown,Latvia,Unknown,Unknown,Unknown,Unknown,Unknown,Unknown,Unknown,Unknown,2026,11,2546095.355315682,Derived from LaunchLens cleaned pool (descriptive count of startups in this dataset only - NOT an external market-size estimate),"N/A - internal aggregate, see Sources sheet for underlying Kaggle datasets",2026-08-13
MKT-00583,Other / Unspecified,Unknown,Lithuania,Unknown,Unknown,Unknown,Unknown,Unknown,Unknown,Unknown,Unknown,2026,5,2434811.0,Derived from LaunchLens cleaned pool (descriptive count of startups in this dataset only - NOT an external market-size estimate),"N/A - internal aggregate, see Sources sheet for underlying Kaggle datasets",2026-08-13
MKT-00584,Other / Unspecified,Unknown,Luxembourg,Unknown,Unknown,Unknown,Unknown,Unknown,Unknown,Unknown,Unknown,2026,6,221897083.0,Derived from LaunchLens cleaned pool (descriptive count of startups in this dataset only - NOT an external market-size estimate),"N/A - internal aggregate, see Sources sheet for underlying Kaggle datasets",2026-08-13
MKT-00585,Other / Unspecified,Unknown,Malaysia,Unknown,Unknown,Unknown,Unknown,Unknown,Unknown,Unknown,Unknown,2026,19,197392000.0,Derived from LaunchLens cleaned pool (descriptive count of startups in this dataset only - NOT an external market-size estimate),"N/A - internal aggregate, see Sources sheet for underlying Kaggle datasets",2026-08-13
MKT-00586,Other / Unspecified,Unknown,Mauritius,Unknown,Unknown,Unknown,Unknown,Unknown,Unknown,Unknown,Unknown,2026,3,365526235.0,Derived from LaunchLens cleaned pool (descriptive count of startups in this dataset only - NOT an external market-size estimate),"N/A - internal aggregate, see Sources sheet for underlying Kaggle datasets",2026-08-13
MKT-00587,Other / Unspecified,Unknown,Mexico,Unknown,Unknown,Unknown,Unknown,Unknown,Unknown,Unknown,Unknown,2026,30,13691870.0,Derived from LaunchLens cleaned pool (descriptive count of startups in this dataset only - NOT an external market-size estimate),"N/A - internal aggregate, see Sources sheet for underlying Kaggle datasets",2026-08-13
MKT-00588,Other / Unspecified,Unknown,Netherlands,Unknown,Unknown,Unknown,Unknown,Unknown,Unknown,Unknown,Unknown,2026,98,1038155963.219435,Derived from LaunchLens cleaned pool (descriptive count of startups in this dataset only - NOT an external market-size estimate),"N/A - internal aggregate, see Sources sheet for underlying Kaggle datasets",2026-08-13
MKT-00589,Other / Unspecified,Unknown,New Zealand,Unknown,Unknown,Unknown,Unknown,Unknown,Unknown,Unknown,Unknown,2026,21,712169609.1680061,Derived from LaunchLens cleaned pool (descriptive count of startups in this dataset only - NOT an external market-size estimate),"N/A - internal aggregate, see Sources sheet for underlying Kaggle datasets",2026-08-13
MKT-00590,Other / Unspecified,Unknown,Nigeria,Unknown,Unknown,Unknown,Unknown,Unknown,Unknown,Unknown,Unknown,2026,19,143733000.0,Derived from LaunchLens cleaned pool (descriptive count of startups in this dataset only - NOT an external market-size estimate),"N/A - internal aggregate, see Sources sheet for underlying Kaggle datasets",2026-08-13
MKT-00591,Other / Unspecified,Unknown,Norway,Unknown,Unknown,Unknown,Unknown,Unknown,Unknown,Unknown,Unknown,2026,30,138439431.98395756,Derived from LaunchLens cleaned pool (descriptive count of startups in this dataset only - NOT an external market-size estimate),"N/A - internal aggregate, see Sources sheet for underlying Kaggle datasets",2026-08-13
MKT-00592,Other / Unspecified,Unknown,Pakistan,Unknown,Unknown,Unknown,Unknown,Unknown,Unknown,Unknown,Unknown,2026,11,9116000.0,Derived from LaunchLens cleaned pool (descriptive count of startups in this dataset only - NOT an external market-size estimate),"N/A - internal aggregate, see Sources sheet for underlying Kaggle datasets",2026-08-13
MKT-00593,Other / Unspecified,Unknown,Panama,Unknown,Unknown,Unknown,Unknown,Unknown,Unknown,Unknown,Unknown,2026,3,750000.0,Derived from LaunchLens cleaned pool (descriptive count of startups in this dataset only - NOT an external market-size estimate),"N/A - internal aggregate, see Sources sheet for underlying Kaggle datasets",2026-08-13
MKT-00594,Other / Unspecified,Unknown,Peru,Unknown,Unknown,Unknown,Unknown,Unknown,Unknown,Unknown,Unknown,2026,8,20957956.0,Derived from LaunchLens cleaned pool (descriptive count of startups in this dataset only - NOT an external market-size estimate),"N/A - internal aggregate, see Sources sheet for underlying Kaggle datasets",2026-08-13
MKT-00595,Other / Unspecified,Unknown,Philippines,Unknown,Unknown,Unknown,Unknown,Unknown,Unknown,Unknown,Unknown,2026,11,35520000.0,Derived from LaunchLens cleaned pool (descriptive count of startups in this dataset only - NOT an external market-size estimate),"N/A - internal aggregate, see Sources sheet for underlying Kaggle datasets",2026-08-13
MKT-00596,Other / Unspecified,Unknown,Poland,Unknown,Unknown,Unknown,Unknown,Unknown,Unknown,Unknown,Unknown,2026,18,8705386.0,Derived from LaunchLens cleaned pool (descriptive count of startups in this dataset only - NOT an external market-size estimate),"N/A - internal aggregate, see Sources sheet for underlying Kaggle datasets",2026-08-13
MKT-00597,Other / Unspecified,Unknown,Portugal,Unknown,Unknown,Unknown,Unknown,Unknown,Unknown,Unknown,Unknown,2026,21,6973630.0,Derived from LaunchLens cleaned pool (descriptive count of startups in this dataset only - NOT an external market-size estimate),"N/A - internal aggregate, see Sources sheet for underlying Kaggle datasets",2026-08-13
MKT-00598,Other / Unspecified,Unknown,Romania (non-standard code),Unknown,Unknown,Unknown,Unknown,Unknown,Unknown,Unknown,Unknown,2026,3,139484.0,Derived from LaunchLens cleaned pool (descriptive count of startups in this dataset only - NOT an external market-size estimate),"N/A - internal aggregate, see Sources sheet for underlying Kaggle datasets",2026-08-13
MKT-00599,Other / Unspecified,Unknown,Russia,Unknown,Unknown,Unknown,Unknown,Unknown,Unknown,Unknown,Unknown,2026,77,489238485.0,Derived from LaunchLens cleaned pool (descriptive count of startups in this dataset only - NOT an external market-size estimate),"N/A - internal aggregate, see Sources sheet for underlying Kaggle datasets",2026-08-13
MKT-00600,Other / Unspecified,Unknown,Serbia,Unknown,Unknown,Unknown,Unknown,Unknown,Unknown,Unknown,Unknown,2026,3,133423.5773540088,Derived from LaunchLens cleaned pool (descriptive count of startups in this dataset only - NOT an external market-size estimate),"N/A - internal aggregate, see Sources sheet for underlying Kaggle datasets",2026-08-13
MKT-00601,Other / Unspecified,Unknown,Singapore,Unknown,Unknown,Unknown,Unknown,Unknown,Unknown,Unknown,Unknown,2026,76,938029812.0,Derived from LaunchLens cleaned pool (descriptive count of startups in this dataset only - NOT an external market-size estimate),"N/A - internal aggregate, see Sources sheet for underlying Kaggle datasets",2026-08-13
MKT-00602,Other / Unspecified,Unknown,Slovakia,Unknown,Unknown,Unknown,Unknown,Unknown,Unknown,Unknown,Unknown,2026,4,593155.528546486,Derived from LaunchLens cleaned pool (descriptive count of startups in this dataset only - NOT an external market-size estimate),"N/A - internal aggregate, see Sources sheet for underlying Kaggle datasets",2026-08-13
MKT-00603,Other / Unspecified,Unknown,Slovenia,Unknown,Unknown,Unknown,Unknown,Unknown,Unknown,Unknown,Unknown,2026,4,174660.0,Derived from LaunchLens cleaned pool (descriptive count of startups in this dataset only - NOT an external market-size estimate),"N/A - internal aggregate, see Sources sheet for underlying Kaggle datasets",2026-08-13
MKT-00604,Other / Unspecified,Unknown,South Africa,Unknown,Unknown,Unknown,Unknown,Unknown,Unknown,Unknown,Unknown,2026,24,384691194.98815995,Derived from LaunchLens cleaned pool (descriptive count of startups in this dataset only - NOT an external market-size estimate),"N/A - internal aggregate, see Sources sheet for underlying Kaggle datasets",2026-08-13
MKT-00605,Other / Unspecified,Unknown,South Korea,Unknown,Unknown,Unknown,Unknown,Unknown,Unknown,Unknown,Unknown,2026,90,359228249.9795344,Derived from LaunchLens cleaned pool (descriptive count of startups in this dataset only - NOT an external market-size estimate),"N/A - internal aggregate, see Sources sheet for underlying Kaggle datasets",2026-08-13
MKT-00606,Other / Unspecified,Unknown,Spain,Unknown,Unknown,Unknown,Unknown,Unknown,Unknown,Unknown,Unknown,2026,109,957168632.6102798,Derived from LaunchLens cleaned pool (descriptive count of startups in this dataset only - NOT an external market-size estimate),"N/A - internal aggregate, see Sources sheet for underlying Kaggle datasets",2026-08-13
MKT-00607,Other / Unspecified,Unknown,Sweden,Unknown,Unknown,Unknown,Unknown,Unknown,Unknown,Unknown,Unknown,2026,111,472158515.90625215,Derived from LaunchLens cleaned pool (descriptive count of startups in this dataset only - NOT an external market-size estimate),"N/A - internal aggregate, see Sources sheet for underlying Kaggle datasets",2026-08-13
MKT-00608,Other / Unspecified,Unknown,Switzerland,Unknown,Unknown,Unknown,Unknown,Unknown,Unknown,Unknown,Unknown,2026,53,588062408.2633866,Derived from LaunchLens cleaned pool (descriptive count of startups in this dataset only - NOT an external market-size estimate),"N/A - internal aggregate, see Sources sheet for underlying Kaggle datasets",2026-08-13
MKT-00609,Other / Unspecified,Unknown,Taiwan,Unknown,Unknown,Unknown,Unknown,Unknown,Unknown,Unknown,Unknown,2026,10,50750000.0,Derived from LaunchLens cleaned pool (descriptive count of startups in this dataset only - NOT an external market-size estimate),"N/A - internal aggregate, see Sources sheet for underlying Kaggle datasets",2026-08-13
MKT-00610,Other / Unspecified,Unknown,Thailand,Unknown,Unknown,Unknown,Unknown,Unknown,Unknown,Unknown,Unknown,2026,11,12800500.0,Derived from LaunchLens cleaned pool (descriptive count of startups in this dataset only - NOT an external market-size estimate),"N/A - internal aggregate, see Sources sheet for underlying Kaggle datasets",2026-08-13
MKT-00611,Other / Unspecified,Unknown,Turkey,Unknown,Unknown,Unknown,Unknown,Unknown,Unknown,Unknown,Unknown,2026,21,113993625.0,Derived from LaunchLens cleaned pool (descriptive count of startups in this dataset only - NOT an external market-size estimate),"N/A - internal aggregate, see Sources sheet for underlying Kaggle datasets",2026-08-13
MKT-00612,Other / Unspecified,Unknown,USA,Unknown,Unknown,Unknown,Unknown,Unknown,Unknown,Unknown,Unknown,2026,3,0.0,Derived from LaunchLens cleaned pool (descriptive count of startups in this dataset only - NOT an external market-size estimate),"N/A - internal aggregate, see Sources sheet for underlying Kaggle datasets",2026-08-13
MKT-00613,Other / Unspecified,Unknown,Uganda,Unknown,Unknown,Unknown,Unknown,Unknown,Unknown,Unknown,Unknown,2026,3,1115000.0,Derived from LaunchLens cleaned pool (descriptive count of startups in this dataset only - NOT an external market-size estimate),"N/A - internal aggregate, see Sources sheet for underlying Kaggle datasets",2026-08-13
MKT-00614,Other / Unspecified,Unknown,Ukraine,Unknown,Unknown,Unknown,Unknown,Unknown,Unknown,Unknown,Unknown,2026,6,634000.0,Derived from LaunchLens cleaned pool (descriptive count of startups in this dataset only - NOT an external market-size estimate),"N/A - internal aggregate, see Sources sheet for underlying Kaggle datasets",2026-08-13
MKT-00615,Other / Unspecified,Unknown,United Arab Emirates,Unknown,Unknown,Unknown,Unknown,Unknown,Unknown,Unknown,Unknown,2026,19,142303250.0,Derived from LaunchLens cleaned pool (descriptive count of startups in this dataset only - NOT an external market-size estimate),"N/A - internal aggregate, see Sources sheet for underlying Kaggle datasets",2026-08-13
MKT-00616,Other / Unspecified,Unknown,United Kingdom,Unknown,Unknown,Unknown,Unknown,Unknown,Unknown,Unknown,Unknown,2026,691,8323290188.519166,Derived from LaunchLens cleaned pool (descriptive count of startups in this dataset only - NOT an external market-size estimate),"N/A - internal aggregate, see Sources sheet for underlying Kaggle datasets",2026-08-13
MKT-00617,Other / Unspecified,Unknown,United States,Unknown,Unknown,Unknown,Unknown,Unknown,Unknown,Unknown,Unknown,2026,6496,117176166243.92838,Derived from LaunchLens cleaned pool (descriptive count of startups in this dataset only - NOT an external market-size estimate),"N/A - internal aggregate, see Sources sheet for underlying Kaggle datasets",2026-08-13
MKT-00618,Other / Unspecified,Unknown,Uruguay,Unknown,Unknown,Unknown,Unknown,Unknown,Unknown,Unknown,Unknown,2026,4,1155000.0,Derived from LaunchLens cleaned pool (descriptive count of startups in this dataset only - NOT an external market-size estimate),"N/A - internal aggregate, see Sources sheet for underlying Kaggle datasets",2026-08-13
MKT-00619,Other / Unspecified,Unknown,Venezuela,Unknown,Unknown,Unknown,Unknown,Unknown,Unknown,Unknown,Unknown,2026,3,959032.0,Derived from LaunchLens cleaned pool (descriptive count of startups in this dataset only - NOT an external market-size estimate),"N/A - internal aggregate, see Sources sheet for underlying Kaggle datasets",2026-08-13
MKT-00620,Other / Unspecified,Unknown,Vietnam,Unknown,Unknown,Unknown,Unknown,Unknown,Unknown,Unknown,Unknown,2026,11,57160000.0,Derived from LaunchLens cleaned pool (descriptive count of startups in this dataset only - NOT an external market-size estimate),"N/A - internal aggregate, see Sources sheet for underlying Kaggle datasets",2026-08-13
MKT-00621,PropTech,Unknown,Argentina,Unknown,Unknown,Unknown,Unknown,Unknown,Unknown,Unknown,Unknown,2026,3,52245000.0,Derived from LaunchLens cleaned pool (descriptive count of startups in this dataset only - NOT an external market-size estimate),"N/A - internal aggregate, see Sources sheet for underlying Kaggle datasets",2026-08-13
MKT-00622,PropTech,Unknown,Australia,Unknown,Unknown,Unknown,Unknown,Unknown,Unknown,Unknown,Unknown,2026,10,128015126.0,Derived from LaunchLens cleaned pool (descriptive count of startups in this dataset only - NOT an external market-size estimate),"N/A - internal aggregate, see Sources sheet for underlying Kaggle datasets",2026-08-13
MKT-00623,PropTech,Unknown,Brazil,Unknown,Unknown,Unknown,Unknown,Unknown,Unknown,Unknown,Unknown,2026,6,28470380.0,Derived from LaunchLens cleaned pool (descriptive count of startups in this dataset only - NOT an external market-size estimate),"N/A - internal aggregate, see Sources sheet for underlying Kaggle datasets",2026-08-13
MKT-00624,PropTech,Unknown,Canada,Unknown,Unknown,Unknown,Unknown,Unknown,Unknown,Unknown,Unknown,2026,32,56210509.456570685,Derived from LaunchLens cleaned pool (descriptive count of startups in this dataset only - NOT an external market-size estimate),"N/A - internal aggregate, see Sources sheet for underlying Kaggle datasets",2026-08-13
MKT-00625,PropTech,Unknown,Chile,Unknown,Unknown,Unknown,Unknown,Unknown,Unknown,Unknown,Unknown,2026,4,1350000.0,Derived from LaunchLens cleaned pool (descriptive count of startups in this dataset only - NOT an external market-size estimate),"N/A - internal aggregate, see Sources sheet for underlying Kaggle datasets",2026-08-13
MKT-00626,PropTech,Unknown,China,Unknown,Unknown,Unknown,Unknown,Unknown,Unknown,Unknown,Unknown,2026,12,1172920744.0,Derived from LaunchLens cleaned pool (descriptive count of startups in this dataset only - NOT an external market-size estimate),"N/A - internal aggregate, see Sources sheet for underlying Kaggle datasets",2026-08-13
MKT-00627,PropTech,Unknown,Denmark,Unknown,Unknown,Unknown,Unknown,Unknown,Unknown,Unknown,Unknown,2026,3,1280000.0,Derived from LaunchLens cleaned pool (descriptive count of startups in this dataset only - NOT an external market-size estimate),"N/A - internal aggregate, see Sources sheet for underlying Kaggle datasets",2026-08-13
MKT-00628,PropTech,Unknown,France,Unknown,Unknown,Unknown,Unknown,Unknown,Unknown,Unknown,Unknown,2026,16,132012953.21062998,Derived from LaunchLens cleaned pool (descriptive count of startups in this dataset only - NOT an external market-size estimate),"N/A - internal aggregate, see Sources sheet for underlying Kaggle datasets",2026-08-13
MKT-00629,PropTech,Unknown,Germany,Unknown,Unknown,Unknown,Unknown,Unknown,Unknown,Unknown,Unknown,2026,8,43585999.85942734,Derived from LaunchLens cleaned pool (descriptive count of startups in this dataset only - NOT an external market-size estimate),"N/A - internal aggregate, see Sources sheet for underlying Kaggle datasets",2026-08-13
MKT-00630,PropTech,Unknown,Hong Kong,Unknown,Unknown,Unknown,Unknown,Unknown,Unknown,Unknown,Unknown,2026,3,3500000.0,Derived from LaunchLens cleaned pool (descriptive count of startups in this dataset only - NOT an external market-size estimate),"N/A - internal aggregate, see Sources sheet for underlying Kaggle datasets",2026-08-13
MKT-00631,PropTech,Unknown,India,Unknown,Unknown,Unknown,Unknown,Unknown,Unknown,Unknown,Unknown,2026,42,931856000.0,Derived from LaunchLens cleaned pool (descriptive count of startups in this dataset only - NOT an external market-size estimate),"N/A - internal aggregate, see Sources sheet for underlying Kaggle datasets",2026-08-13
MKT-00632,PropTech,Unknown,Japan,Unknown,Unknown,Unknown,Unknown,Unknown,Unknown,Unknown,Unknown,2026,3,8960000.0,Derived from LaunchLens cleaned pool (descriptive count of startups in this dataset only - NOT an external market-size estimate),"N/A - internal aggregate, see Sources sheet for underlying Kaggle datasets",2026-08-13
MKT-00633,PropTech,Unknown,Poland,Unknown,Unknown,Unknown,Unknown,Unknown,Unknown,Unknown,Unknown,2026,3,1000000.0,Derived from LaunchLens cleaned pool (descriptive count of startups in this dataset only - NOT an external market-size estimate),"N/A - internal aggregate, see Sources sheet for underlying Kaggle datasets",2026-08-13
MKT-00634,PropTech,Unknown,Russia,Unknown,Unknown,Unknown,Unknown,Unknown,Unknown,Unknown,Unknown,2026,3,113000.0,Derived from LaunchLens cleaned pool (descriptive count of startups in this dataset only - NOT an external market-size estimate),"N/A - internal aggregate, see Sources sheet for underlying Kaggle datasets",2026-08-13
MKT-00635,PropTech,Unknown,Singapore,Unknown,Unknown,Unknown,Unknown,Unknown,Unknown,Unknown,Unknown,2026,4,129051700.0,Derived from LaunchLens cleaned pool (descriptive count of startups in this dataset only - NOT an external market-size estimate),"N/A - internal aggregate, see Sources sheet for underlying Kaggle datasets",2026-08-13
MKT-00636,PropTech,Unknown,Spain,Unknown,Unknown,Unknown,Unknown,Unknown,Unknown,Unknown,Unknown,2026,15,24825281.0,Derived from LaunchLens cleaned pool (descriptive count of startups in this dataset only - NOT an external market-size estimate),"N/A - internal aggregate, see Sources sheet for underlying Kaggle datasets",2026-08-13
MKT-00637,PropTech,Unknown,Turkey,Unknown,Unknown,Unknown,Unknown,Unknown,Unknown,Unknown,Unknown,2026,3,15625723.0,Derived from LaunchLens cleaned pool (descriptive count of startups in this dataset only - NOT an external market-size estimate),"N/A - internal aggregate, see Sources sheet for underlying Kaggle datasets",2026-08-13
MKT-00638,PropTech,Unknown,United Arab Emirates,Unknown,Unknown,Unknown,Unknown,Unknown,Unknown,Unknown,Unknown,2026,6,202471420.0,Derived from LaunchLens cleaned pool (descriptive count of startups in this dataset only - NOT an external market-size estimate),"N/A - internal aggregate, see Sources sheet for underlying Kaggle datasets",2026-08-13
MKT-00639,PropTech,Unknown,United Kingdom,Unknown,Unknown,Unknown,Unknown,Unknown,Unknown,Unknown,Unknown,2026,42,68812179.7834795,Derived from LaunchLens cleaned pool (descriptive count of startups in this dataset only - NOT an external market-size estimate),"N/A - internal aggregate, see Sources sheet for underlying Kaggle datasets",2026-08-13
MKT-00640,PropTech,Unknown,United States,Unknown,Unknown,Unknown,Unknown,Unknown,Unknown,Unknown,Unknown,2026,636,8478264085.0,Derived from LaunchLens cleaned pool (descriptive count of startups in this dataset only - NOT an external market-size estimate),"N/A - internal aggregate, see Sources sheet for underlying Kaggle datasets",2026-08-13
MKT-00641,SaaS,Unknown,Argentina,Unknown,Unknown,Unknown,Unknown,Unknown,Unknown,Unknown,Unknown,2026,17,30971949.0,Derived from LaunchLens cleaned pool (descriptive count of startups in this dataset only - NOT an external market-size estimate),"N/A - internal aggregate, see Sources sheet for underlying Kaggle datasets",2026-08-13
MKT-00642,SaaS,Unknown,Australia,Unknown,Unknown,Unknown,Unknown,Unknown,Unknown,Unknown,Unknown,2026,76,415789797.1774611,Derived from LaunchLens cleaned pool (descriptive count of startups in this dataset only - NOT an external market-size estimate),"N/A - internal aggregate, see Sources sheet for underlying Kaggle datasets",2026-08-13
MKT-00643,SaaS,Unknown,Austria,Unknown,Unknown,Unknown,Unknown,Unknown,Unknown,Unknown,Unknown,2026,25,83449894.0,Derived from LaunchLens cleaned pool (descriptive count of startups in this dataset only - NOT an external market-size estimate),"N/A - internal aggregate, see Sources sheet for underlying Kaggle datasets",2026-08-13
MKT-00644,SaaS,Unknown,Belgium,Unknown,Unknown,Unknown,Unknown,Unknown,Unknown,Unknown,Unknown,2026,41,202719528.0,Derived from LaunchLens cleaned pool (descriptive count of startups in this dataset only - NOT an external market-size estimate),"N/A - internal aggregate, see Sources sheet for underlying Kaggle datasets",2026-08-13
MKT-00645,SaaS,Unknown,Brazil,Unknown,Unknown,Unknown,Unknown,Unknown,Unknown,Unknown,Unknown,2026,42,223013755.20782351,Derived from LaunchLens cleaned pool (descriptive count of startups in this dataset only - NOT an external market-size estimate),"N/A - internal aggregate, see Sources sheet for underlying Kaggle datasets",2026-08-13
MKT-00646,SaaS,Unknown,Bulgaria,Unknown,Unknown,Unknown,Unknown,Unknown,Unknown,Unknown,Unknown,2026,28,6661199.058423579,Derived from LaunchLens cleaned pool (descriptive count of startups in this dataset only - NOT an external market-size estimate),"N/A - internal aggregate, see Sources sheet for underlying Kaggle datasets",2026-08-13
MKT-00647,SaaS,Unknown,Canada,Unknown,Unknown,Unknown,Unknown,Unknown,Unknown,Unknown,Unknown,2026,312,2295741923.031886,Derived from LaunchLens cleaned pool (descriptive count of startups in this dataset only - NOT an external market-size estimate),"N/A - internal aggregate, see Sources sheet for underlying Kaggle datasets",2026-08-13
MKT-00648,SaaS,Unknown,Chile,Unknown,Unknown,Unknown,Unknown,Unknown,Unknown,Unknown,Unknown,2026,38,2729639.0,Derived from LaunchLens cleaned pool (descriptive count of startups in this dataset only - NOT an external market-size estimate),"N/A - internal aggregate, see Sources sheet for underlying Kaggle datasets",2026-08-13
MKT-00649,SaaS,Unknown,China,Unknown,Unknown,Unknown,Unknown,Unknown,Unknown,Unknown,Unknown,2026,200,6087039196.524422,Derived from LaunchLens cleaned pool (descriptive count of startups in this dataset only - NOT an external market-size estimate),"N/A - internal aggregate, see Sources sheet for underlying Kaggle datasets",2026-08-13
MKT-00650,SaaS,Unknown,Colombia,Unknown,Unknown,Unknown,Unknown,Unknown,Unknown,Unknown,Unknown,2026,4,190798.0,Derived from LaunchLens cleaned pool (descriptive count of startups in this dataset only - NOT an external market-size estimate),"N/A - internal aggregate, see Sources sheet for underlying Kaggle datasets",2026-08-13
MKT-00651,SaaS,Unknown,Cyprus,Unknown,Unknown,Unknown,Unknown,Unknown,Unknown,Unknown,Unknown,2026,5,1527417.0,Derived from LaunchLens cleaned pool (descriptive count of startups in this dataset only - NOT an external market-size estimate),"N/A - internal aggregate, see Sources sheet for underlying Kaggle datasets",2026-08-13
MKT-00652,SaaS,Unknown,Czech Republic,Unknown,Unknown,Unknown,Unknown,Unknown,Unknown,Unknown,Unknown,2026,11,456985.0,Derived from LaunchLens cleaned pool (descriptive count of startups in this dataset only - NOT an external market-size estimate),"N/A - internal aggregate, see Sources sheet for underlying Kaggle datasets",2026-08-13
MKT-00653,SaaS,Unknown,Denmark,Unknown,Unknown,Unknown,Unknown,Unknown,Unknown,Unknown,Unknown,2026,38,182597180.0,Derived from LaunchLens cleaned pool (descriptive count of startups in this dataset only - NOT an external market-size estimate),"N/A - internal aggregate, see Sources sheet for underlying Kaggle datasets",2026-08-13
MKT-00654,SaaS,Unknown,Egypt,Unknown,Unknown,Unknown,Unknown,Unknown,Unknown,Unknown,Unknown,2026,5,2370000.0,Derived from LaunchLens cleaned pool (descriptive count of startups in this dataset only - NOT an external market-size estimate),"N/A - internal aggregate, see Sources sheet for underlying Kaggle datasets",2026-08-13
MKT-00655,SaaS,Unknown,Estonia,Unknown,Unknown,Unknown,Unknown,Unknown,Unknown,Unknown,Unknown,2026,12,37447711.669074684,Derived from LaunchLens cleaned pool (descriptive count of startups in this dataset only - NOT an external market-size estimate),"N/A - internal aggregate, see Sources sheet for underlying Kaggle datasets",2026-08-13
MKT-00656,SaaS,Unknown,Finland,Unknown,Unknown,Unknown,Unknown,Unknown,Unknown,Unknown,Unknown,2026,45,104051807.36810668,Derived from LaunchLens cleaned pool (descriptive count of startups in this dataset only - NOT an external market-size estimate),"N/A - internal aggregate, see Sources sheet for underlying Kaggle datasets",2026-08-13
MKT-00657,SaaS,Unknown,France,Unknown,Unknown,Unknown,Unknown,Unknown,Unknown,Unknown,Unknown,2026,241,1375417564.67258,Derived from LaunchLens cleaned pool (descriptive count of startups in this dataset only - NOT an external market-size estimate),"N/A - internal aggregate, see Sources sheet for underlying Kaggle datasets",2026-08-13
MKT-00658,SaaS,Unknown,Germany,Unknown,Unknown,Unknown,Unknown,Unknown,Unknown,Unknown,Unknown,2026,167,1745885099.3082135,Derived from LaunchLens cleaned pool (descriptive count of startups in this dataset only - NOT an external market-size estimate),"N/A - internal aggregate, see Sources sheet for underlying Kaggle datasets",2026-08-13
MKT-00659,SaaS,Unknown,Ghana,Unknown,Unknown,Unknown,Unknown,Unknown,Unknown,Unknown,Unknown,2026,3,1230000.0,Derived from LaunchLens cleaned pool (descriptive count of startups in this dataset only - NOT an external market-size estimate),"N/A - internal aggregate, see Sources sheet for underlying Kaggle datasets",2026-08-13
MKT-00660,SaaS,Unknown,Greece,Unknown,Unknown,Unknown,Unknown,Unknown,Unknown,Unknown,Unknown,2026,8,4370788.0,Derived from LaunchLens cleaned pool (descriptive count of startups in this dataset only - NOT an external market-size estimate),"N/A - internal aggregate, see Sources sheet for underlying Kaggle datasets",2026-08-13
MKT-00661,SaaS,Unknown,Hong Kong,Unknown,Unknown,Unknown,Unknown,Unknown,Unknown,Unknown,Unknown,2026,22,236277500.0,Derived from LaunchLens cleaned pool (descriptive count of startups in this dataset only - NOT an external market-size estimate),"N/A - internal aggregate, see Sources sheet for underlying Kaggle datasets",2026-08-13
MKT-00662,SaaS,Unknown,Hungary,Unknown,Unknown,Unknown,Unknown,Unknown,Unknown,Unknown,Unknown,2026,9,6046770.0,Derived from LaunchLens cleaned pool (descriptive count of startups in this dataset only - NOT an external market-size estimate),"N/A - internal aggregate, see Sources sheet for underlying Kaggle datasets",2026-08-13
MKT-00663,SaaS,Unknown,Iceland,Unknown,Unknown,Unknown,Unknown,Unknown,Unknown,Unknown,Unknown,2026,5,6824567.0,Derived from LaunchLens cleaned pool (descriptive count of startups in this dataset only - NOT an external market-size estimate),"N/A - internal aggregate, see Sources sheet for underlying Kaggle datasets",2026-08-13
MKT-00664,SaaS,Unknown,India,Unknown,Unknown,Unknown,Unknown,Unknown,Unknown,Unknown,Unknown,2026,189,1543220649.0,Derived from LaunchLens cleaned pool (descriptive count of startups in this dataset only - NOT an external market-size estimate),"N/A - internal aggregate, see Sources sheet for underlying Kaggle datasets",2026-08-13
MKT-00665,SaaS,Unknown,Indonesia,Unknown,Unknown,Unknown,Unknown,Unknown,Unknown,Unknown,Unknown,2026,7,115000.0,Derived from LaunchLens cleaned pool (descriptive count of startups in this dataset only - NOT an external market-size estimate),"N/A - internal aggregate, see Sources sheet for underlying Kaggle datasets",2026-08-13
MKT-00666,SaaS,Unknown,Ireland,Unknown,Unknown,Unknown,Unknown,Unknown,Unknown,Unknown,Unknown,2026,94,419257671.7899902,Derived from LaunchLens cleaned pool (descriptive count of startups in this dataset only - NOT an external market-size estimate),"N/A - internal aggregate, see Sources sheet for underlying Kaggle datasets",2026-08-13
MKT-00667,SaaS,Unknown,Israel,Unknown,Unknown,Unknown,Unknown,Unknown,Unknown,Unknown,Unknown,2026,150,1204122809.0,Derived from LaunchLens cleaned pool (descriptive count of startups in this dataset only - NOT an external market-size estimate),"N/A - internal aggregate, see Sources sheet for underlying Kaggle datasets",2026-08-13
MKT-00668,SaaS,Unknown,Italy,Unknown,Unknown,Unknown,Unknown,Unknown,Unknown,Unknown,Unknown,2026,47,52835816.0,Derived from LaunchLens cleaned pool (descriptive count of startups in this dataset only - NOT an external market-size estimate),"N/A - internal aggregate, see Sources sheet for underlying Kaggle datasets",2026-08-13
MKT-00669,SaaS,Unknown,Japan,Unknown,Unknown,Unknown,Unknown,Unknown,Unknown,Unknown,Unknown,2026,88,434911445.0,Derived from LaunchLens cleaned pool (descriptive count of startups in this dataset only - NOT an external market-size estimate),"N/A - internal aggregate, see Sources sheet for underlying Kaggle datasets",2026-08-13
MKT-00670,SaaS,Unknown,Jordan,Unknown,Unknown,Unknown,Unknown,Unknown,Unknown,Unknown,Unknown,2026,4,322000.0,Derived from LaunchLens cleaned pool (descriptive count of startups in this dataset only - NOT an external market-size estimate),"N/A - internal aggregate, see Sources sheet for underlying Kaggle datasets",2026-08-13
MKT-00671,SaaS,Unknown,Latvia,Unknown,Unknown,Unknown,Unknown,Unknown,Unknown,Unknown,Unknown,2026,13,6351507.086347654,Derived from LaunchLens cleaned pool (descriptive count of startups in this dataset only - NOT an external market-size estimate),"N/A - internal aggregate, see Sources sheet for underlying Kaggle datasets",2026-08-13
MKT-00672,SaaS,Unknown,Lithuania,Unknown,Unknown,Unknown,Unknown,Unknown,Unknown,Unknown,Unknown,2026,8,3528666.34522512,Derived from LaunchLens cleaned pool (descriptive count of startups in this dataset only - NOT an external market-size estimate),"N/A - internal aggregate, see Sources sheet for underlying Kaggle datasets",2026-08-13
MKT-00673,SaaS,Unknown,Malaysia,Unknown,Unknown,Unknown,Unknown,Unknown,Unknown,Unknown,Unknown,2026,12,5302000.0,Derived from LaunchLens cleaned pool (descriptive count of startups in this dataset only - NOT an external market-size estimate),"N/A - internal aggregate, see Sources sheet for underlying Kaggle datasets",2026-08-13
MKT-00674,SaaS,Unknown,Mexico,Unknown,Unknown,Unknown,Unknown,Unknown,Unknown,Unknown,Unknown,2026,11,5680000.0,Derived from LaunchLens cleaned pool (descriptive count of startups in this dataset only - NOT an external market-size estimate),"N/A - internal aggregate, see Sources sheet for underlying Kaggle datasets",2026-08-13
MKT-00675,SaaS,Unknown,Netherlands,Unknown,Unknown,Unknown,Unknown,Unknown,Unknown,Unknown,Unknown,2026,63,1560926530.2459247,Derived from LaunchLens cleaned pool (descriptive count of startups in this dataset only - NOT an external market-size estimate),"N/A - internal aggregate, see Sources sheet for underlying Kaggle datasets",2026-08-13
MKT-00676,SaaS,Unknown,New Zealand,Unknown,Unknown,Unknown,Unknown,Unknown,Unknown,Unknown,Unknown,2026,21,215235877.8855818,Derived from LaunchLens cleaned pool (descriptive count of startups in this dataset only - NOT an external market-size estimate),"N/A - internal aggregate, see Sources sheet for underlying Kaggle datasets",2026-08-13
MKT-00677,SaaS,Unknown,Nigeria,Unknown,Unknown,Unknown,Unknown,Unknown,Unknown,Unknown,Unknown,2026,5,306000.0,Derived from LaunchLens cleaned pool (descriptive count of startups in this dataset only - NOT an external market-size estimate),"N/A - internal aggregate, see Sources sheet for underlying Kaggle datasets",2026-08-13
MKT-00678,SaaS,Unknown,Norway,Unknown,Unknown,Unknown,Unknown,Unknown,Unknown,Unknown,Unknown,2026,27,86130307.0,Derived from LaunchLens cleaned pool (descriptive count of startups in this dataset only - NOT an external market-size estimate),"N/A - internal aggregate, see Sources sheet for underlying Kaggle datasets",2026-08-13
MKT-00679,SaaS,Unknown,Peru,Unknown,Unknown,Unknown,Unknown,Unknown,Unknown,Unknown,Unknown,2026,6,260292.0,Derived from LaunchLens cleaned pool (descriptive count of startups in this dataset only - NOT an external market-size estimate),"N/A - internal aggregate, see Sources sheet for underlying Kaggle datasets",2026-08-13
MKT-00680,SaaS,Unknown,Philippines,Unknown,Unknown,Unknown,Unknown,Unknown,Unknown,Unknown,Unknown,2026,7,1416143.0,Derived from LaunchLens cleaned pool (descriptive count of startups in this dataset only - NOT an external market-size estimate),"N/A - internal aggregate, see Sources sheet for underlying Kaggle datasets",2026-08-13
MKT-00681,SaaS,Unknown,Poland,Unknown,Unknown,Unknown,Unknown,Unknown,Unknown,Unknown,Unknown,2026,22,4315772.734560255,Derived from LaunchLens cleaned pool (descriptive count of startups in this dataset only - NOT an external market-size estimate),"N/A - internal aggregate, see Sources sheet for underlying Kaggle datasets",2026-08-13
MKT-00682,SaaS,Unknown,Portugal,Unknown,Unknown,Unknown,Unknown,Unknown,Unknown,Unknown,Unknown,2026,15,10644116.0,Derived from LaunchLens cleaned pool (descriptive count of startups in this dataset only - NOT an external market-size estimate),"N/A - internal aggregate, see Sources sheet for underlying Kaggle datasets",2026-08-13
MKT-00683,SaaS,Unknown,Romania (non-standard code),Unknown,Unknown,Unknown,Unknown,Unknown,Unknown,Unknown,Unknown,2026,7,20666947.0,Derived from LaunchLens cleaned pool (descriptive count of startups in this dataset only - NOT an external market-size estimate),"N/A - internal aggregate, see Sources sheet for underlying Kaggle datasets",2026-08-13
MKT-00684,SaaS,Unknown,Russia,Unknown,Unknown,Unknown,Unknown,Unknown,Unknown,Unknown,Unknown,2026,61,501617436.0,Derived from LaunchLens cleaned pool (descriptive count of startups in this dataset only - NOT an external market-size estimate),"N/A - internal aggregate, see Sources sheet for underlying Kaggle datasets",2026-08-13
MKT-00685,SaaS,Unknown,Singapore,Unknown,Unknown,Unknown,Unknown,Unknown,Unknown,Unknown,Unknown,2026,65,219230956.0,Derived from LaunchLens cleaned pool (descriptive count of startups in this dataset only - NOT an external market-size estimate),"N/A - internal aggregate, see Sources sheet for underlying Kaggle datasets",2026-08-13
MKT-00686,SaaS,Unknown,Slovakia,Unknown,Unknown,Unknown,Unknown,Unknown,Unknown,Unknown,Unknown,2026,9,7860413.937101382,Derived from LaunchLens cleaned pool (descriptive count of startups in this dataset only - NOT an external market-size estimate),"N/A - internal aggregate, see Sources sheet for underlying Kaggle datasets",2026-08-13
MKT-00687,SaaS,Unknown,South Africa,Unknown,Unknown,Unknown,Unknown,Unknown,Unknown,Unknown,Unknown,2026,13,6418832.0,Derived from LaunchLens cleaned pool (descriptive count of startups in this dataset only - NOT an external market-size estimate),"N/A - internal aggregate, see Sources sheet for underlying Kaggle datasets",2026-08-13
MKT-00688,SaaS,Unknown,South Korea,Unknown,Unknown,Unknown,Unknown,Unknown,Unknown,Unknown,Unknown,2026,77,247669194.19828463,Derived from LaunchLens cleaned pool (descriptive count of startups in this dataset only - NOT an external market-size estimate),"N/A - internal aggregate, see Sources sheet for underlying Kaggle datasets",2026-08-13
MKT-00689,SaaS,Unknown,Spain,Unknown,Unknown,Unknown,Unknown,Unknown,Unknown,Unknown,Unknown,2026,93,446356932.6315541,Derived from LaunchLens cleaned pool (descriptive count of startups in this dataset only - NOT an external market-size estimate),"N/A - internal aggregate, see Sources sheet for underlying Kaggle datasets",2026-08-13
MKT-00690,SaaS,Unknown,Sweden,Unknown,Unknown,Unknown,Unknown,Unknown,Unknown,Unknown,Unknown,2026,72,332140512.1228752,Derived from LaunchLens cleaned pool (descriptive count of startups in this dataset only - NOT an external market-size estimate),"N/A - internal aggregate, see Sources sheet for underlying Kaggle datasets",2026-08-13
MKT-00691,SaaS,Unknown,Switzerland,Unknown,Unknown,Unknown,Unknown,Unknown,Unknown,Unknown,Unknown,2026,41,154032077.0,Derived from LaunchLens cleaned pool (descriptive count of startups in this dataset only - NOT an external market-size estimate),"N/A - internal aggregate, see Sources sheet for underlying Kaggle datasets",2026-08-13
MKT-00692,SaaS,Unknown,Taiwan,Unknown,Unknown,Unknown,Unknown,Unknown,Unknown,Unknown,Unknown,2026,5,40680445.0,Derived from LaunchLens cleaned pool (descriptive count of startups in this dataset only - NOT an external market-size estimate),"N/A - internal aggregate, see Sources sheet for underlying Kaggle datasets",2026-08-13
MKT-00693,SaaS,Unknown,Thailand,Unknown,Unknown,Unknown,Unknown,Unknown,Unknown,Unknown,Unknown,2026,6,989000.0,Derived from LaunchLens cleaned pool (descriptive count of startups in this dataset only - NOT an external market-size estimate),"N/A - internal aggregate, see Sources sheet for underlying Kaggle datasets",2026-08-13
MKT-00694,SaaS,Unknown,Turkey,Unknown,Unknown,Unknown,Unknown,Unknown,Unknown,Unknown,Unknown,2026,25,213729581.0,Derived from LaunchLens cleaned pool (descriptive count of startups in this dataset only - NOT an external market-size estimate),"N/A - internal aggregate, see Sources sheet for underlying Kaggle datasets",2026-08-13
MKT-00695,SaaS,Unknown,Uganda,Unknown,Unknown,Unknown,Unknown,Unknown,Unknown,Unknown,Unknown,2026,3,120000.0,Derived from LaunchLens cleaned pool (descriptive count of startups in this dataset only - NOT an external market-size estimate),"N/A - internal aggregate, see Sources sheet for underlying Kaggle datasets",2026-08-13
MKT-00696,SaaS,Unknown,Ukraine,Unknown,Unknown,Unknown,Unknown,Unknown,Unknown,Unknown,Unknown,2026,8,410461.0336341263,Derived from LaunchLens cleaned pool (descriptive count of startups in this dataset only - NOT an external market-size estimate),"N/A - internal aggregate, see Sources sheet for underlying Kaggle datasets",2026-08-13
MKT-00697,SaaS,Unknown,United Arab Emirates,Unknown,Unknown,Unknown,Unknown,Unknown,Unknown,Unknown,Unknown,2026,9,18052540.0,Derived from LaunchLens cleaned pool (descriptive count of startups in this dataset only - NOT an external market-size estimate),"N/A - internal aggregate, see Sources sheet for underlying Kaggle datasets",2026-08-13
MKT-00698,SaaS,Unknown,United Kingdom,Unknown,Unknown,Unknown,Unknown,Unknown,Unknown,Unknown,Unknown,2026,560,2927649745.3582153,Derived from LaunchLens cleaned pool (descriptive count of startups in this dataset only - NOT an external market-size estimate),"N/A - internal aggregate, see Sources sheet for underlying Kaggle datasets",2026-08-13
MKT-00699,SaaS,Unknown,United States,Unknown,Unknown,Unknown,Unknown,Unknown,Unknown,Unknown,Unknown,2026,6735,95021512543.92984,Derived from LaunchLens cleaned pool (descriptive count of startups in this dataset only - NOT an external market-size estimate),"N/A - internal aggregate, see Sources sheet for underlying Kaggle datasets",2026-08-13
MKT-00700,TravelTech,Unknown,Argentina,Unknown,Unknown,Unknown,Unknown,Unknown,Unknown,Unknown,Unknown,2026,7,1297500.0,Derived from LaunchLens cleaned pool (descriptive count of startups in this dataset only - NOT an external market-size estimate),"N/A - internal aggregate, see Sources sheet for underlying Kaggle datasets",2026-08-13
MKT-00701,TravelTech,Unknown,Australia,Unknown,Unknown,Unknown,Unknown,Unknown,Unknown,Unknown,Unknown,2026,18,48863719.0,Derived from LaunchLens cleaned pool (descriptive count of startups in this dataset only - NOT an external market-size estimate),"N/A - internal aggregate, see Sources sheet for underlying Kaggle datasets",2026-08-13
MKT-00702,TravelTech,Unknown,Austria,Unknown,Unknown,Unknown,Unknown,Unknown,Unknown,Unknown,Unknown,2026,5,4839265.0,Derived from LaunchLens cleaned pool (descriptive count of startups in this dataset only - NOT an external market-size estimate),"N/A - internal aggregate, see Sources sheet for underlying Kaggle datasets",2026-08-13
MKT-00703,TravelTech,Unknown,Belgium,Unknown,Unknown,Unknown,Unknown,Unknown,Unknown,Unknown,Unknown,2026,3,6947481.0,Derived from LaunchLens cleaned pool (descriptive count of startups in this dataset only - NOT an external market-size estimate),"N/A - internal aggregate, see Sources sheet for underlying Kaggle datasets",2026-08-13
MKT-00704,TravelTech,Unknown,Brazil,Unknown,Unknown,Unknown,Unknown,Unknown,Unknown,Unknown,Unknown,2026,20,451547386.0,Derived from LaunchLens cleaned pool (descriptive count of startups in this dataset only - NOT an external market-size estimate),"N/A - internal aggregate, see Sources sheet for underlying Kaggle datasets",2026-08-13
MKT-00705,TravelTech,Unknown,Canada,Unknown,Unknown,Unknown,Unknown,Unknown,Unknown,Unknown,Unknown,2026,29,81141586.0,Derived from LaunchLens cleaned pool (descriptive count of startups in this dataset only - NOT an external market-size estimate),"N/A - internal aggregate, see Sources sheet for underlying Kaggle datasets",2026-08-13
MKT-00706,TravelTech,Unknown,Chile,Unknown,Unknown,Unknown,Unknown,Unknown,Unknown,Unknown,Unknown,2026,9,570000.0,Derived from LaunchLens cleaned pool (descriptive count of startups in this dataset only - NOT an external market-size estimate),"N/A - internal aggregate, see Sources sheet for underlying Kaggle datasets",2026-08-13
MKT-00707,TravelTech,Unknown,China,Unknown,Unknown,Unknown,Unknown,Unknown,Unknown,Unknown,Unknown,2026,56,3361985010.0,Derived from LaunchLens cleaned pool (descriptive count of startups in this dataset only - NOT an external market-size estimate),"N/A - internal aggregate, see Sources sheet for underlying Kaggle datasets",2026-08-13
MKT-00708,TravelTech,Unknown,Denmark,Unknown,Unknown,Unknown,Unknown,Unknown,Unknown,Unknown,Unknown,2026,3,8982633.0,Derived from LaunchLens cleaned pool (descriptive count of startups in this dataset only - NOT an external market-size estimate),"N/A - internal aggregate, see Sources sheet for underlying Kaggle datasets",2026-08-13
MKT-00709,TravelTech,Unknown,Egypt,Unknown,Unknown,Unknown,Unknown,Unknown,Unknown,Unknown,Unknown,2026,3,176000000.0,Derived from LaunchLens cleaned pool (descriptive count of startups in this dataset only - NOT an external market-size estimate),"N/A - internal aggregate, see Sources sheet for underlying Kaggle datasets",2026-08-13
MKT-00710,TravelTech,Unknown,Finland,Unknown,Unknown,Unknown,Unknown,Unknown,Unknown,Unknown,Unknown,2026,5,6357633.0,Derived from LaunchLens cleaned pool (descriptive count of startups in this dataset only - NOT an external market-size estimate),"N/A - internal aggregate, see Sources sheet for underlying Kaggle datasets",2026-08-13
MKT-00711,TravelTech,Unknown,France,Unknown,Unknown,Unknown,Unknown,Unknown,Unknown,Unknown,Unknown,2026,39,486946581.313355,Derived from LaunchLens cleaned pool (descriptive count of startups in this dataset only - NOT an external market-size estimate),"N/A - internal aggregate, see Sources sheet for underlying Kaggle datasets",2026-08-13
MKT-00712,TravelTech,Unknown,Germany,Unknown,Unknown,Unknown,Unknown,Unknown,Unknown,Unknown,Unknown,2026,37,413417681.9593149,Derived from LaunchLens cleaned pool (descriptive count of startups in this dataset only - NOT an external market-size estimate),"N/A - internal aggregate, see Sources sheet for underlying Kaggle datasets",2026-08-13
MKT-00713,TravelTech,Unknown,Greece,Unknown,Unknown,Unknown,Unknown,Unknown,Unknown,Unknown,Unknown,2026,4,396704.0,Derived from LaunchLens cleaned pool (descriptive count of startups in this dataset only - NOT an external market-size estimate),"N/A - internal aggregate, see Sources sheet for underlying Kaggle datasets",2026-08-13
MKT-00714,TravelTech,Unknown,Hong Kong,Unknown,Unknown,Unknown,Unknown,Unknown,Unknown,Unknown,Unknown,2026,14,45979250.0,Derived from LaunchLens cleaned pool (descriptive count of startups in this dataset only - NOT an external market-size estimate),"N/A - internal aggregate, see Sources sheet for underlying Kaggle datasets",2026-08-13
MKT-00715,TravelTech,Unknown,Hungary,Unknown,Unknown,Unknown,Unknown,Unknown,Unknown,Unknown,Unknown,2026,5,2383741.0,Derived from LaunchLens cleaned pool (descriptive count of startups in this dataset only - NOT an external market-size estimate),"N/A - internal aggregate, see Sources sheet for underlying Kaggle datasets",2026-08-13
MKT-00716,TravelTech,Unknown,India,Unknown,Unknown,Unknown,Unknown,Unknown,Unknown,Unknown,Unknown,2026,71,620183311.1275951,Derived from LaunchLens cleaned pool (descriptive count of startups in this dataset only - NOT an external market-size estimate),"N/A - internal aggregate, see Sources sheet for underlying Kaggle datasets",2026-08-13
MKT-00717,TravelTech,Unknown,Indonesia,Unknown,Unknown,Unknown,Unknown,Unknown,Unknown,Unknown,Unknown,2026,3,3300000.0,Derived from LaunchLens cleaned pool (descriptive count of startups in this dataset only - NOT an external market-size estimate),"N/A - internal aggregate, see Sources sheet for underlying Kaggle datasets",2026-08-13
MKT-00718,TravelTech,Unknown,Ireland,Unknown,Unknown,Unknown,Unknown,Unknown,Unknown,Unknown,Unknown,2026,20,36715868.16188055,Derived from LaunchLens cleaned pool (descriptive count of startups in this dataset only - NOT an external market-size estimate),"N/A - internal aggregate, see Sources sheet for underlying Kaggle datasets",2026-08-13
MKT-00719,TravelTech,Unknown,Israel,Unknown,Unknown,Unknown,Unknown,Unknown,Unknown,Unknown,Unknown,2026,15,56730000.0,Derived from LaunchLens cleaned pool (descriptive count of startups in this dataset only - NOT an external market-size estimate),"N/A - internal aggregate, see Sources sheet for underlying Kaggle datasets",2026-08-13
MKT-00720,TravelTech,Unknown,Italy,Unknown,Unknown,Unknown,Unknown,Unknown,Unknown,Unknown,Unknown,2026,35,434285494.6155711,Derived from LaunchLens cleaned pool (descriptive count of startups in this dataset only - NOT an external market-size estimate),"N/A - internal aggregate, see Sources sheet for underlying Kaggle datasets",2026-08-13
MKT-00721,TravelTech,Unknown,Japan,Unknown,Unknown,Unknown,Unknown,Unknown,Unknown,Unknown,Unknown,2026,9,160365344.0,Derived from LaunchLens cleaned pool (descriptive count of startups in this dataset only - NOT an external market-size estimate),"N/A - internal aggregate, see Sources sheet for underlying Kaggle datasets",2026-08-13
MKT-00722,TravelTech,Unknown,Kenya,Unknown,Unknown,Unknown,Unknown,Unknown,Unknown,Unknown,Unknown,2026,3,579495.9128065394,Derived from LaunchLens cleaned pool (descriptive count of startups in this dataset only - NOT an external market-size estimate),"N/A - internal aggregate, see Sources sheet for underlying Kaggle datasets",2026-08-13
MKT-00723,TravelTech,Unknown,Lithuania,Unknown,Unknown,Unknown,Unknown,Unknown,Unknown,Unknown,Unknown,2026,4,543454.0,Derived from LaunchLens cleaned pool (descriptive count of startups in this dataset only - NOT an external market-size estimate),"N/A - internal aggregate, see Sources sheet for underlying Kaggle datasets",2026-08-13
MKT-00724,TravelTech,Unknown,Mexico,Unknown,Unknown,Unknown,Unknown,Unknown,Unknown,Unknown,Unknown,2026,3,915000.0,Derived from LaunchLens cleaned pool (descriptive count of startups in this dataset only - NOT an external market-size estimate),"N/A - internal aggregate, see Sources sheet for underlying Kaggle datasets",2026-08-13
MKT-00725,TravelTech,Unknown,Netherlands,Unknown,Unknown,Unknown,Unknown,Unknown,Unknown,Unknown,Unknown,2026,15,163071909.0,Derived from LaunchLens cleaned pool (descriptive count of startups in this dataset only - NOT an external market-size estimate),"N/A - internal aggregate, see Sources sheet for underlying Kaggle datasets",2026-08-13
MKT-00726,TravelTech,Unknown,New Zealand,Unknown,Unknown,Unknown,Unknown,Unknown,Unknown,Unknown,Unknown,2026,3,2255182.0,Derived from LaunchLens cleaned pool (descriptive count of startups in this dataset only - NOT an external market-size estimate),"N/A - internal aggregate, see Sources sheet for underlying Kaggle datasets",2026-08-13
MKT-00727,TravelTech,Unknown,Nigeria,Unknown,Unknown,Unknown,Unknown,Unknown,Unknown,Unknown,Unknown,2026,4,2035000.0,Derived from LaunchLens cleaned pool (descriptive count of startups in this dataset only - NOT an external market-size estimate),"N/A - internal aggregate, see Sources sheet for underlying Kaggle datasets",2026-08-13
MKT-00728,TravelTech,Unknown,Peru,Unknown,Unknown,Unknown,Unknown,Unknown,Unknown,Unknown,Unknown,2026,3,300000.0,Derived from LaunchLens cleaned pool (descriptive count of startups in this dataset only - NOT an external market-size estimate),"N/A - internal aggregate, see Sources sheet for underlying Kaggle datasets",2026-08-13
MKT-00729,TravelTech,Unknown,Poland,Unknown,Unknown,Unknown,Unknown,Unknown,Unknown,Unknown,Unknown,2026,4,15876333.021288497,Derived from LaunchLens cleaned pool (descriptive count of startups in this dataset only - NOT an external market-size estimate),"N/A - internal aggregate, see Sources sheet for underlying Kaggle datasets",2026-08-13
MKT-00730,TravelTech,Unknown,Portugal,Unknown,Unknown,Unknown,Unknown,Unknown,Unknown,Unknown,Unknown,2026,9,7017705.0,Derived from LaunchLens cleaned pool (descriptive count of startups in this dataset only - NOT an external market-size estimate),"N/A - internal aggregate, see Sources sheet for underlying Kaggle datasets",2026-08-13
MKT-00731,TravelTech,Unknown,Russia,Unknown,Unknown,Unknown,Unknown,Unknown,Unknown,Unknown,Unknown,2026,25,138277000.0,Derived from LaunchLens cleaned pool (descriptive count of startups in this dataset only - NOT an external market-size estimate),"N/A - internal aggregate, see Sources sheet for underlying Kaggle datasets",2026-08-13
MKT-00732,TravelTech,Unknown,Singapore,Unknown,Unknown,Unknown,Unknown,Unknown,Unknown,Unknown,Unknown,2026,26,743012461.9932367,Derived from LaunchLens cleaned pool (descriptive count of startups in this dataset only - NOT an external market-size estimate),"N/A - internal aggregate, see Sources sheet for underlying Kaggle datasets",2026-08-13
MKT-00733,TravelTech,Unknown,South Africa,Unknown,Unknown,Unknown,Unknown,Unknown,Unknown,Unknown,Unknown,2026,5,60750000.0,Derived from LaunchLens cleaned pool (descriptive count of startups in this dataset only - NOT an external market-size estimate),"N/A - internal aggregate, see Sources sheet for underlying Kaggle datasets",2026-08-13
MKT-00734,TravelTech,Unknown,South Korea,Unknown,Unknown,Unknown,Unknown,Unknown,Unknown,Unknown,Unknown,2026,15,24802283.175947532,Derived from LaunchLens cleaned pool (descriptive count of startups in this dataset only - NOT an external market-size estimate),"N/A - internal aggregate, see Sources sheet for underlying Kaggle datasets",2026-08-13
MKT-00735,TravelTech,Unknown,Spain,Unknown,Unknown,Unknown,Unknown,Unknown,Unknown,Unknown,Unknown,2026,47,91257023.7805708,Derived from LaunchLens cleaned pool (descriptive count of startups in this dataset only - NOT an external market-size estimate),"N/A - internal aggregate, see Sources sheet for underlying Kaggle datasets",2026-08-13
MKT-00736,TravelTech,Unknown,Sweden,Unknown,Unknown,Unknown,Unknown,Unknown,Unknown,Unknown,Unknown,2026,6,2075421.0,Derived from LaunchLens cleaned pool (descriptive count of startups in this dataset only - NOT an external market-size estimate),"N/A - internal aggregate, see Sources sheet for underlying Kaggle datasets",2026-08-13
MKT-00737,TravelTech,Unknown,Switzerland,Unknown,Unknown,Unknown,Unknown,Unknown,Unknown,Unknown,Unknown,2026,15,25865813.0,Derived from LaunchLens cleaned pool (descriptive count of startups in this dataset only - NOT an external market-size estimate),"N/A - internal aggregate, see Sources sheet for underlying Kaggle datasets",2026-08-13
MKT-00738,TravelTech,Unknown,Thailand,Unknown,Unknown,Unknown,Unknown,Unknown,Unknown,Unknown,Unknown,2026,3,120000.0,Derived from LaunchLens cleaned pool (descriptive count of startups in this dataset only - NOT an external market-size estimate),"N/A - internal aggregate, see Sources sheet for underlying Kaggle datasets",2026-08-13
MKT-00739,TravelTech,Unknown,Turkey,Unknown,Unknown,Unknown,Unknown,Unknown,Unknown,Unknown,Unknown,2026,10,57055555.0,Derived from LaunchLens cleaned pool (descriptive count of startups in this dataset only - NOT an external market-size estimate),"N/A - internal aggregate, see Sources sheet for underlying Kaggle datasets",2026-08-13
MKT-00740,TravelTech,Unknown,United Arab Emirates,Unknown,Unknown,Unknown,Unknown,Unknown,Unknown,Unknown,Unknown,2026,6,6005000.0,Derived from LaunchLens cleaned pool (descriptive count of startups in this dataset only - NOT an external market-size estimate),"N/A - internal aggregate, see Sources sheet for underlying Kaggle datasets",2026-08-13
MKT-00741,TravelTech,Unknown,United Kingdom,Unknown,Unknown,Unknown,Unknown,Unknown,Unknown,Unknown,Unknown,2026,121,785739186.2793441,Derived from LaunchLens cleaned pool (descriptive count of startups in this dataset only - NOT an external market-size estimate),"N/A - internal aggregate, see Sources sheet for underlying Kaggle datasets",2026-08-13
MKT-00742,TravelTech,Unknown,United States,Unknown,Unknown,Unknown,Unknown,Unknown,Unknown,Unknown,Unknown,2026,795,12973245008.021288,Derived from LaunchLens cleaned pool (descriptive count of startups in this dataset only - NOT an external market-size estimate),"N/A - internal aggregate, see Sources sheet for underlying Kaggle datasets",2026-08-13
