idea_id,idea_description,industry,sub_industry,problem,target_audience,solution,technology,business_model,revenue_model,geographic_market,market_need,competition_level,source,source_url
IDEA-00001,"[DERIVED] InVenture is a real, publicly-recorded FinTech company (category tags: Credit|Financial Services|Information Technology|Mobile|Mobile Commerce|Social Entrepreneurship|Telecommunications) headquartered in United States.",FinTech,Credit|Financial Services|Information Technology|Mobile|Mobile Commerce|Social Entrepreneurship|Telecommunications,Unknown - not stated in source data,Unknown - not stated in source data,Unknown - not stated in source data,Unknown - not stated in source data,Unknown - not stated in source data,Unknown - not stated in source data,United States,Unknown - no external source,High (dataset-derived),"Kaggle: big-startup-secsees-fail-dataset-from-crunchbase + investments-crunchbase (market enrichment) (idea_description text is DERIVED, not sourced verbatim)",https://www.kaggle.com/datasets/yanmaksi/big-startup-secsees-fail-dataset-from-crunchbase
IDEA-00002,"[DERIVED] SecureKey Technologies is a real, publicly-recorded Cybersecurity company (category tags: Security) headquartered in Canada.",Cybersecurity,Security,Unknown - not stated in source data,Unknown - not stated in source data,Unknown - not stated in source data,Unknown - not stated in source data,Unknown - not stated in source data,Unknown - not stated in source data,Canada,Unknown - no external source,Medium (dataset-derived),"Kaggle: big-startup-secsees-fail-dataset-from-crunchbase + investments-crunchbase (market enrichment) (idea_description text is DERIVED, not sourced verbatim)",https://www.kaggle.com/datasets/yanmaksi/big-startup-secsees-fail-dataset-from-crunchbase
IDEA-00003,"[DERIVED] Inzen Studio is a real, publicly-recorded Media & Entertainment company (category tags: Games) headquartered in Singapore.",Media & Entertainment,Games,Unknown - not stated in source data,Unknown - not stated in source data,Unknown - not stated in source data,Unknown - not stated in source data,Unknown - not stated in source data,Unknown - not stated in source data,Singapore,Unknown - no external source,Medium (dataset-derived),"Kaggle: big-startup-secsees-fail-dataset-from-crunchbase + investments-crunchbase (market enrichment) (idea_description text is DERIVED, not sourced verbatim)",https://www.kaggle.com/datasets/yanmaksi/big-startup-secsees-fail-dataset-from-crunchbase
IDEA-00004,"[DERIVED] Virtuos is a real, publicly-recorded Media & Entertainment company (category tags: Game|Games|Video Games) headquartered in China.",Media & Entertainment,Game|Games|Video Games,Unknown - not stated in source data,Unknown - not stated in source data,Unknown - not stated in source data,Unknown - not stated in source data,Unknown - not stated in source data,Unknown - not stated in source data,China,Unknown - no external source,High (dataset-derived),"Kaggle: big-startup-secsees-fail-dataset-from-crunchbase (idea_description text is DERIVED, not sourced verbatim)",https://www.kaggle.com/datasets/yanmaksi/big-startup-secsees-fail-dataset-from-crunchbase
IDEA-00005,"[DERIVED] MaXware is a real, publicly-recorded Cybersecurity company (category tags: Security) headquartered in Norway.",Cybersecurity,Security,Unknown - not stated in source data,Unknown - not stated in source data,Unknown - not stated in source data,Unknown - not stated in source data,Unknown - not stated in source data,Unknown - not stated in source data,Norway,Unknown - no external source,Low (dataset-derived),"Kaggle: big-startup-secsees-fail-dataset-from-crunchbase + investments-crunchbase (market enrichment) (idea_description text is DERIVED, not sourced verbatim)",https://www.kaggle.com/datasets/yanmaksi/big-startup-secsees-fail-dataset-from-crunchbase
IDEA-00006,"[DERIVED] Plastyc is a real, publicly-recorded FinTech company (category tags: Finance) headquartered in United States.",FinTech,Finance,Unknown - not stated in source data,Unknown - not stated in source data,Unknown - not stated in source data,Unknown - not stated in source data,Unknown - not stated in source data,Unknown - not stated in source data,United States,Unknown - no external source,High (dataset-derived),"Kaggle: big-startup-secsees-fail-dataset-from-crunchbase + investments-crunchbase (market enrichment) (idea_description text is DERIVED, not sourced verbatim)",https://www.kaggle.com/datasets/yanmaksi/big-startup-secsees-fail-dataset-from-crunchbase
IDEA-00007,"[DERIVED] Gimao Networks is a real, publicly-recorded Media & Entertainment company (category tags: Curated Web|Facebook Applications|Social Media) headquartered in Israel.",Media & Entertainment,Curated Web|Facebook Applications|Social Media,Unknown - not stated in source data,Unknown - not stated in source data,Unknown - not stated in source data,Unknown - not stated in source data,Unknown - not stated in source data,Unknown - not stated in source data,Israel,Unknown - no external source,Medium (dataset-derived),"Kaggle: big-startup-secsees-fail-dataset-from-crunchbase + investments-crunchbase (market enrichment) (idea_description text is DERIVED, not sourced verbatim)",https://www.kaggle.com/datasets/yanmaksi/big-startup-secsees-fail-dataset-from-crunchbase
IDEA-00008,"[DERIVED] Collectric is a real, publicly-recorded DeepTech company (category tags: Hardware + Software) headquartered in Sweden.",DeepTech,Hardware + Software,Unknown - not stated in source data,Unknown - not stated in source data,Unknown - not stated in source data,Unknown - not stated in source data,Unknown - not stated in source data,Unknown - not stated in source data,Sweden,Unknown - no external source,Low (dataset-derived),"Kaggle: big-startup-secsees-fail-dataset-from-crunchbase + investments-crunchbase (market enrichment) (idea_description text is DERIVED, not sourced verbatim)",https://www.kaggle.com/datasets/yanmaksi/big-startup-secsees-fail-dataset-from-crunchbase
IDEA-00009,"[DERIVED] AgaMatrix Inc. is a real, publicly-recorded HealthTech company (category tags: Health and Wellness|Health Care|Medical Devices) headquartered in United States.",HealthTech,Health and Wellness|Health Care|Medical Devices,Unknown - not stated in source data,Unknown - not stated in source data,Unknown - not stated in source data,Unknown - not stated in source data,Unknown - not stated in source data,Unknown - not stated in source data,United States,Unknown - no external source,High (dataset-derived),"Kaggle: big-startup-secsees-fail-dataset-from-crunchbase (idea_description text is DERIVED, not sourced verbatim)",https://www.kaggle.com/datasets/yanmaksi/big-startup-secsees-fail-dataset-from-crunchbase
IDEA-00010,"[DERIVED] TidyClub is a real, publicly-recorded FinTech company (category tags: CRM|Email|Enterprise Software|Events|Finance|Freelancers|Meeting Software|Payments|SMS|Social Media|Task Management|Telecommunications) headquartered in Australia.",FinTech,CRM|Email|Enterprise Software|Events|Finance|Freelancers|Meeting Software|Payments|SMS|Social Media|Task Management|Telecommunications,Unknown - not stated in source data,Unknown - not stated in source data,Unknown - not stated in source data,Unknown - not stated in source data,Unknown - not stated in source data,Unknown - not stated in source data,Australia,Unknown - no external source,Medium (dataset-derived),"Kaggle: big-startup-secsees-fail-dataset-from-crunchbase + investments-crunchbase (market enrichment) (idea_description text is DERIVED, not sourced verbatim)",https://www.kaggle.com/datasets/yanmaksi/big-startup-secsees-fail-dataset-from-crunchbase
IDEA-00011,"[DERIVED] Break Media is a real, publicly-recorded MarTech company (category tags: Advertising|Entertainment|Games|Internet|Mens Specific|Sales and Marketing|Video) headquartered in United States.",MarTech,Advertising|Entertainment|Games|Internet|Mens Specific|Sales and Marketing|Video,Unknown - not stated in source data,Unknown - not stated in source data,Unknown - not stated in source data,Unknown - not stated in source data,Unknown - not stated in source data,Unknown - not stated in source data,United States,Unknown - no external source,High (dataset-derived),"Kaggle: big-startup-secsees-fail-dataset-from-crunchbase + investments-crunchbase (market enrichment) (idea_description text is DERIVED, not sourced verbatim)",https://www.kaggle.com/datasets/yanmaksi/big-startup-secsees-fail-dataset-from-crunchbase
IDEA-00012,"[DERIVED] Glam .fr France is a real, publicly-recorded Media & Entertainment company (category tags: Curated Web|Social Media|Social Network Media) headquartered in France.",Media & Entertainment,Curated Web|Social Media|Social Network Media,Unknown - not stated in source data,Unknown - not stated in source data,Unknown - not stated in source data,Unknown - not stated in source data,Unknown - not stated in source data,Unknown - not stated in source data,France,Unknown - no external source,Medium (dataset-derived),"Kaggle: big-startup-secsees-fail-dataset-from-crunchbase + investments-crunchbase (market enrichment) (idea_description text is DERIVED, not sourced verbatim)",https://www.kaggle.com/datasets/yanmaksi/big-startup-secsees-fail-dataset-from-crunchbase
IDEA-00013,"[DERIVED] Snaptiva is a real, publicly-recorded E-commerce company (category tags: Comparison Shopping|E-Commerce|Fashion) headquartered in United States.",E-commerce,Comparison Shopping|E-Commerce|Fashion,Unknown - not stated in source data,Unknown - not stated in source data,Unknown - not stated in source data,Unknown - not stated in source data,Unknown - not stated in source data,Unknown - not stated in source data,United States,Unknown - no external source,High (dataset-derived),"Kaggle: big-startup-secsees-fail-dataset-from-crunchbase + investments-crunchbase (market enrichment) (idea_description text is DERIVED, not sourced verbatim)",https://www.kaggle.com/datasets/yanmaksi/big-startup-secsees-fail-dataset-from-crunchbase
IDEA-00014,"[DERIVED] Poka Inc. is a real, publicly-recorded AI / Machine Learning company (category tags: Development Platforms|Industrial|Manufacturing|Training) headquartered in Canada.",AI / Machine Learning,Development Platforms|Industrial|Manufacturing|Training,Unknown - not stated in source data,Unknown - not stated in source data,Unknown - not stated in source data,Unknown - not stated in source data,Unknown - not stated in source data,Unknown - not stated in source data,Canada,Unknown - no external source,Low (dataset-derived),"Kaggle: big-startup-secsees-fail-dataset-from-crunchbase (idea_description text is DERIVED, not sourced verbatim)",https://www.kaggle.com/datasets/yanmaksi/big-startup-secsees-fail-dataset-from-crunchbase
IDEA-00015,"[DERIVED] Circle Technology is a real, publicly-recorded SaaS company (category tags: Software) headquartered in United States.",SaaS,Software,Unknown - not stated in source data,Unknown - not stated in source data,Unknown - not stated in source data,Unknown - not stated in source data,Unknown - not stated in source data,Unknown - not stated in source data,United States,Unknown - no external source,High (dataset-derived),"Kaggle: big-startup-secsees-fail-dataset-from-crunchbase + investments-crunchbase (market enrichment) (idea_description text is DERIVED, not sourced verbatim)",https://www.kaggle.com/datasets/yanmaksi/big-startup-secsees-fail-dataset-from-crunchbase
IDEA-00016,"[DERIVED] Goomeo is a real, publicly-recorded SaaS company (category tags: Android|Apps|Event Management|Events|iPhone|Mobile|Software) headquartered in France.",SaaS,Android|Apps|Event Management|Events|iPhone|Mobile|Software,Unknown - not stated in source data,Unknown - not stated in source data,Unknown - not stated in source data,Unknown - not stated in source data,Unknown - not stated in source data,Unknown - not stated in source data,France,Unknown - no external source,High (dataset-derived),"Kaggle: big-startup-secsees-fail-dataset-from-crunchbase + investments-crunchbase (market enrichment) (idea_description text is DERIVED, not sourced verbatim)",https://www.kaggle.com/datasets/yanmaksi/big-startup-secsees-fail-dataset-from-crunchbase
IDEA-00017,"[DERIVED] Ovizio is a real, publicly-recorded HealthTech company (category tags: Biotechnology) headquartered in Belgium.",HealthTech,Biotechnology,Unknown - not stated in source data,Unknown - not stated in source data,Unknown - not stated in source data,Unknown - not stated in source data,Unknown - not stated in source data,Unknown - not stated in source data,Belgium,Unknown - no external source,Medium (dataset-derived),"Kaggle: big-startup-secsees-fail-dataset-from-crunchbase (idea_description text is DERIVED, not sourced verbatim)",https://www.kaggle.com/datasets/yanmaksi/big-startup-secsees-fail-dataset-from-crunchbase
IDEA-00018,"[DERIVED] Kaargo is a real, publicly-recorded Logistics company (category tags: Shipping) headquartered in United States.",Logistics,Shipping,Unknown - not stated in source data,Unknown - not stated in source data,Unknown - not stated in source data,Unknown - not stated in source data,Unknown - not stated in source data,Unknown - not stated in source data,United States,Unknown - no external source,Medium (dataset-derived),"Kaggle: big-startup-secsees-fail-dataset-from-crunchbase (idea_description text is DERIVED, not sourced verbatim)",https://www.kaggle.com/datasets/yanmaksi/big-startup-secsees-fail-dataset-from-crunchbase
IDEA-00019,"[DERIVED] FanTom Corp is a real, publicly-recorded HRTech company (category tags: Employment) headquartered in United States.",HRTech,Employment,Unknown - not stated in source data,Unknown - not stated in source data,Unknown - not stated in source data,Unknown - not stated in source data,Unknown - not stated in source data,Unknown - not stated in source data,United States,Unknown - no external source,High (dataset-derived),"Kaggle: big-startup-secsees-fail-dataset-from-crunchbase (idea_description text is DERIVED, not sourced verbatim)",https://www.kaggle.com/datasets/yanmaksi/big-startup-secsees-fail-dataset-from-crunchbase
IDEA-00020,"[DERIVED] Polleverywhere is a real, publicly-recorded MarTech company (category tags: |Real Time|Public Relations|Messaging|Polling|) headquartered in an unspecified country.",MarTech,|Real Time|Public Relations|Messaging|Polling|,Unknown - not stated in source data,Unknown - not stated in source data,Unknown - not stated in source data,Unknown - not stated in source data,Unknown - not stated in source data,Unknown - not stated in source data,,Unknown - no external source,Unknown,"Kaggle: startup-investments-crunchbase (unique to this source) (idea_description text is DERIVED, not sourced verbatim)",https://www.kaggle.com/datasets/arindam235/startup-investments-crunchbase
IDEA-00021,"[DERIVED] Jewel Toned is a real, publicly-recorded E-commerce company (category tags: E-Commerce|Fashion|Lingerie) headquartered in United States.",E-commerce,E-Commerce|Fashion|Lingerie,Unknown - not stated in source data,Unknown - not stated in source data,Unknown - not stated in source data,Unknown - not stated in source data,Unknown - not stated in source data,Unknown - not stated in source data,United States,Unknown - no external source,High (dataset-derived),"Kaggle: big-startup-secsees-fail-dataset-from-crunchbase + investments-crunchbase (market enrichment) (idea_description text is DERIVED, not sourced verbatim)",https://www.kaggle.com/datasets/yanmaksi/big-startup-secsees-fail-dataset-from-crunchbase
IDEA-00022,"[DERIVED] Study2gether is a real, publicly-recorded EdTech company (category tags: Education|High Schools) headquartered in Spain.",EdTech,Education|High Schools,Unknown - not stated in source data,Unknown - not stated in source data,Unknown - not stated in source data,Unknown - not stated in source data,Unknown - not stated in source data,Unknown - not stated in source data,Spain,Unknown - no external source,Low (dataset-derived),"Kaggle: big-startup-secsees-fail-dataset-from-crunchbase + investments-crunchbase (market enrichment) (idea_description text is DERIVED, not sourced verbatim)",https://www.kaggle.com/datasets/yanmaksi/big-startup-secsees-fail-dataset-from-crunchbase
IDEA-00023,"[DERIVED] Transcatheter Technologies is a real, publicly-recorded HealthTech company (category tags: Health Care) headquartered in Germany.",HealthTech,Health Care,Unknown - not stated in source data,Unknown - not stated in source data,Unknown - not stated in source data,Unknown - not stated in source data,Unknown - not stated in source data,Unknown - not stated in source data,Germany,Unknown - no external source,Medium (dataset-derived),"Kaggle: big-startup-secsees-fail-dataset-from-crunchbase + investments-crunchbase (market enrichment) (idea_description text is DERIVED, not sourced verbatim)",https://www.kaggle.com/datasets/yanmaksi/big-startup-secsees-fail-dataset-from-crunchbase
IDEA-00024,"[DERIVED] KZO Innovations is a real, publicly-recorded Media & Entertainment company (category tags: Collaboration|Software|Video) headquartered in United States.",Media & Entertainment,Collaboration|Software|Video,Unknown - not stated in source data,Unknown - not stated in source data,Unknown - not stated in source data,Unknown - not stated in source data,Unknown - not stated in source data,Unknown - not stated in source data,United States,Unknown - no external source,High (dataset-derived),"Kaggle: big-startup-secsees-fail-dataset-from-crunchbase + investments-crunchbase (market enrichment) (idea_description text is DERIVED, not sourced verbatim)",https://www.kaggle.com/datasets/yanmaksi/big-startup-secsees-fail-dataset-from-crunchbase
IDEA-00025,"[DERIVED] Choice Strategies is a real, publicly-recorded FinTech company (category tags: Consumers|Design|Financial Services) headquartered in an unspecified country.",FinTech,Consumers|Design|Financial Services,Unknown - not stated in source data,Unknown - not stated in source data,Unknown - not stated in source data,Unknown - not stated in source data,Unknown - not stated in source data,Unknown - not stated in source data,,Unknown - no external source,Unknown,"Kaggle: big-startup-secsees-fail-dataset-from-crunchbase (idea_description text is DERIVED, not sourced verbatim)",https://www.kaggle.com/datasets/yanmaksi/big-startup-secsees-fail-dataset-from-crunchbase
IDEA-00026,"[DERIVED] Cappella Medical Devices is a real, publicly-recorded HealthTech company (category tags: Health Care) headquartered in Ireland.",HealthTech,Health Care,Unknown - not stated in source data,Unknown - not stated in source data,Unknown - not stated in source data,Unknown - not stated in source data,Unknown - not stated in source data,Unknown - not stated in source data,Ireland,Unknown - no external source,Medium (dataset-derived),"Kaggle: big-startup-secsees-fail-dataset-from-crunchbase + investments-crunchbase (market enrichment) (idea_description text is DERIVED, not sourced verbatim)",https://www.kaggle.com/datasets/yanmaksi/big-startup-secsees-fail-dataset-from-crunchbase
IDEA-00027,"[DERIVED] MIND C.T.I. Ltd is a real, publicly-recorded SaaS company (category tags: Software) headquartered in United States.",SaaS,Software,Unknown - not stated in source data,Unknown - not stated in source data,Unknown - not stated in source data,Unknown - not stated in source data,Unknown - not stated in source data,Unknown - not stated in source data,United States,Unknown - no external source,High (dataset-derived),"Kaggle: big-startup-secsees-fail-dataset-from-crunchbase + investments-crunchbase (market enrichment) (idea_description text is DERIVED, not sourced verbatim)",https://www.kaggle.com/datasets/yanmaksi/big-startup-secsees-fail-dataset-from-crunchbase
IDEA-00028,"[DERIVED] Vidgyor is a real, publicly-recorded SaaS company (category tags: Software) headquartered in India.",SaaS,Software,Unknown - not stated in source data,Unknown - not stated in source data,Unknown - not stated in source data,Unknown - not stated in source data,Unknown - not stated in source data,Unknown - not stated in source data,India,Unknown - no external source,Medium (dataset-derived),"Kaggle: big-startup-secsees-fail-dataset-from-crunchbase (idea_description text is DERIVED, not sourced verbatim)",https://www.kaggle.com/datasets/yanmaksi/big-startup-secsees-fail-dataset-from-crunchbase
IDEA-00029,"[DERIVED] baseclick is a real, publicly-recorded HealthTech company (category tags: Biotechnology) headquartered in Germany.",HealthTech,Biotechnology,Unknown - not stated in source data,Unknown - not stated in source data,Unknown - not stated in source data,Unknown - not stated in source data,Unknown - not stated in source data,Unknown - not stated in source data,Germany,Unknown - no external source,Medium (dataset-derived),"Kaggle: big-startup-secsees-fail-dataset-from-crunchbase + investments-crunchbase (market enrichment) (idea_description text is DERIVED, not sourced verbatim)",https://www.kaggle.com/datasets/yanmaksi/big-startup-secsees-fail-dataset-from-crunchbase
IDEA-00030,"[DERIVED] Healthcare Bluebook is a real, publicly-recorded HealthTech company (category tags: Health and Wellness) headquartered in United States.",HealthTech,Health and Wellness,Unknown - not stated in source data,Unknown - not stated in source data,Unknown - not stated in source data,Unknown - not stated in source data,Unknown - not stated in source data,Unknown - not stated in source data,United States,Unknown - no external source,High (dataset-derived),"Kaggle: big-startup-secsees-fail-dataset-from-crunchbase + investments-crunchbase (market enrichment) (idea_description text is DERIVED, not sourced verbatim)",https://www.kaggle.com/datasets/yanmaksi/big-startup-secsees-fail-dataset-from-crunchbase
IDEA-00031,"[DERIVED] NebuAd is a real, publicly-recorded MarTech company (category tags: Advertising) headquartered in United States.",MarTech,Advertising,Unknown - not stated in source data,Unknown - not stated in source data,Unknown - not stated in source data,Unknown - not stated in source data,Unknown - not stated in source data,Unknown - not stated in source data,United States,Unknown - no external source,High (dataset-derived),"Kaggle: big-startup-secsees-fail-dataset-from-crunchbase + investments-crunchbase (market enrichment) (idea_description text is DERIVED, not sourced verbatim)",https://www.kaggle.com/datasets/yanmaksi/big-startup-secsees-fail-dataset-from-crunchbase
IDEA-00032,"[DERIVED] Helpmycash is a real, publicly-recorded FinTech company (category tags: Banking|Finance) headquartered in Spain.",FinTech,Banking|Finance,Unknown - not stated in source data,Unknown - not stated in source data,Unknown - not stated in source data,Unknown - not stated in source data,Unknown - not stated in source data,Unknown - not stated in source data,Spain,Unknown - no external source,Low (dataset-derived),"Kaggle: big-startup-secsees-fail-dataset-from-crunchbase + investments-crunchbase (market enrichment) (idea_description text is DERIVED, not sourced verbatim)",https://www.kaggle.com/datasets/yanmaksi/big-startup-secsees-fail-dataset-from-crunchbase
IDEA-00033,"[DERIVED] EventSorbet is a real, publicly-recorded FoodTech company (category tags: Career Planning|Events|Meeting Software|Online Reservations|Restaurants|SaaS|Weddings) headquartered in United States.",FoodTech,Career Planning|Events|Meeting Software|Online Reservations|Restaurants|SaaS|Weddings,Unknown - not stated in source data,Unknown - not stated in source data,Unknown - not stated in source data,Unknown - not stated in source data,Unknown - not stated in source data,Unknown - not stated in source data,United States,Unknown - no external source,High (dataset-derived),"Kaggle: big-startup-secsees-fail-dataset-from-crunchbase + investments-crunchbase (market enrichment) (idea_description text is DERIVED, not sourced verbatim)",https://www.kaggle.com/datasets/yanmaksi/big-startup-secsees-fail-dataset-from-crunchbase
IDEA-00034,"[DERIVED] Toona Technologies OÜ is a real, publicly-recorded HealthTech company (category tags: Fitness|Health and Wellness|Services) headquartered in Estonia.",HealthTech,Fitness|Health and Wellness|Services,Unknown - not stated in source data,Unknown - not stated in source data,Unknown - not stated in source data,Unknown - not stated in source data,Unknown - not stated in source data,Unknown - not stated in source data,Estonia,Unknown - no external source,Low (dataset-derived),"Kaggle: big-startup-secsees-fail-dataset-from-crunchbase (idea_description text is DERIVED, not sourced verbatim)",https://www.kaggle.com/datasets/yanmaksi/big-startup-secsees-fail-dataset-from-crunchbase
IDEA-00035,"[DERIVED] Bibblio is a real, publicly-recorded EdTech company (category tags: Digital Media|Education) headquartered in United Kingdom.",EdTech,Digital Media|Education,Unknown - not stated in source data,Unknown - not stated in source data,Unknown - not stated in source data,Unknown - not stated in source data,Unknown - not stated in source data,Unknown - not stated in source data,United Kingdom,Unknown - no external source,Medium (dataset-derived),"Kaggle: big-startup-secsees-fail-dataset-from-crunchbase (idea_description text is DERIVED, not sourced verbatim)",https://www.kaggle.com/datasets/yanmaksi/big-startup-secsees-fail-dataset-from-crunchbase
IDEA-00036,"[DERIVED] International Partnership For Microbicides is a real, publicly-recorded HealthTech company (category tags: Non Profit|Pharmaceuticals) headquartered in United States.",HealthTech,Non Profit|Pharmaceuticals,Unknown - not stated in source data,Unknown - not stated in source data,Unknown - not stated in source data,Unknown - not stated in source data,Unknown - not stated in source data,Unknown - not stated in source data,United States,Unknown - no external source,High (dataset-derived),"Kaggle: big-startup-secsees-fail-dataset-from-crunchbase (idea_description text is DERIVED, not sourced verbatim)",https://www.kaggle.com/datasets/yanmaksi/big-startup-secsees-fail-dataset-from-crunchbase
IDEA-00037,"[DERIVED] Knobias is a real, publicly-recorded FinTech company (category tags: Financial Services|News) headquartered in United States.",FinTech,Financial Services|News,Unknown - not stated in source data,Unknown - not stated in source data,Unknown - not stated in source data,Unknown - not stated in source data,Unknown - not stated in source data,Unknown - not stated in source data,United States,Unknown - no external source,High (dataset-derived),"Kaggle: big-startup-secsees-fail-dataset-from-crunchbase (idea_description text is DERIVED, not sourced verbatim)",https://www.kaggle.com/datasets/yanmaksi/big-startup-secsees-fail-dataset-from-crunchbase
IDEA-00038,"[DERIVED] Igor is a real, publicly-recorded SaaS company (category tags: Software) headquartered in United States.",SaaS,Software,Unknown - not stated in source data,Unknown - not stated in source data,Unknown - not stated in source data,Unknown - not stated in source data,Unknown - not stated in source data,Unknown - not stated in source data,United States,Unknown - no external source,High (dataset-derived),"Kaggle: big-startup-secsees-fail-dataset-from-crunchbase + investments-crunchbase (market enrichment) (idea_description text is DERIVED, not sourced verbatim)",https://www.kaggle.com/datasets/yanmaksi/big-startup-secsees-fail-dataset-from-crunchbase
IDEA-00039,"[DERIVED] GrowBLOX is a real, publicly-recorded HealthTech company (category tags: Biotechnology|Manufacturing|Medical) headquartered in United States.",HealthTech,Biotechnology|Manufacturing|Medical,Unknown - not stated in source data,Unknown - not stated in source data,Unknown - not stated in source data,Unknown - not stated in source data,Unknown - not stated in source data,Unknown - not stated in source data,United States,Unknown - no external source,High (dataset-derived),"Kaggle: big-startup-secsees-fail-dataset-from-crunchbase (idea_description text is DERIVED, not sourced verbatim)",https://www.kaggle.com/datasets/yanmaksi/big-startup-secsees-fail-dataset-from-crunchbase
IDEA-00040,"[DERIVED] Umbel is a real, publicly-recorded MarTech company (category tags: Ad Targeting|Analytics|Big Data|Digital Media|Internet Marketing|Market Research|Publishing|Social Media) headquartered in United States.",MarTech,Ad Targeting|Analytics|Big Data|Digital Media|Internet Marketing|Market Research|Publishing|Social Media,Unknown - not stated in source data,Unknown - not stated in source data,Unknown - not stated in source data,Unknown - not stated in source data,Unknown - not stated in source data,Unknown - not stated in source data,United States,Unknown - no external source,High (dataset-derived),"Kaggle: big-startup-secsees-fail-dataset-from-crunchbase + investments-crunchbase (market enrichment) (idea_description text is DERIVED, not sourced verbatim)",https://www.kaggle.com/datasets/yanmaksi/big-startup-secsees-fail-dataset-from-crunchbase
IDEA-00041,"[DERIVED] Yovia is a real, publicly-recorded MarTech company (category tags: Curated Web|Social Media|Social Media Marketing) headquartered in United States.",MarTech,Curated Web|Social Media|Social Media Marketing,Unknown - not stated in source data,Unknown - not stated in source data,Unknown - not stated in source data,Unknown - not stated in source data,Unknown - not stated in source data,Unknown - not stated in source data,United States,Unknown - no external source,High (dataset-derived),"Kaggle: big-startup-secsees-fail-dataset-from-crunchbase + investments-crunchbase (market enrichment) (idea_description text is DERIVED, not sourced verbatim)",https://www.kaggle.com/datasets/yanmaksi/big-startup-secsees-fail-dataset-from-crunchbase
IDEA-00042,"[DERIVED] Targeted Growth is a real, publicly-recorded HealthTech company (category tags: Agriculture|Biotechnology|Energy) headquartered in United States.",HealthTech,Agriculture|Biotechnology|Energy,Unknown - not stated in source data,Unknown - not stated in source data,Unknown - not stated in source data,Unknown - not stated in source data,Unknown - not stated in source data,Unknown - not stated in source data,United States,Unknown - no external source,High (dataset-derived),"Kaggle: big-startup-secsees-fail-dataset-from-crunchbase + investments-crunchbase (market enrichment) (idea_description text is DERIVED, not sourced verbatim)",https://www.kaggle.com/datasets/yanmaksi/big-startup-secsees-fail-dataset-from-crunchbase
IDEA-00043,"[DERIVED] Apartment List is a real, publicly-recorded PropTech company (category tags: Curated Web|Online Rental|Real Estate) headquartered in United States.",PropTech,Curated Web|Online Rental|Real Estate,Unknown - not stated in source data,Unknown - not stated in source data,Unknown - not stated in source data,Unknown - not stated in source data,Unknown - not stated in source data,Unknown - not stated in source data,United States,Unknown - no external source,High (dataset-derived),"Kaggle: big-startup-secsees-fail-dataset-from-crunchbase + investments-crunchbase (market enrichment) (idea_description text is DERIVED, not sourced verbatim)",https://www.kaggle.com/datasets/yanmaksi/big-startup-secsees-fail-dataset-from-crunchbase
IDEA-00044,"[DERIVED] Everdream is a real, publicly-recorded SaaS company (category tags: Databases|Software|Technology) headquartered in United States.",SaaS,Databases|Software|Technology,Unknown - not stated in source data,Unknown - not stated in source data,Unknown - not stated in source data,Unknown - not stated in source data,Unknown - not stated in source data,Unknown - not stated in source data,United States,Unknown - no external source,High (dataset-derived),"Kaggle: big-startup-secsees-fail-dataset-from-crunchbase + investments-crunchbase (market enrichment) (idea_description text is DERIVED, not sourced verbatim)",https://www.kaggle.com/datasets/yanmaksi/big-startup-secsees-fail-dataset-from-crunchbase
IDEA-00045,"[DERIVED] Descomplica is a real, publicly-recorded EdTech company (category tags: Education|Entrepreneur|Internet|Video) headquartered in Brazil.",EdTech,Education|Entrepreneur|Internet|Video,Unknown - not stated in source data,Unknown - not stated in source data,Unknown - not stated in source data,Unknown - not stated in source data,Unknown - not stated in source data,Unknown - not stated in source data,Brazil,Unknown - no external source,Medium (dataset-derived),"Kaggle: big-startup-secsees-fail-dataset-from-crunchbase + investments-crunchbase (market enrichment) (idea_description text is DERIVED, not sourced verbatim)",https://www.kaggle.com/datasets/yanmaksi/big-startup-secsees-fail-dataset-from-crunchbase
IDEA-00046,"[DERIVED] Avalon Healthcare Holdings is a real, publicly-recorded HealthTech company (category tags: Health and Wellness) headquartered in United States.",HealthTech,Health and Wellness,Unknown - not stated in source data,Unknown - not stated in source data,Unknown - not stated in source data,Unknown - not stated in source data,Unknown - not stated in source data,Unknown - not stated in source data,United States,Unknown - no external source,High (dataset-derived),"Kaggle: big-startup-secsees-fail-dataset-from-crunchbase + investments-crunchbase (market enrichment) (idea_description text is DERIVED, not sourced verbatim)",https://www.kaggle.com/datasets/yanmaksi/big-startup-secsees-fail-dataset-from-crunchbase
IDEA-00047,"[DERIVED] Dynosense is a real, publicly-recorded HealthTech company (category tags: Elder Care|Health and Wellness) headquartered in United States.",HealthTech,Elder Care|Health and Wellness,Unknown - not stated in source data,Unknown - not stated in source data,Unknown - not stated in source data,Unknown - not stated in source data,Unknown - not stated in source data,Unknown - not stated in source data,United States,Unknown - no external source,High (dataset-derived),"Kaggle: big-startup-secsees-fail-dataset-from-crunchbase (idea_description text is DERIVED, not sourced verbatim)",https://www.kaggle.com/datasets/yanmaksi/big-startup-secsees-fail-dataset-from-crunchbase
IDEA-00048,"[DERIVED] Fastgen is a real, publicly-recorded DeepTech company (category tags: Hardware + Software) headquartered in United States.",DeepTech,Hardware + Software,Unknown - not stated in source data,Unknown - not stated in source data,Unknown - not stated in source data,Unknown - not stated in source data,Unknown - not stated in source data,Unknown - not stated in source data,United States,Unknown - no external source,High (dataset-derived),"Kaggle: big-startup-secsees-fail-dataset-from-crunchbase + investments-crunchbase (market enrichment) (idea_description text is DERIVED, not sourced verbatim)",https://www.kaggle.com/datasets/yanmaksi/big-startup-secsees-fail-dataset-from-crunchbase
IDEA-00049,"[DERIVED] Backupify is a real, publicly-recorded SaaS company (category tags: Enterprise Software) headquartered in United States.",SaaS,Enterprise Software,Unknown - not stated in source data,Unknown - not stated in source data,Unknown - not stated in source data,Unknown - not stated in source data,Unknown - not stated in source data,Unknown - not stated in source data,United States,Unknown - no external source,High (dataset-derived),"Kaggle: big-startup-secsees-fail-dataset-from-crunchbase + investments-crunchbase (market enrichment) (idea_description text is DERIVED, not sourced verbatim)",https://www.kaggle.com/datasets/yanmaksi/big-startup-secsees-fail-dataset-from-crunchbase
IDEA-00050,"[DERIVED] Zocalo.in is a real, publicly-recorded PropTech company (category tags: Online Rental|Property Management|Rental Housing) headquartered in India.",PropTech,Online Rental|Property Management|Rental Housing,Unknown - not stated in source data,Unknown - not stated in source data,Unknown - not stated in source data,Unknown - not stated in source data,Unknown - not stated in source data,Unknown - not stated in source data,India,Unknown - no external source,Medium (dataset-derived),"Kaggle: big-startup-secsees-fail-dataset-from-crunchbase (idea_description text is DERIVED, not sourced verbatim)",https://www.kaggle.com/datasets/yanmaksi/big-startup-secsees-fail-dataset-from-crunchbase
IDEA-00051,"[DERIVED] Veeqo is a real, publicly-recorded E-commerce company (category tags: Cloud Computing|E-Commerce) headquartered in United Kingdom.",E-commerce,Cloud Computing|E-Commerce,Unknown - not stated in source data,Unknown - not stated in source data,Unknown - not stated in source data,Unknown - not stated in source data,Unknown - not stated in source data,Unknown - not stated in source data,United Kingdom,Unknown - no external source,High (dataset-derived),"Kaggle: big-startup-secsees-fail-dataset-from-crunchbase + investments-crunchbase (market enrichment) (idea_description text is DERIVED, not sourced verbatim)",https://www.kaggle.com/datasets/yanmaksi/big-startup-secsees-fail-dataset-from-crunchbase
IDEA-00052,"[DERIVED] NetDocuments is a real, publicly-recorded SaaS company (category tags: Cloud Data Services) headquartered in United States.",SaaS,Cloud Data Services,Unknown - not stated in source data,Unknown - not stated in source data,Unknown - not stated in source data,Unknown - not stated in source data,Unknown - not stated in source data,Unknown - not stated in source data,United States,Unknown - no external source,High (dataset-derived),"Kaggle: big-startup-secsees-fail-dataset-from-crunchbase + investments-crunchbase (market enrichment) (idea_description text is DERIVED, not sourced verbatim)",https://www.kaggle.com/datasets/yanmaksi/big-startup-secsees-fail-dataset-from-crunchbase
IDEA-00053,"[DERIVED] Flow Forward Medical is a real, publicly-recorded HealthTech company (category tags: Medical Devices) headquartered in United States.",HealthTech,Medical Devices,Unknown - not stated in source data,Unknown - not stated in source data,Unknown - not stated in source data,Unknown - not stated in source data,Unknown - not stated in source data,Unknown - not stated in source data,United States,Unknown - no external source,High (dataset-derived),"Kaggle: big-startup-secsees-fail-dataset-from-crunchbase (idea_description text is DERIVED, not sourced verbatim)",https://www.kaggle.com/datasets/yanmaksi/big-startup-secsees-fail-dataset-from-crunchbase
IDEA-00054,"[DERIVED] Andrew Technologies is a real, publicly-recorded HealthTech company (category tags: Biotechnology) headquartered in United States.",HealthTech,Biotechnology,Unknown - not stated in source data,Unknown - not stated in source data,Unknown - not stated in source data,Unknown - not stated in source data,Unknown - not stated in source data,Unknown - not stated in source data,United States,Unknown - no external source,High (dataset-derived),"Kaggle: big-startup-secsees-fail-dataset-from-crunchbase + investments-crunchbase (market enrichment) (idea_description text is DERIVED, not sourced verbatim)",https://www.kaggle.com/datasets/yanmaksi/big-startup-secsees-fail-dataset-from-crunchbase
IDEA-00055,"[DERIVED] Storspeed is a real, publicly-recorded SaaS company (category tags: Software) headquartered in United States.",SaaS,Software,Unknown - not stated in source data,Unknown - not stated in source data,Unknown - not stated in source data,Unknown - not stated in source data,Unknown - not stated in source data,Unknown - not stated in source data,United States,Unknown - no external source,High (dataset-derived),"Kaggle: big-startup-secsees-fail-dataset-from-crunchbase + investments-crunchbase (market enrichment) (idea_description text is DERIVED, not sourced verbatim)",https://www.kaggle.com/datasets/yanmaksi/big-startup-secsees-fail-dataset-from-crunchbase
IDEA-00056,"[DERIVED] Xenoport is a real, publicly-recorded HealthTech company (category tags: Biotechnology) headquartered in United States.",HealthTech,Biotechnology,Unknown - not stated in source data,Unknown - not stated in source data,Unknown - not stated in source data,Unknown - not stated in source data,Unknown - not stated in source data,Unknown - not stated in source data,United States,Unknown - no external source,High (dataset-derived),"Kaggle: big-startup-secsees-fail-dataset-from-crunchbase + investments-crunchbase (market enrichment) (idea_description text is DERIVED, not sourced verbatim)",https://www.kaggle.com/datasets/yanmaksi/big-startup-secsees-fail-dataset-from-crunchbase
IDEA-00057,"[DERIVED] Medypal is a real, publicly-recorded HealthTech company (category tags: Health Care) headquartered in India.",HealthTech,Health Care,Unknown - not stated in source data,Unknown - not stated in source data,Unknown - not stated in source data,Unknown - not stated in source data,Unknown - not stated in source data,Unknown - not stated in source data,India,Unknown - no external source,Medium (dataset-derived),"Kaggle: big-startup-secsees-fail-dataset-from-crunchbase + investments-crunchbase (market enrichment) (idea_description text is DERIVED, not sourced verbatim)",https://www.kaggle.com/datasets/yanmaksi/big-startup-secsees-fail-dataset-from-crunchbase
IDEA-00058,"[DERIVED] Techmanity is a real, publicly-recorded MarTech company (category tags: Content|Music|Sales and Marketing|Social Media) headquartered in United States.",MarTech,Content|Music|Sales and Marketing|Social Media,Unknown - not stated in source data,Unknown - not stated in source data,Unknown - not stated in source data,Unknown - not stated in source data,Unknown - not stated in source data,Unknown - not stated in source data,United States,Unknown - no external source,High (dataset-derived),"Kaggle: big-startup-secsees-fail-dataset-from-crunchbase + investments-crunchbase (market enrichment) (idea_description text is DERIVED, not sourced verbatim)",https://www.kaggle.com/datasets/yanmaksi/big-startup-secsees-fail-dataset-from-crunchbase
IDEA-00059,"[DERIVED] AudioCaseFiles is a real, publicly-recorded LegalTech company (category tags: Legal) headquartered in United States.",LegalTech,Legal,Unknown - not stated in source data,Unknown - not stated in source data,Unknown - not stated in source data,Unknown - not stated in source data,Unknown - not stated in source data,Unknown - not stated in source data,United States,Unknown - no external source,Medium (dataset-derived),"Kaggle: big-startup-secsees-fail-dataset-from-crunchbase + investments-crunchbase (market enrichment) (idea_description text is DERIVED, not sourced verbatim)",https://www.kaggle.com/datasets/yanmaksi/big-startup-secsees-fail-dataset-from-crunchbase
IDEA-00060,"[DERIVED] Hommily is a real, publicly-recorded TravelTech company (category tags: Marketplaces|Tourism|Travel) headquartered in an unspecified country.",TravelTech,Marketplaces|Tourism|Travel,Unknown - not stated in source data,Unknown - not stated in source data,Unknown - not stated in source data,Unknown - not stated in source data,Unknown - not stated in source data,Unknown - not stated in source data,,Unknown - no external source,Unknown,"Kaggle: big-startup-secsees-fail-dataset-from-crunchbase (idea_description text is DERIVED, not sourced verbatim)",https://www.kaggle.com/datasets/yanmaksi/big-startup-secsees-fail-dataset-from-crunchbase
IDEA-00061,"[DERIVED] Adaptics is a real, publicly-recorded DeepTech company (category tags: Apps|Hardware|Mobile) headquartered in Ireland.",DeepTech,Apps|Hardware|Mobile,Unknown - not stated in source data,Unknown - not stated in source data,Unknown - not stated in source data,Unknown - not stated in source data,Unknown - not stated in source data,Unknown - not stated in source data,Ireland,Unknown - no external source,Low (dataset-derived),"Kaggle: big-startup-secsees-fail-dataset-from-crunchbase + investments-crunchbase (market enrichment) (idea_description text is DERIVED, not sourced verbatim)",https://www.kaggle.com/datasets/yanmaksi/big-startup-secsees-fail-dataset-from-crunchbase
IDEA-00062,"[DERIVED] DiningCircle is a real, publicly-recorded FoodTech company (category tags: Customer Service|Online Reservations|Restaurants|Software) headquartered in United States.",FoodTech,Customer Service|Online Reservations|Restaurants|Software,Unknown - not stated in source data,Unknown - not stated in source data,Unknown - not stated in source data,Unknown - not stated in source data,Unknown - not stated in source data,Unknown - not stated in source data,United States,Unknown - no external source,High (dataset-derived),"Kaggle: big-startup-secsees-fail-dataset-from-crunchbase (idea_description text is DERIVED, not sourced verbatim)",https://www.kaggle.com/datasets/yanmaksi/big-startup-secsees-fail-dataset-from-crunchbase
IDEA-00063,"[DERIVED] 3DT is a real, publicly-recorded FinTech company (category tags: Finance|Software|Venture Capital) headquartered in United States.",FinTech,Finance|Software|Venture Capital,Unknown - not stated in source data,Unknown - not stated in source data,Unknown - not stated in source data,Unknown - not stated in source data,Unknown - not stated in source data,Unknown - not stated in source data,United States,Unknown - no external source,High (dataset-derived),"Kaggle: big-startup-secsees-fail-dataset-from-crunchbase (idea_description text is DERIVED, not sourced verbatim)",https://www.kaggle.com/datasets/yanmaksi/big-startup-secsees-fail-dataset-from-crunchbase
IDEA-00064,"[DERIVED] Swoopo is a real, publicly-recorded E-commerce company (category tags: Auctions|E-Commerce|Shopping) headquartered in United States.",E-commerce,Auctions|E-Commerce|Shopping,Unknown - not stated in source data,Unknown - not stated in source data,Unknown - not stated in source data,Unknown - not stated in source data,Unknown - not stated in source data,Unknown - not stated in source data,United States,Unknown - no external source,High (dataset-derived),"Kaggle: big-startup-secsees-fail-dataset-from-crunchbase + investments-crunchbase (market enrichment) (idea_description text is DERIVED, not sourced verbatim)",https://www.kaggle.com/datasets/yanmaksi/big-startup-secsees-fail-dataset-from-crunchbase
IDEA-00065,"[DERIVED] Southfork Solutions is a real, publicly-recorded SaaS company (category tags: Software) headquartered in United States.",SaaS,Software,Unknown - not stated in source data,Unknown - not stated in source data,Unknown - not stated in source data,Unknown - not stated in source data,Unknown - not stated in source data,Unknown - not stated in source data,United States,Unknown - no external source,High (dataset-derived),"Kaggle: big-startup-secsees-fail-dataset-from-crunchbase + investments-crunchbase (market enrichment) (idea_description text is DERIVED, not sourced verbatim)",https://www.kaggle.com/datasets/yanmaksi/big-startup-secsees-fail-dataset-from-crunchbase
IDEA-00066,"[DERIVED] Piramal Realty is a real, publicly-recorded PropTech company (category tags: Real Estate) headquartered in India.",PropTech,Real Estate,Unknown - not stated in source data,Unknown - not stated in source data,Unknown - not stated in source data,Unknown - not stated in source data,Unknown - not stated in source data,Unknown - not stated in source data,India,Unknown - no external source,Medium (dataset-derived),"Kaggle: big-startup-secsees-fail-dataset-from-crunchbase (idea_description text is DERIVED, not sourced verbatim)",https://www.kaggle.com/datasets/yanmaksi/big-startup-secsees-fail-dataset-from-crunchbase
IDEA-00067,"[DERIVED] Verari Systems is a real, publicly-recorded SaaS company (category tags: Enterprise Software) headquartered in United States.",SaaS,Enterprise Software,Unknown - not stated in source data,Unknown - not stated in source data,Unknown - not stated in source data,Unknown - not stated in source data,Unknown - not stated in source data,Unknown - not stated in source data,United States,Unknown - no external source,High (dataset-derived),"Kaggle: big-startup-secsees-fail-dataset-from-crunchbase + investments-crunchbase (market enrichment) (idea_description text is DERIVED, not sourced verbatim)",https://www.kaggle.com/datasets/yanmaksi/big-startup-secsees-fail-dataset-from-crunchbase
IDEA-00068,"[DERIVED] 2heuresavant is a real, publicly-recorded Media & Entertainment company (category tags: Discounts|Entertainment|Internet|Ticketing) headquartered in France.",Media & Entertainment,Discounts|Entertainment|Internet|Ticketing,Unknown - not stated in source data,Unknown - not stated in source data,Unknown - not stated in source data,Unknown - not stated in source data,Unknown - not stated in source data,Unknown - not stated in source data,France,Unknown - no external source,Medium (dataset-derived),"Kaggle: big-startup-secsees-fail-dataset-from-crunchbase (idea_description text is DERIVED, not sourced verbatim)",https://www.kaggle.com/datasets/yanmaksi/big-startup-secsees-fail-dataset-from-crunchbase
IDEA-00069,"[DERIVED] Flixster is a real, publicly-recorded Media & Entertainment company (category tags: Entertainment|Networking|Social Media|Social Network Media|Video Streaming) headquartered in United States.",Media & Entertainment,Entertainment|Networking|Social Media|Social Network Media|Video Streaming,Unknown - not stated in source data,Unknown - not stated in source data,Unknown - not stated in source data,Unknown - not stated in source data,Unknown - not stated in source data,Unknown - not stated in source data,United States,Unknown - no external source,High (dataset-derived),"Kaggle: big-startup-secsees-fail-dataset-from-crunchbase + investments-crunchbase (market enrichment) (idea_description text is DERIVED, not sourced verbatim)",https://www.kaggle.com/datasets/yanmaksi/big-startup-secsees-fail-dataset-from-crunchbase
IDEA-00070,"[DERIVED] Countr is a real, publicly-recorded FinTech company (category tags: Payments|Retail Technology|User Experience Design) headquartered in United States.",FinTech,Payments|Retail Technology|User Experience Design,Unknown - not stated in source data,Unknown - not stated in source data,Unknown - not stated in source data,Unknown - not stated in source data,Unknown - not stated in source data,Unknown - not stated in source data,United States,Unknown - no external source,High (dataset-derived),"Kaggle: big-startup-secsees-fail-dataset-from-crunchbase (idea_description text is DERIVED, not sourced verbatim)",https://www.kaggle.com/datasets/yanmaksi/big-startup-secsees-fail-dataset-from-crunchbase
IDEA-00071,"[DERIVED] Guaana is a real, publicly-recorded HealthTech company (category tags: Communities|Disruptive Models|Innovation Management|Life Sciences|Marketplaces|Monetization|Open Source|Social Innovation|Technology) headquartered in Estonia.",HealthTech,Communities|Disruptive Models|Innovation Management|Life Sciences|Marketplaces|Monetization|Open Source|Social Innovation|Technology,Unknown - not stated in source data,Unknown - not stated in source data,Unknown - not stated in source data,Unknown - not stated in source data,Unknown - not stated in source data,Unknown - not stated in source data,Estonia,Unknown - no external source,Low (dataset-derived),"Kaggle: big-startup-secsees-fail-dataset-from-crunchbase (idea_description text is DERIVED, not sourced verbatim)",https://www.kaggle.com/datasets/yanmaksi/big-startup-secsees-fail-dataset-from-crunchbase
IDEA-00072,"[DERIVED] Rivalry is a real, publicly-recorded SaaS company (category tags: B2B|Internet|SaaS|Sales Automation) headquartered in United States.",SaaS,B2B|Internet|SaaS|Sales Automation,Unknown - not stated in source data,Unknown - not stated in source data,Unknown - not stated in source data,Unknown - not stated in source data,Unknown - not stated in source data,Unknown - not stated in source data,United States,Unknown - no external source,High (dataset-derived),"Kaggle: big-startup-secsees-fail-dataset-from-crunchbase + investments-crunchbase (market enrichment) (idea_description text is DERIVED, not sourced verbatim)",https://www.kaggle.com/datasets/yanmaksi/big-startup-secsees-fail-dataset-from-crunchbase
IDEA-00073,"[DERIVED] TVN is a real, publicly-recorded Media & Entertainment company (category tags: Publishing) headquartered in Australia.",Media & Entertainment,Publishing,Unknown - not stated in source data,Unknown - not stated in source data,Unknown - not stated in source data,Unknown - not stated in source data,Unknown - not stated in source data,Unknown - not stated in source data,Australia,Unknown - no external source,Medium (dataset-derived),"Kaggle: big-startup-secsees-fail-dataset-from-crunchbase (idea_description text is DERIVED, not sourced verbatim)",https://www.kaggle.com/datasets/yanmaksi/big-startup-secsees-fail-dataset-from-crunchbase
IDEA-00074,"[DERIVED] Stripe is a real, publicly-recorded FinTech company (category tags: Fintech) headquartered in USA.",FinTech,Fintech,Unknown - not stated in source data,Unknown - not stated in source data,Unknown - not stated in source data,Unknown - not stated in source data,Unknown - not stated in source data,Unknown - not stated in source data,USA,Unknown - no external source,Low (dataset-derived),"User-supplied: Startups & Funding Dataset 2024-2025 (idea_description text is DERIVED, not sourced verbatim)",https://www.kaggle.com/datasets/sufya6/startups-and-funding-dataset-20242025
IDEA-00075,"[DERIVED] RedShift Systems is a real, publicly-recorded DeepTech company (category tags: Hardware + Software) headquartered in United States.",DeepTech,Hardware + Software,Unknown - not stated in source data,Unknown - not stated in source data,Unknown - not stated in source data,Unknown - not stated in source data,Unknown - not stated in source data,Unknown - not stated in source data,United States,Unknown - no external source,High (dataset-derived),"Kaggle: big-startup-secsees-fail-dataset-from-crunchbase + investments-crunchbase (market enrichment) (idea_description text is DERIVED, not sourced verbatim)",https://www.kaggle.com/datasets/yanmaksi/big-startup-secsees-fail-dataset-from-crunchbase
IDEA-00076,"[DERIVED] T-ZONE is a real, publicly-recorded E-commerce company (category tags: E-Commerce|Manufacturing) headquartered in Bangladesh.",E-commerce,E-Commerce|Manufacturing,Unknown - not stated in source data,Unknown - not stated in source data,Unknown - not stated in source data,Unknown - not stated in source data,Unknown - not stated in source data,Unknown - not stated in source data,Bangladesh,Unknown - no external source,Low (dataset-derived),"Kaggle: big-startup-secsees-fail-dataset-from-crunchbase + investments-crunchbase (market enrichment) (idea_description text is DERIVED, not sourced verbatim)",https://www.kaggle.com/datasets/yanmaksi/big-startup-secsees-fail-dataset-from-crunchbase
IDEA-00077,"[DERIVED] eshtery is a real, publicly-recorded E-commerce company (category tags: Data Visualization|E-Commerce|Language Learning|Mobile|Mobile Commerce|Mobile Shopping|NFC|QR Codes) headquartered in Egypt.",E-commerce,Data Visualization|E-Commerce|Language Learning|Mobile|Mobile Commerce|Mobile Shopping|NFC|QR Codes,Unknown - not stated in source data,Unknown - not stated in source data,Unknown - not stated in source data,Unknown - not stated in source data,Unknown - not stated in source data,Unknown - not stated in source data,Egypt,Unknown - no external source,Low (dataset-derived),"Kaggle: big-startup-secsees-fail-dataset-from-crunchbase + investments-crunchbase (market enrichment) (idea_description text is DERIVED, not sourced verbatim)",https://www.kaggle.com/datasets/yanmaksi/big-startup-secsees-fail-dataset-from-crunchbase
IDEA-00078,"[DERIVED] vivio is a real, publicly-recorded Media & Entertainment company (category tags: Games|Reviews and Recommendations) headquartered in Iceland.",Media & Entertainment,Games|Reviews and Recommendations,Unknown - not stated in source data,Unknown - not stated in source data,Unknown - not stated in source data,Unknown - not stated in source data,Unknown - not stated in source data,Unknown - not stated in source data,Iceland,Unknown - no external source,Low (dataset-derived),"Kaggle: big-startup-secsees-fail-dataset-from-crunchbase + investments-crunchbase (market enrichment) (idea_description text is DERIVED, not sourced verbatim)",https://www.kaggle.com/datasets/yanmaksi/big-startup-secsees-fail-dataset-from-crunchbase
IDEA-00079,"[DERIVED] KarmYog Media is a real, publicly-recorded Media & Entertainment company (category tags: News) headquartered in India.",Media & Entertainment,News,Unknown - not stated in source data,Unknown - not stated in source data,Unknown - not stated in source data,Unknown - not stated in source data,Unknown - not stated in source data,Unknown - not stated in source data,India,Unknown - no external source,Medium (dataset-derived),"Kaggle: big-startup-secsees-fail-dataset-from-crunchbase + investments-crunchbase (market enrichment) (idea_description text is DERIVED, not sourced verbatim)",https://www.kaggle.com/datasets/yanmaksi/big-startup-secsees-fail-dataset-from-crunchbase
IDEA-00080,"[DERIVED] Budo Finder is a real, publicly-recorded E-commerce company (category tags: Communities|Marketplaces|Services) headquartered in an unspecified country.",E-commerce,Communities|Marketplaces|Services,Unknown - not stated in source data,Unknown - not stated in source data,Unknown - not stated in source data,Unknown - not stated in source data,Unknown - not stated in source data,Unknown - not stated in source data,,Unknown - no external source,Unknown,"Kaggle: big-startup-secsees-fail-dataset-from-crunchbase (idea_description text is DERIVED, not sourced verbatim)",https://www.kaggle.com/datasets/yanmaksi/big-startup-secsees-fail-dataset-from-crunchbase
IDEA-00081,"[DERIVED] MedArkive is a real, publicly-recorded HealthTech company (category tags: Health Care|Marketing Automation|Publishing) headquartered in United Kingdom.",HealthTech,Health Care|Marketing Automation|Publishing,Unknown - not stated in source data,Unknown - not stated in source data,Unknown - not stated in source data,Unknown - not stated in source data,Unknown - not stated in source data,Unknown - not stated in source data,United Kingdom,Unknown - no external source,High (dataset-derived),"Kaggle: big-startup-secsees-fail-dataset-from-crunchbase + investments-crunchbase (market enrichment) (idea_description text is DERIVED, not sourced verbatim)",https://www.kaggle.com/datasets/yanmaksi/big-startup-secsees-fail-dataset-from-crunchbase
IDEA-00082,"[DERIVED] RxRevu is a real, publicly-recorded HealthTech company (category tags: Health and Wellness) headquartered in United States.",HealthTech,Health and Wellness,Unknown - not stated in source data,Unknown - not stated in source data,Unknown - not stated in source data,Unknown - not stated in source data,Unknown - not stated in source data,Unknown - not stated in source data,United States,Unknown - no external source,High (dataset-derived),"Kaggle: big-startup-secsees-fail-dataset-from-crunchbase + investments-crunchbase (market enrichment) (idea_description text is DERIVED, not sourced verbatim)",https://www.kaggle.com/datasets/yanmaksi/big-startup-secsees-fail-dataset-from-crunchbase
IDEA-00083,"[DERIVED] startuply is a real, publicly-recorded E-commerce company (category tags: Curated Web|Marketplaces|Startups) headquartered in United States.",E-commerce,Curated Web|Marketplaces|Startups,Unknown - not stated in source data,Unknown - not stated in source data,Unknown - not stated in source data,Unknown - not stated in source data,Unknown - not stated in source data,Unknown - not stated in source data,United States,Unknown - no external source,High (dataset-derived),"Kaggle: big-startup-secsees-fail-dataset-from-crunchbase + investments-crunchbase (market enrichment) (idea_description text is DERIVED, not sourced verbatim)",https://www.kaggle.com/datasets/yanmaksi/big-startup-secsees-fail-dataset-from-crunchbase
IDEA-00084,"[DERIVED] XMS Penvision is a real, publicly-recorded SaaS company (category tags: Enterprise Software) headquartered in Sweden.",SaaS,Enterprise Software,Unknown - not stated in source data,Unknown - not stated in source data,Unknown - not stated in source data,Unknown - not stated in source data,Unknown - not stated in source data,Unknown - not stated in source data,Sweden,Unknown - no external source,Medium (dataset-derived),"Kaggle: big-startup-secsees-fail-dataset-from-crunchbase + investments-crunchbase (market enrichment) (idea_description text is DERIVED, not sourced verbatim)",https://www.kaggle.com/datasets/yanmaksi/big-startup-secsees-fail-dataset-from-crunchbase
IDEA-00085,"[DERIVED] Crackle is a real, publicly-recorded Media & Entertainment company (category tags: Consumer Electronics|Content|Entertainment|Games|Internet|Television|Video) headquartered in United States.",Media & Entertainment,Consumer Electronics|Content|Entertainment|Games|Internet|Television|Video,Unknown - not stated in source data,Unknown - not stated in source data,Unknown - not stated in source data,Unknown - not stated in source data,Unknown - not stated in source data,Unknown - not stated in source data,United States,Unknown - no external source,High (dataset-derived),"Kaggle: big-startup-secsees-fail-dataset-from-crunchbase + investments-crunchbase (market enrichment) (idea_description text is DERIVED, not sourced verbatim)",https://www.kaggle.com/datasets/yanmaksi/big-startup-secsees-fail-dataset-from-crunchbase
IDEA-00086,"[DERIVED] Authenticlick is a real, publicly-recorded SaaS company (category tags: Analytics|Optimization) headquartered in United States.",SaaS,Analytics|Optimization,Unknown - not stated in source data,Unknown - not stated in source data,Unknown - not stated in source data,Unknown - not stated in source data,Unknown - not stated in source data,Unknown - not stated in source data,United States,Unknown - no external source,High (dataset-derived),"Kaggle: big-startup-secsees-fail-dataset-from-crunchbase + investments-crunchbase (market enrichment) (idea_description text is DERIVED, not sourced verbatim)",https://www.kaggle.com/datasets/yanmaksi/big-startup-secsees-fail-dataset-from-crunchbase
IDEA-00087,"[DERIVED] Social Bicycles is a real, publicly-recorded Mobility company (category tags: M2M|Public Transportation|Social Media|Transportation) headquartered in United States.",Mobility,M2M|Public Transportation|Social Media|Transportation,Unknown - not stated in source data,Unknown - not stated in source data,Unknown - not stated in source data,Unknown - not stated in source data,Unknown - not stated in source data,Unknown - not stated in source data,United States,Unknown - no external source,High (dataset-derived),"Kaggle: big-startup-secsees-fail-dataset-from-crunchbase + investments-crunchbase (market enrichment) (idea_description text is DERIVED, not sourced verbatim)",https://www.kaggle.com/datasets/yanmaksi/big-startup-secsees-fail-dataset-from-crunchbase
IDEA-00088,"[DERIVED] MessageGears is a real, publicly-recorded MarTech company (category tags: Email|Email Marketing|Marketing Automation|Messaging|Multi-level Marketing) headquartered in United States.",MarTech,Email|Email Marketing|Marketing Automation|Messaging|Multi-level Marketing,Unknown - not stated in source data,Unknown - not stated in source data,Unknown - not stated in source data,Unknown - not stated in source data,Unknown - not stated in source data,Unknown - not stated in source data,United States,Unknown - no external source,High (dataset-derived),"Kaggle: big-startup-secsees-fail-dataset-from-crunchbase + investments-crunchbase (market enrichment) (idea_description text is DERIVED, not sourced verbatim)",https://www.kaggle.com/datasets/yanmaksi/big-startup-secsees-fail-dataset-from-crunchbase
IDEA-00089,"[DERIVED] Chaordix is a real, publicly-recorded SaaS company (category tags: Crowdsourcing|Software) headquartered in Canada.",SaaS,Crowdsourcing|Software,Unknown - not stated in source data,Unknown - not stated in source data,Unknown - not stated in source data,Unknown - not stated in source data,Unknown - not stated in source data,Unknown - not stated in source data,Canada,Unknown - no external source,High (dataset-derived),"Kaggle: big-startup-secsees-fail-dataset-from-crunchbase + investments-crunchbase (market enrichment) (idea_description text is DERIVED, not sourced verbatim)",https://www.kaggle.com/datasets/yanmaksi/big-startup-secsees-fail-dataset-from-crunchbase
IDEA-00090,"[DERIVED] Media1st is a real, publicly-recorded AI / Machine Learning company (category tags: Corporate Training|Services) headquartered in an unspecified country.",AI / Machine Learning,Corporate Training|Services,Unknown - not stated in source data,Unknown - not stated in source data,Unknown - not stated in source data,Unknown - not stated in source data,Unknown - not stated in source data,Unknown - not stated in source data,,Unknown - no external source,Unknown,"Kaggle: big-startup-secsees-fail-dataset-from-crunchbase (idea_description text is DERIVED, not sourced verbatim)",https://www.kaggle.com/datasets/yanmaksi/big-startup-secsees-fail-dataset-from-crunchbase
IDEA-00091,"[DERIVED] Rockstar Solos is a real, publicly-recorded Media & Entertainment company (category tags: Games|iPhone|Music) headquartered in United States.",Media & Entertainment,Games|iPhone|Music,Unknown - not stated in source data,Unknown - not stated in source data,Unknown - not stated in source data,Unknown - not stated in source data,Unknown - not stated in source data,Unknown - not stated in source data,United States,Unknown - no external source,High (dataset-derived),"Kaggle: big-startup-secsees-fail-dataset-from-crunchbase + investments-crunchbase (market enrichment) (idea_description text is DERIVED, not sourced verbatim)",https://www.kaggle.com/datasets/yanmaksi/big-startup-secsees-fail-dataset-from-crunchbase
IDEA-00092,"[DERIVED] Ampido is a real, publicly-recorded SaaS company (category tags: Cars|Parking|Software) headquartered in Germany.",SaaS,Cars|Parking|Software,Unknown - not stated in source data,Unknown - not stated in source data,Unknown - not stated in source data,Unknown - not stated in source data,Unknown - not stated in source data,Unknown - not stated in source data,Germany,Unknown - no external source,Medium (dataset-derived),"Kaggle: big-startup-secsees-fail-dataset-from-crunchbase (idea_description text is DERIVED, not sourced verbatim)",https://www.kaggle.com/datasets/yanmaksi/big-startup-secsees-fail-dataset-from-crunchbase
IDEA-00093,"[DERIVED] Symbolic IO is a real, publicly-recorded SaaS company (category tags: Software) headquartered in United States.",SaaS,Software,Unknown - not stated in source data,Unknown - not stated in source data,Unknown - not stated in source data,Unknown - not stated in source data,Unknown - not stated in source data,Unknown - not stated in source data,United States,Unknown - no external source,High (dataset-derived),"Kaggle: big-startup-secsees-fail-dataset-from-crunchbase + investments-crunchbase (market enrichment) (idea_description text is DERIVED, not sourced verbatim)",https://www.kaggle.com/datasets/yanmaksi/big-startup-secsees-fail-dataset-from-crunchbase
IDEA-00094,"[DERIVED] Aasonn is a real, publicly-recorded HRTech company (category tags: Human Resources) headquartered in United States.",HRTech,Human Resources,Unknown - not stated in source data,Unknown - not stated in source data,Unknown - not stated in source data,Unknown - not stated in source data,Unknown - not stated in source data,Unknown - not stated in source data,United States,Unknown - no external source,High (dataset-derived),"Kaggle: big-startup-secsees-fail-dataset-from-crunchbase + investments-crunchbase (market enrichment) (idea_description text is DERIVED, not sourced verbatim)",https://www.kaggle.com/datasets/yanmaksi/big-startup-secsees-fail-dataset-from-crunchbase
IDEA-00095,"[DERIVED] TeleSign Corporation is a real, publicly-recorded Cybersecurity company (category tags: Fraud Detection|Identity|Information Security|Information Technology|Messaging|Mobile|Online Identity|Security) headquartered in United States.",Cybersecurity,Fraud Detection|Identity|Information Security|Information Technology|Messaging|Mobile|Online Identity|Security,Unknown - not stated in source data,Unknown - not stated in source data,Unknown - not stated in source data,Unknown - not stated in source data,Unknown - not stated in source data,Unknown - not stated in source data,United States,Unknown - no external source,High (dataset-derived),"Kaggle: big-startup-secsees-fail-dataset-from-crunchbase + investments-crunchbase (market enrichment) (idea_description text is DERIVED, not sourced verbatim)",https://www.kaggle.com/datasets/yanmaksi/big-startup-secsees-fail-dataset-from-crunchbase
IDEA-00096,"[DERIVED] Phokki is a real, publicly-recorded SaaS company (category tags: Art|Curated Web|Photography) headquartered in an unspecified country.",SaaS,Art|Curated Web|Photography,Unknown - not stated in source data,Unknown - not stated in source data,Unknown - not stated in source data,Unknown - not stated in source data,Unknown - not stated in source data,Unknown - not stated in source data,,Unknown - no external source,Unknown,"Kaggle: big-startup-secsees-fail-dataset-from-crunchbase + investments-crunchbase (market enrichment) (idea_description text is DERIVED, not sourced verbatim)",https://www.kaggle.com/datasets/yanmaksi/big-startup-secsees-fail-dataset-from-crunchbase
IDEA-00097,"[DERIVED] LV Sensors is a real, publicly-recorded DeepTech company (category tags: Hardware + Software) headquartered in United States.",DeepTech,Hardware + Software,Unknown - not stated in source data,Unknown - not stated in source data,Unknown - not stated in source data,Unknown - not stated in source data,Unknown - not stated in source data,Unknown - not stated in source data,United States,Unknown - no external source,High (dataset-derived),"Kaggle: big-startup-secsees-fail-dataset-from-crunchbase + investments-crunchbase (market enrichment) (idea_description text is DERIVED, not sourced verbatim)",https://www.kaggle.com/datasets/yanmaksi/big-startup-secsees-fail-dataset-from-crunchbase
IDEA-00098,"[DERIVED] PersistIQ is a real, publicly-recorded MarTech company (category tags: Sales Automation) headquartered in United States.",MarTech,Sales Automation,Unknown - not stated in source data,Unknown - not stated in source data,Unknown - not stated in source data,Unknown - not stated in source data,Unknown - not stated in source data,Unknown - not stated in source data,United States,Unknown - no external source,High (dataset-derived),"Kaggle: big-startup-secsees-fail-dataset-from-crunchbase + investments-crunchbase (market enrichment) (idea_description text is DERIVED, not sourced verbatim)",https://www.kaggle.com/datasets/yanmaksi/big-startup-secsees-fail-dataset-from-crunchbase
IDEA-00099,"[DERIVED] Reelmotionmedia.com is a real, publicly-recorded MarTech company (category tags: Advertising) headquartered in United States.",MarTech,Advertising,Unknown - not stated in source data,Unknown - not stated in source data,Unknown - not stated in source data,Unknown - not stated in source data,Unknown - not stated in source data,Unknown - not stated in source data,United States,Unknown - no external source,High (dataset-derived),"Kaggle: big-startup-secsees-fail-dataset-from-crunchbase + investments-crunchbase (market enrichment) (idea_description text is DERIVED, not sourced verbatim)",https://www.kaggle.com/datasets/yanmaksi/big-startup-secsees-fail-dataset-from-crunchbase
IDEA-00100,"[DERIVED] AsicAhead is a real, publicly-recorded DeepTech company (category tags: Semiconductors) headquartered in Belgium.",DeepTech,Semiconductors,Unknown - not stated in source data,Unknown - not stated in source data,Unknown - not stated in source data,Unknown - not stated in source data,Unknown - not stated in source data,Unknown - not stated in source data,Belgium,Unknown - no external source,Low (dataset-derived),"Kaggle: big-startup-secsees-fail-dataset-from-crunchbase + investments-crunchbase (market enrichment) (idea_description text is DERIVED, not sourced verbatim)",https://www.kaggle.com/datasets/yanmaksi/big-startup-secsees-fail-dataset-from-crunchbase
IDEA-00101,"[DERIVED] Aastrom Biosciences is a real, publicly-recorded HealthTech company (category tags: Biotechnology) headquartered in United States.",HealthTech,Biotechnology,Unknown - not stated in source data,Unknown - not stated in source data,Unknown - not stated in source data,Unknown - not stated in source data,Unknown - not stated in source data,Unknown - not stated in source data,United States,Unknown - no external source,High (dataset-derived),"Kaggle: big-startup-secsees-fail-dataset-from-crunchbase + investments-crunchbase (market enrichment) (idea_description text is DERIVED, not sourced verbatim)",https://www.kaggle.com/datasets/yanmaksi/big-startup-secsees-fail-dataset-from-crunchbase
IDEA-00102,"[DERIVED] Drop Development is a real, publicly-recorded PropTech company (category tags: Real Estate) headquartered in United States.",PropTech,Real Estate,Unknown - not stated in source data,Unknown - not stated in source data,Unknown - not stated in source data,Unknown - not stated in source data,Unknown - not stated in source data,Unknown - not stated in source data,United States,Unknown - no external source,High (dataset-derived),"Kaggle: big-startup-secsees-fail-dataset-from-crunchbase + investments-crunchbase (market enrichment) (idea_description text is DERIVED, not sourced verbatim)",https://www.kaggle.com/datasets/yanmaksi/big-startup-secsees-fail-dataset-from-crunchbase
IDEA-00103,"[DERIVED] BurudaConcert is a real, publicly-recorded E-commerce company (category tags: E-Commerce) headquartered in South Korea.",E-commerce,E-Commerce,Unknown - not stated in source data,Unknown - not stated in source data,Unknown - not stated in source data,Unknown - not stated in source data,Unknown - not stated in source data,Unknown - not stated in source data,South Korea,Unknown - no external source,Low (dataset-derived),"Kaggle: big-startup-secsees-fail-dataset-from-crunchbase + investments-crunchbase (market enrichment) (idea_description text is DERIVED, not sourced verbatim)",https://www.kaggle.com/datasets/yanmaksi/big-startup-secsees-fail-dataset-from-crunchbase
IDEA-00104,"[DERIVED] Kidbox is a real, publicly-recorded E-commerce company (category tags: E-Commerce) headquartered in Uruguay.",E-commerce,E-Commerce,Unknown - not stated in source data,Unknown - not stated in source data,Unknown - not stated in source data,Unknown - not stated in source data,Unknown - not stated in source data,Unknown - not stated in source data,Uruguay,Unknown - no external source,Low (dataset-derived),"Kaggle: big-startup-secsees-fail-dataset-from-crunchbase + investments-crunchbase (market enrichment) (idea_description text is DERIVED, not sourced verbatim)",https://www.kaggle.com/datasets/yanmaksi/big-startup-secsees-fail-dataset-from-crunchbase
IDEA-00105,"[DERIVED] KPS Life Sciences is a real, publicly-recorded HealthTech company (category tags: Diagnostics|Medical|Services) headquartered in Germany.",HealthTech,Diagnostics|Medical|Services,Unknown - not stated in source data,Unknown - not stated in source data,Unknown - not stated in source data,Unknown - not stated in source data,Unknown - not stated in source data,Unknown - not stated in source data,Germany,Unknown - no external source,Medium (dataset-derived),"Kaggle: big-startup-secsees-fail-dataset-from-crunchbase (idea_description text is DERIVED, not sourced verbatim)",https://www.kaggle.com/datasets/yanmaksi/big-startup-secsees-fail-dataset-from-crunchbase
IDEA-00106,"[DERIVED] PMV Pharmaceutcals is a real, publicly-recorded HealthTech company (category tags: Health and Wellness|Health Care|Pharmaceuticals) headquartered in United States.",HealthTech,Health and Wellness|Health Care|Pharmaceuticals,Unknown - not stated in source data,Unknown - not stated in source data,Unknown - not stated in source data,Unknown - not stated in source data,Unknown - not stated in source data,Unknown - not stated in source data,United States,Unknown - no external source,High (dataset-derived),"Kaggle: big-startup-secsees-fail-dataset-from-crunchbase (idea_description text is DERIVED, not sourced verbatim)",https://www.kaggle.com/datasets/yanmaksi/big-startup-secsees-fail-dataset-from-crunchbase
IDEA-00107,"[DERIVED] Au Carrefour is a real, publicly-recorded E-commerce company (category tags: E-Commerce) headquartered in Canada.",E-commerce,E-Commerce,Unknown - not stated in source data,Unknown - not stated in source data,Unknown - not stated in source data,Unknown - not stated in source data,Unknown - not stated in source data,Unknown - not stated in source data,Canada,Unknown - no external source,Medium (dataset-derived),"Kaggle: big-startup-secsees-fail-dataset-from-crunchbase (idea_description text is DERIVED, not sourced verbatim)",https://www.kaggle.com/datasets/yanmaksi/big-startup-secsees-fail-dataset-from-crunchbase
IDEA-00108,"[DERIVED] GemShelf is a real, publicly-recorded SaaS company (category tags: Curated Web) headquartered in United States.",SaaS,Curated Web,Unknown - not stated in source data,Unknown - not stated in source data,Unknown - not stated in source data,Unknown - not stated in source data,Unknown - not stated in source data,Unknown - not stated in source data,United States,Unknown - no external source,High (dataset-derived),"Kaggle: big-startup-secsees-fail-dataset-from-crunchbase (idea_description text is DERIVED, not sourced verbatim)",https://www.kaggle.com/datasets/yanmaksi/big-startup-secsees-fail-dataset-from-crunchbase
IDEA-00109,"[DERIVED] GoPath Global is a real, publicly-recorded HealthTech company (category tags: Biotechnology) headquartered in United States.",HealthTech,Biotechnology,Unknown - not stated in source data,Unknown - not stated in source data,Unknown - not stated in source data,Unknown - not stated in source data,Unknown - not stated in source data,Unknown - not stated in source data,United States,Unknown - no external source,High (dataset-derived),"Kaggle: big-startup-secsees-fail-dataset-from-crunchbase + investments-crunchbase (market enrichment) (idea_description text is DERIVED, not sourced verbatim)",https://www.kaggle.com/datasets/yanmaksi/big-startup-secsees-fail-dataset-from-crunchbase
IDEA-00110,"[DERIVED] Betabrand is a real, publicly-recorded E-commerce company (category tags: E-Commerce|Fashion) headquartered in United States.",E-commerce,E-Commerce|Fashion,Unknown - not stated in source data,Unknown - not stated in source data,Unknown - not stated in source data,Unknown - not stated in source data,Unknown - not stated in source data,Unknown - not stated in source data,United States,Unknown - no external source,High (dataset-derived),"Kaggle: big-startup-secsees-fail-dataset-from-crunchbase + investments-crunchbase (market enrichment) (idea_description text is DERIVED, not sourced verbatim)",https://www.kaggle.com/datasets/yanmaksi/big-startup-secsees-fail-dataset-from-crunchbase
IDEA-00111,"[DERIVED] Novogenie is a real, publicly-recorded HealthTech company (category tags: Health and Wellness|Human Resources|Psychology|Recruiting|Self Development) headquartered in Finland.",HealthTech,Health and Wellness|Human Resources|Psychology|Recruiting|Self Development,Unknown - not stated in source data,Unknown - not stated in source data,Unknown - not stated in source data,Unknown - not stated in source data,Unknown - not stated in source data,Unknown - not stated in source data,Finland,Unknown - no external source,Medium (dataset-derived),"Kaggle: big-startup-secsees-fail-dataset-from-crunchbase + investments-crunchbase (market enrichment) (idea_description text is DERIVED, not sourced verbatim)",https://www.kaggle.com/datasets/yanmaksi/big-startup-secsees-fail-dataset-from-crunchbase
IDEA-00112,"[DERIVED] Qweboo is a real, publicly-recorded MarTech company (category tags: Curated Web|Enterprises|SEO|Social Media|Social Network Media) headquartered in United States.",MarTech,Curated Web|Enterprises|SEO|Social Media|Social Network Media,Unknown - not stated in source data,Unknown - not stated in source data,Unknown - not stated in source data,Unknown - not stated in source data,Unknown - not stated in source data,Unknown - not stated in source data,United States,Unknown - no external source,High (dataset-derived),"Kaggle: big-startup-secsees-fail-dataset-from-crunchbase (idea_description text is DERIVED, not sourced verbatim)",https://www.kaggle.com/datasets/yanmaksi/big-startup-secsees-fail-dataset-from-crunchbase
IDEA-00113,"[DERIVED] Kensho is a real, publicly-recorded SaaS company (category tags: |Software|) headquartered in United States.",SaaS,|Software|,Unknown - not stated in source data,Unknown - not stated in source data,Unknown - not stated in source data,Unknown - not stated in source data,Unknown - not stated in source data,Unknown - not stated in source data,United States,Unknown - no external source,High (dataset-derived),"Kaggle: startup-investments-crunchbase (unique to this source) (idea_description text is DERIVED, not sourced verbatim)",https://www.kaggle.com/datasets/arindam235/startup-investments-crunchbase
IDEA-00114,"[DERIVED] Oculeve is a real, publicly-recorded HealthTech company (category tags: Biotechnology) headquartered in United States.",HealthTech,Biotechnology,Unknown - not stated in source data,Unknown - not stated in source data,Unknown - not stated in source data,Unknown - not stated in source data,Unknown - not stated in source data,Unknown - not stated in source data,United States,Unknown - no external source,High (dataset-derived),"Kaggle: big-startup-secsees-fail-dataset-from-crunchbase + investments-crunchbase (market enrichment) (idea_description text is DERIVED, not sourced verbatim)",https://www.kaggle.com/datasets/yanmaksi/big-startup-secsees-fail-dataset-from-crunchbase
IDEA-00115,"[DERIVED] Glassful is a real, publicly-recorded E-commerce company (category tags: E-Commerce) headquartered in United States.",E-commerce,E-Commerce,Unknown - not stated in source data,Unknown - not stated in source data,Unknown - not stated in source data,Unknown - not stated in source data,Unknown - not stated in source data,Unknown - not stated in source data,United States,Unknown - no external source,High (dataset-derived),"Kaggle: big-startup-secsees-fail-dataset-from-crunchbase + investments-crunchbase (market enrichment) (idea_description text is DERIVED, not sourced verbatim)",https://www.kaggle.com/datasets/yanmaksi/big-startup-secsees-fail-dataset-from-crunchbase
IDEA-00116,"[DERIVED] Smartpics Media is a real, publicly-recorded SaaS company (category tags: Software) headquartered in Canada.",SaaS,Software,Unknown - not stated in source data,Unknown - not stated in source data,Unknown - not stated in source data,Unknown - not stated in source data,Unknown - not stated in source data,Unknown - not stated in source data,Canada,Unknown - no external source,High (dataset-derived),"Kaggle: big-startup-secsees-fail-dataset-from-crunchbase + investments-crunchbase (market enrichment) (idea_description text is DERIVED, not sourced verbatim)",https://www.kaggle.com/datasets/yanmaksi/big-startup-secsees-fail-dataset-from-crunchbase
IDEA-00117,"[DERIVED] Drive is a real, publicly-recorded Mobility company (category tags: Automotive|Mobile Commerce|SaaS) headquartered in United States.",Mobility,Automotive|Mobile Commerce|SaaS,Unknown - not stated in source data,Unknown - not stated in source data,Unknown - not stated in source data,Unknown - not stated in source data,Unknown - not stated in source data,Unknown - not stated in source data,United States,Unknown - no external source,High (dataset-derived),"Kaggle: big-startup-secsees-fail-dataset-from-crunchbase (idea_description text is DERIVED, not sourced verbatim)",https://www.kaggle.com/datasets/yanmaksi/big-startup-secsees-fail-dataset-from-crunchbase
IDEA-00118,"[DERIVED] Swink.tv is a real, publicly-recorded SaaS company (category tags: Curated Web) headquartered in United States.",SaaS,Curated Web,Unknown - not stated in source data,Unknown - not stated in source data,Unknown - not stated in source data,Unknown - not stated in source data,Unknown - not stated in source data,Unknown - not stated in source data,United States,Unknown - no external source,High (dataset-derived),"Kaggle: big-startup-secsees-fail-dataset-from-crunchbase + investments-crunchbase (market enrichment) (idea_description text is DERIVED, not sourced verbatim)",https://www.kaggle.com/datasets/yanmaksi/big-startup-secsees-fail-dataset-from-crunchbase
IDEA-00119,"[DERIVED] IntelliWare Systems is a real, publicly-recorded Cybersecurity company (category tags: Security) headquartered in United States.",Cybersecurity,Security,Unknown - not stated in source data,Unknown - not stated in source data,Unknown - not stated in source data,Unknown - not stated in source data,Unknown - not stated in source data,Unknown - not stated in source data,United States,Unknown - no external source,High (dataset-derived),"Kaggle: big-startup-secsees-fail-dataset-from-crunchbase + investments-crunchbase (market enrichment) (idea_description text is DERIVED, not sourced verbatim)",https://www.kaggle.com/datasets/yanmaksi/big-startup-secsees-fail-dataset-from-crunchbase
IDEA-00120,"[DERIVED] Appia is a real, publicly-recorded MarTech company (category tags: Advertising|App Stores|Mobile) headquartered in United States.",MarTech,Advertising|App Stores|Mobile,Unknown - not stated in source data,Unknown - not stated in source data,Unknown - not stated in source data,Unknown - not stated in source data,Unknown - not stated in source data,Unknown - not stated in source data,United States,Unknown - no external source,High (dataset-derived),"Kaggle: big-startup-secsees-fail-dataset-from-crunchbase + investments-crunchbase (market enrichment) (idea_description text is DERIVED, not sourced verbatim)",https://www.kaggle.com/datasets/yanmaksi/big-startup-secsees-fail-dataset-from-crunchbase
IDEA-00121,"[DERIVED] Liven is a real, publicly-recorded MarTech company (category tags: Android|Apps|Bridging Online and Offline|Discounts|iPhone|Mobile|Promotional|Sales and Marketing) headquartered in Australia.",MarTech,Android|Apps|Bridging Online and Offline|Discounts|iPhone|Mobile|Promotional|Sales and Marketing,Unknown - not stated in source data,Unknown - not stated in source data,Unknown - not stated in source data,Unknown - not stated in source data,Unknown - not stated in source data,Unknown - not stated in source data,Australia,Unknown - no external source,Medium (dataset-derived),"Kaggle: big-startup-secsees-fail-dataset-from-crunchbase (idea_description text is DERIVED, not sourced verbatim)",https://www.kaggle.com/datasets/yanmaksi/big-startup-secsees-fail-dataset-from-crunchbase
IDEA-00122,"[DERIVED] Streamline Health Solutions is a real, publicly-recorded HealthTech company (category tags: Biotechnology) headquartered in United States.",HealthTech,Biotechnology,Unknown - not stated in source data,Unknown - not stated in source data,Unknown - not stated in source data,Unknown - not stated in source data,Unknown - not stated in source data,Unknown - not stated in source data,United States,Unknown - no external source,High (dataset-derived),"Kaggle: big-startup-secsees-fail-dataset-from-crunchbase + investments-crunchbase (market enrichment) (idea_description text is DERIVED, not sourced verbatim)",https://www.kaggle.com/datasets/yanmaksi/big-startup-secsees-fail-dataset-from-crunchbase
IDEA-00123,"[DERIVED] WeWantToKnow is a real, publicly-recorded EdTech company (category tags: Education|High Schools) headquartered in Norway.",EdTech,Education|High Schools,Unknown - not stated in source data,Unknown - not stated in source data,Unknown - not stated in source data,Unknown - not stated in source data,Unknown - not stated in source data,Unknown - not stated in source data,Norway,Unknown - no external source,Low (dataset-derived),"Kaggle: big-startup-secsees-fail-dataset-from-crunchbase (idea_description text is DERIVED, not sourced verbatim)",https://www.kaggle.com/datasets/yanmaksi/big-startup-secsees-fail-dataset-from-crunchbase
IDEA-00124,"[DERIVED] FutureDial is a real, publicly-recorded SaaS company (category tags: Mobile Commerce|Software|Wireless) headquartered in United States.",SaaS,Mobile Commerce|Software|Wireless,Unknown - not stated in source data,Unknown - not stated in source data,Unknown - not stated in source data,Unknown - not stated in source data,Unknown - not stated in source data,Unknown - not stated in source data,United States,Unknown - no external source,High (dataset-derived),"Kaggle: big-startup-secsees-fail-dataset-from-crunchbase (idea_description text is DERIVED, not sourced verbatim)",https://www.kaggle.com/datasets/yanmaksi/big-startup-secsees-fail-dataset-from-crunchbase
IDEA-00125,"[DERIVED] Xpliant is a real, publicly-recorded DeepTech company (category tags: Semiconductors) headquartered in United States.",DeepTech,Semiconductors,Unknown - not stated in source data,Unknown - not stated in source data,Unknown - not stated in source data,Unknown - not stated in source data,Unknown - not stated in source data,Unknown - not stated in source data,United States,Unknown - no external source,High (dataset-derived),"Kaggle: big-startup-secsees-fail-dataset-from-crunchbase + investments-crunchbase (market enrichment) (idea_description text is DERIVED, not sourced verbatim)",https://www.kaggle.com/datasets/yanmaksi/big-startup-secsees-fail-dataset-from-crunchbase
IDEA-00126,"[DERIVED] Socialware is a real, publicly-recorded SaaS company (category tags: Enterprise Software) headquartered in United States.",SaaS,Enterprise Software,Unknown - not stated in source data,Unknown - not stated in source data,Unknown - not stated in source data,Unknown - not stated in source data,Unknown - not stated in source data,Unknown - not stated in source data,United States,Unknown - no external source,High (dataset-derived),"Kaggle: big-startup-secsees-fail-dataset-from-crunchbase + investments-crunchbase (market enrichment) (idea_description text is DERIVED, not sourced verbatim)",https://www.kaggle.com/datasets/yanmaksi/big-startup-secsees-fail-dataset-from-crunchbase
IDEA-00127,"[DERIVED] Triad Retail Media is a real, publicly-recorded MarTech company (category tags: Advertising) headquartered in United States.",MarTech,Advertising,Unknown - not stated in source data,Unknown - not stated in source data,Unknown - not stated in source data,Unknown - not stated in source data,Unknown - not stated in source data,Unknown - not stated in source data,United States,Unknown - no external source,High (dataset-derived),"Kaggle: big-startup-secsees-fail-dataset-from-crunchbase + investments-crunchbase (market enrichment) (idea_description text is DERIVED, not sourced verbatim)",https://www.kaggle.com/datasets/yanmaksi/big-startup-secsees-fail-dataset-from-crunchbase
IDEA-00128,"[DERIVED] E8 Security is a real, publicly-recorded Cybersecurity company (category tags: Analytics|Intelligent Systems|Network Security|Security) headquartered in United States.",Cybersecurity,Analytics|Intelligent Systems|Network Security|Security,Unknown - not stated in source data,Unknown - not stated in source data,Unknown - not stated in source data,Unknown - not stated in source data,Unknown - not stated in source data,Unknown - not stated in source data,United States,Unknown - no external source,High (dataset-derived),"Kaggle: big-startup-secsees-fail-dataset-from-crunchbase (idea_description text is DERIVED, not sourced verbatim)",https://www.kaggle.com/datasets/yanmaksi/big-startup-secsees-fail-dataset-from-crunchbase
IDEA-00129,"[DERIVED] Eve Biomedical is a real, publicly-recorded HealthTech company (category tags: Biotechnology) headquartered in United States.",HealthTech,Biotechnology,Unknown - not stated in source data,Unknown - not stated in source data,Unknown - not stated in source data,Unknown - not stated in source data,Unknown - not stated in source data,Unknown - not stated in source data,United States,Unknown - no external source,High (dataset-derived),"Kaggle: big-startup-secsees-fail-dataset-from-crunchbase + investments-crunchbase (market enrichment) (idea_description text is DERIVED, not sourced verbatim)",https://www.kaggle.com/datasets/yanmaksi/big-startup-secsees-fail-dataset-from-crunchbase
IDEA-00130,"[DERIVED] DeepRockDrive is a real, publicly-recorded Media & Entertainment company (category tags: Concerts|Games|Music) headquartered in United States.",Media & Entertainment,Concerts|Games|Music,Unknown - not stated in source data,Unknown - not stated in source data,Unknown - not stated in source data,Unknown - not stated in source data,Unknown - not stated in source data,Unknown - not stated in source data,United States,Unknown - no external source,High (dataset-derived),"Kaggle: big-startup-secsees-fail-dataset-from-crunchbase + investments-crunchbase (market enrichment) (idea_description text is DERIVED, not sourced verbatim)",https://www.kaggle.com/datasets/yanmaksi/big-startup-secsees-fail-dataset-from-crunchbase
IDEA-00131,"[DERIVED] PurpleBricks is a real, publicly-recorded MarTech company (category tags: Business Services|Marketing Automation|Marketplaces) headquartered in United Kingdom.",MarTech,Business Services|Marketing Automation|Marketplaces,Unknown - not stated in source data,Unknown - not stated in source data,Unknown - not stated in source data,Unknown - not stated in source data,Unknown - not stated in source data,Unknown - not stated in source data,United Kingdom,Unknown - no external source,High (dataset-derived),"Kaggle: big-startup-secsees-fail-dataset-from-crunchbase + investments-crunchbase (market enrichment) (idea_description text is DERIVED, not sourced verbatim)",https://www.kaggle.com/datasets/yanmaksi/big-startup-secsees-fail-dataset-from-crunchbase
IDEA-00132,"[DERIVED] CurrencyFair is a real, publicly-recorded FinTech company (category tags: Finance|P2P Money Transfer|Peer-to-Peer|Virtualization) headquartered in Ireland.",FinTech,Finance|P2P Money Transfer|Peer-to-Peer|Virtualization,Unknown - not stated in source data,Unknown - not stated in source data,Unknown - not stated in source data,Unknown - not stated in source data,Unknown - not stated in source data,Unknown - not stated in source data,Ireland,Unknown - no external source,Low (dataset-derived),"Kaggle: big-startup-secsees-fail-dataset-from-crunchbase + investments-crunchbase (market enrichment) (idea_description text is DERIVED, not sourced verbatim)",https://www.kaggle.com/datasets/yanmaksi/big-startup-secsees-fail-dataset-from-crunchbase
IDEA-00133,"[DERIVED] Industrial Toys is a real, publicly-recorded Media & Entertainment company (category tags: Games) headquartered in United States.",Media & Entertainment,Games,Unknown - not stated in source data,Unknown - not stated in source data,Unknown - not stated in source data,Unknown - not stated in source data,Unknown - not stated in source data,Unknown - not stated in source data,United States,Unknown - no external source,High (dataset-derived),"Kaggle: big-startup-secsees-fail-dataset-from-crunchbase + investments-crunchbase (market enrichment) (idea_description text is DERIVED, not sourced verbatim)",https://www.kaggle.com/datasets/yanmaksi/big-startup-secsees-fail-dataset-from-crunchbase
IDEA-00134,"[DERIVED] JadeTrack is a real, publicly-recorded ClimateTech company (category tags: Analytics|Energy Management|SaaS|Sustainability) headquartered in United States.",ClimateTech,Analytics|Energy Management|SaaS|Sustainability,Unknown - not stated in source data,Unknown - not stated in source data,Unknown - not stated in source data,Unknown - not stated in source data,Unknown - not stated in source data,Unknown - not stated in source data,United States,Unknown - no external source,Medium (dataset-derived),"Kaggle: big-startup-secsees-fail-dataset-from-crunchbase + investments-crunchbase (market enrichment) (idea_description text is DERIVED, not sourced verbatim)",https://www.kaggle.com/datasets/yanmaksi/big-startup-secsees-fail-dataset-from-crunchbase
IDEA-00135,"[DERIVED] Intercept Pharmaceuticals is a real, publicly-recorded HealthTech company (category tags: Biotechnology|Health Care) headquartered in United States.",HealthTech,Biotechnology|Health Care,Unknown - not stated in source data,Unknown - not stated in source data,Unknown - not stated in source data,Unknown - not stated in source data,Unknown - not stated in source data,Unknown - not stated in source data,United States,Unknown - no external source,High (dataset-derived),"Kaggle: big-startup-secsees-fail-dataset-from-crunchbase + investments-crunchbase (market enrichment) (idea_description text is DERIVED, not sourced verbatim)",https://www.kaggle.com/datasets/yanmaksi/big-startup-secsees-fail-dataset-from-crunchbase
IDEA-00136,"[DERIVED] Pet Chance Television is a real, publicly-recorded MarTech company (category tags: Advertising) headquartered in United States.",MarTech,Advertising,Unknown - not stated in source data,Unknown - not stated in source data,Unknown - not stated in source data,Unknown - not stated in source data,Unknown - not stated in source data,Unknown - not stated in source data,United States,Unknown - no external source,High (dataset-derived),"Kaggle: big-startup-secsees-fail-dataset-from-crunchbase + investments-crunchbase (market enrichment) (idea_description text is DERIVED, not sourced verbatim)",https://www.kaggle.com/datasets/yanmaksi/big-startup-secsees-fail-dataset-from-crunchbase
IDEA-00137,"[DERIVED] BonaYou is a real, publicly-recorded Media & Entertainment company (category tags: E-Commerce|Gift Card|Social Media) headquartered in Germany.",Media & Entertainment,E-Commerce|Gift Card|Social Media,Unknown - not stated in source data,Unknown - not stated in source data,Unknown - not stated in source data,Unknown - not stated in source data,Unknown - not stated in source data,Unknown - not stated in source data,Germany,Unknown - no external source,Medium (dataset-derived),"Kaggle: big-startup-secsees-fail-dataset-from-crunchbase + investments-crunchbase (market enrichment) (idea_description text is DERIVED, not sourced verbatim)",https://www.kaggle.com/datasets/yanmaksi/big-startup-secsees-fail-dataset-from-crunchbase
IDEA-00138,"[DERIVED] Altitude Games is a real, publicly-recorded Media & Entertainment company (category tags: Games) headquartered in Philippines.",Media & Entertainment,Games,Unknown - not stated in source data,Unknown - not stated in source data,Unknown - not stated in source data,Unknown - not stated in source data,Unknown - not stated in source data,Unknown - not stated in source data,Philippines,Unknown - no external source,Low (dataset-derived),"Kaggle: big-startup-secsees-fail-dataset-from-crunchbase + investments-crunchbase (market enrichment) (idea_description text is DERIVED, not sourced verbatim)",https://www.kaggle.com/datasets/yanmaksi/big-startup-secsees-fail-dataset-from-crunchbase
IDEA-00139,"[DERIVED] SEVEN Networks is a real, publicly-recorded SaaS company (category tags: Mobile Infrastructure|Software|Wireless) headquartered in United States.",SaaS,Mobile Infrastructure|Software|Wireless,Unknown - not stated in source data,Unknown - not stated in source data,Unknown - not stated in source data,Unknown - not stated in source data,Unknown - not stated in source data,Unknown - not stated in source data,United States,Unknown - no external source,High (dataset-derived),"Kaggle: big-startup-secsees-fail-dataset-from-crunchbase + investments-crunchbase (market enrichment) (idea_description text is DERIVED, not sourced verbatim)",https://www.kaggle.com/datasets/yanmaksi/big-startup-secsees-fail-dataset-from-crunchbase
IDEA-00140,"[DERIVED] DashThis is a real, publicly-recorded Cybersecurity company (category tags: Analytics|E-Commerce|Network Security|Web Development) headquartered in Canada.",Cybersecurity,Analytics|E-Commerce|Network Security|Web Development,Unknown - not stated in source data,Unknown - not stated in source data,Unknown - not stated in source data,Unknown - not stated in source data,Unknown - not stated in source data,Unknown - not stated in source data,Canada,Unknown - no external source,Medium (dataset-derived),"Kaggle: big-startup-secsees-fail-dataset-from-crunchbase + investments-crunchbase (market enrichment) (idea_description text is DERIVED, not sourced verbatim)",https://www.kaggle.com/datasets/yanmaksi/big-startup-secsees-fail-dataset-from-crunchbase
IDEA-00141,"[DERIVED] Toushay - It's what's in store is a real, publicly-recorded SaaS company (category tags: Cloud Computing|Mobile|Mobile Devices|Software|Web Development) headquartered in Canada.",SaaS,Cloud Computing|Mobile|Mobile Devices|Software|Web Development,Unknown - not stated in source data,Unknown - not stated in source data,Unknown - not stated in source data,Unknown - not stated in source data,Unknown - not stated in source data,Unknown - not stated in source data,Canada,Unknown - no external source,High (dataset-derived),"Kaggle: big-startup-secsees-fail-dataset-from-crunchbase + investments-crunchbase (market enrichment) (idea_description text is DERIVED, not sourced verbatim)",https://www.kaggle.com/datasets/yanmaksi/big-startup-secsees-fail-dataset-from-crunchbase
IDEA-00142,"[DERIVED] PermissionTV is a real, publicly-recorded Media & Entertainment company (category tags: Entertainment|Games|Publishing|Television|Video|Video on Demand) headquartered in United States.",Media & Entertainment,Entertainment|Games|Publishing|Television|Video|Video on Demand,Unknown - not stated in source data,Unknown - not stated in source data,Unknown - not stated in source data,Unknown - not stated in source data,Unknown - not stated in source data,Unknown - not stated in source data,United States,Unknown - no external source,High (dataset-derived),"Kaggle: big-startup-secsees-fail-dataset-from-crunchbase + investments-crunchbase (market enrichment) (idea_description text is DERIVED, not sourced verbatim)",https://www.kaggle.com/datasets/yanmaksi/big-startup-secsees-fail-dataset-from-crunchbase
IDEA-00143,"[DERIVED] DONUTSDATROCK is a real, publicly-recorded FoodTech company (category tags: Consumer Goods|Recipes|Specialty Foods) headquartered in United States.",FoodTech,Consumer Goods|Recipes|Specialty Foods,Unknown - not stated in source data,Unknown - not stated in source data,Unknown - not stated in source data,Unknown - not stated in source data,Unknown - not stated in source data,Unknown - not stated in source data,United States,Unknown - no external source,High (dataset-derived),"Kaggle: big-startup-secsees-fail-dataset-from-crunchbase (idea_description text is DERIVED, not sourced verbatim)",https://www.kaggle.com/datasets/yanmaksi/big-startup-secsees-fail-dataset-from-crunchbase
IDEA-00144,"[DERIVED] Volusion is a real, publicly-recorded E-commerce company (category tags: Application Platforms|E-Commerce|E-Commerce Platforms|Mobile Commerce|SaaS|Software) headquartered in United States.",E-commerce,Application Platforms|E-Commerce|E-Commerce Platforms|Mobile Commerce|SaaS|Software,Unknown - not stated in source data,Unknown - not stated in source data,Unknown - not stated in source data,Unknown - not stated in source data,Unknown - not stated in source data,Unknown - not stated in source data,United States,Unknown - no external source,High (dataset-derived),"Kaggle: big-startup-secsees-fail-dataset-from-crunchbase + investments-crunchbase (market enrichment) (idea_description text is DERIVED, not sourced verbatim)",https://www.kaggle.com/datasets/yanmaksi/big-startup-secsees-fail-dataset-from-crunchbase
IDEA-00145,"[DERIVED] Dazzling Beauty Group is a real, publicly-recorded E-commerce company (category tags: Beauty|E-Commerce) headquartered in United States.",E-commerce,Beauty|E-Commerce,Unknown - not stated in source data,Unknown - not stated in source data,Unknown - not stated in source data,Unknown - not stated in source data,Unknown - not stated in source data,Unknown - not stated in source data,United States,Unknown - no external source,High (dataset-derived),"Kaggle: big-startup-secsees-fail-dataset-from-crunchbase + investments-crunchbase (market enrichment) (idea_description text is DERIVED, not sourced verbatim)",https://www.kaggle.com/datasets/yanmaksi/big-startup-secsees-fail-dataset-from-crunchbase
IDEA-00146,"[DERIVED] SimplyBox is a real, publicly-recorded SaaS company (category tags: Software) headquartered in United States.",SaaS,Software,Unknown - not stated in source data,Unknown - not stated in source data,Unknown - not stated in source data,Unknown - not stated in source data,Unknown - not stated in source data,Unknown - not stated in source data,United States,Unknown - no external source,High (dataset-derived),"Kaggle: big-startup-secsees-fail-dataset-from-crunchbase + investments-crunchbase (market enrichment) (idea_description text is DERIVED, not sourced verbatim)",https://www.kaggle.com/datasets/yanmaksi/big-startup-secsees-fail-dataset-from-crunchbase
IDEA-00147,"[DERIVED] LiveAnswer, Inc. is a real, publicly-recorded SaaS company (category tags: Customer Service|Customer Support Tools|Unifed Communications) headquartered in United States.",SaaS,Customer Service|Customer Support Tools|Unifed Communications,Unknown - not stated in source data,Unknown - not stated in source data,Unknown - not stated in source data,Unknown - not stated in source data,Unknown - not stated in source data,Unknown - not stated in source data,United States,Unknown - no external source,High (dataset-derived),"Kaggle: big-startup-secsees-fail-dataset-from-crunchbase + investments-crunchbase (market enrichment) (idea_description text is DERIVED, not sourced verbatim)",https://www.kaggle.com/datasets/yanmaksi/big-startup-secsees-fail-dataset-from-crunchbase
IDEA-00148,"[DERIVED] ZAI Lab is a real, publicly-recorded HealthTech company (category tags: Health and Wellness|Health Care|Health Care Information Technology) headquartered in an unspecified country.",HealthTech,Health and Wellness|Health Care|Health Care Information Technology,Unknown - not stated in source data,Unknown - not stated in source data,Unknown - not stated in source data,Unknown - not stated in source data,Unknown - not stated in source data,Unknown - not stated in source data,,Unknown - no external source,Unknown,"Kaggle: big-startup-secsees-fail-dataset-from-crunchbase + investments-crunchbase (market enrichment) (idea_description text is DERIVED, not sourced verbatim)",https://www.kaggle.com/datasets/yanmaksi/big-startup-secsees-fail-dataset-from-crunchbase
IDEA-00149,"[DERIVED] Thymes is a real, publicly-recorded E-commerce company (category tags: Beauty|Consumer Goods|E-Commerce|Lifestyle Products|Online Shopping) headquartered in United States.",E-commerce,Beauty|Consumer Goods|E-Commerce|Lifestyle Products|Online Shopping,Unknown - not stated in source data,Unknown - not stated in source data,Unknown - not stated in source data,Unknown - not stated in source data,Unknown - not stated in source data,Unknown - not stated in source data,United States,Unknown - no external source,High (dataset-derived),"Kaggle: big-startup-secsees-fail-dataset-from-crunchbase (idea_description text is DERIVED, not sourced verbatim)",https://www.kaggle.com/datasets/yanmaksi/big-startup-secsees-fail-dataset-from-crunchbase
IDEA-00150,"[DERIVED] Fulcrum Pharmaceuticals is a real, publicly-recorded HealthTech company (category tags: Health Care|Medical|Pharmaceuticals) headquartered in United States.",HealthTech,Health Care|Medical|Pharmaceuticals,Unknown - not stated in source data,Unknown - not stated in source data,Unknown - not stated in source data,Unknown - not stated in source data,Unknown - not stated in source data,Unknown - not stated in source data,United States,Unknown - no external source,High (dataset-derived),"Kaggle: big-startup-secsees-fail-dataset-from-crunchbase (idea_description text is DERIVED, not sourced verbatim)",https://www.kaggle.com/datasets/yanmaksi/big-startup-secsees-fail-dataset-from-crunchbase
IDEA-00151,"[DERIVED] Lambda Labs is a real, publicly-recorded AI / Machine Learning company (category tags: AI Cloud) headquartered in USA.",AI / Machine Learning,AI Cloud,Unknown - not stated in source data,Unknown - not stated in source data,Unknown - not stated in source data,Unknown - not stated in source data,Unknown - not stated in source data,Unknown - not stated in source data,USA,Unknown - no external source,Low (dataset-derived),"User-supplied: Startups & Funding Dataset 2024-2025 (idea_description text is DERIVED, not sourced verbatim)",https://www.kaggle.com/datasets/sufya6/startups-and-funding-dataset-20242025
IDEA-00152,"[DERIVED] Interactive Convenience Electronics is a real, publicly-recorded Media & Entertainment company (category tags: Entertainment|Games|Software) headquartered in United States.",Media & Entertainment,Entertainment|Games|Software,Unknown - not stated in source data,Unknown - not stated in source data,Unknown - not stated in source data,Unknown - not stated in source data,Unknown - not stated in source data,Unknown - not stated in source data,United States,Unknown - no external source,High (dataset-derived),"Kaggle: big-startup-secsees-fail-dataset-from-crunchbase + investments-crunchbase (market enrichment) (idea_description text is DERIVED, not sourced verbatim)",https://www.kaggle.com/datasets/yanmaksi/big-startup-secsees-fail-dataset-from-crunchbase
IDEA-00153,"[DERIVED] Pollen is a real, publicly-recorded SaaS company (category tags: Software) headquartered in United States.",SaaS,Software,Unknown - not stated in source data,Unknown - not stated in source data,Unknown - not stated in source data,Unknown - not stated in source data,Unknown - not stated in source data,Unknown - not stated in source data,United States,Unknown - no external source,High (dataset-derived),"Kaggle: big-startup-secsees-fail-dataset-from-crunchbase + investments-crunchbase (market enrichment) (idea_description text is DERIVED, not sourced verbatim)",https://www.kaggle.com/datasets/yanmaksi/big-startup-secsees-fail-dataset-from-crunchbase
IDEA-00154,"[DERIVED] Nanobebe is a real, publicly-recorded FoodTech company (category tags: Nutrition) headquartered in an unspecified country.",FoodTech,Nutrition,Unknown - not stated in source data,Unknown - not stated in source data,Unknown - not stated in source data,Unknown - not stated in source data,Unknown - not stated in source data,Unknown - not stated in source data,,Unknown - no external source,Unknown,"Kaggle: big-startup-secsees-fail-dataset-from-crunchbase (idea_description text is DERIVED, not sourced verbatim)",https://www.kaggle.com/datasets/yanmaksi/big-startup-secsees-fail-dataset-from-crunchbase
IDEA-00155,"[DERIVED] SkillPod Media is a real, publicly-recorded Media & Entertainment company (category tags: Android|Games|Mobile Games|Web Development) headquartered in South Africa.",Media & Entertainment,Android|Games|Mobile Games|Web Development,Unknown - not stated in source data,Unknown - not stated in source data,Unknown - not stated in source data,Unknown - not stated in source data,Unknown - not stated in source data,Unknown - not stated in source data,South Africa,Unknown - no external source,Low (dataset-derived),"Kaggle: big-startup-secsees-fail-dataset-from-crunchbase + investments-crunchbase (market enrichment) (idea_description text is DERIVED, not sourced verbatim)",https://www.kaggle.com/datasets/yanmaksi/big-startup-secsees-fail-dataset-from-crunchbase
IDEA-00156,"[DERIVED] AppVirality Inc is a real, publicly-recorded SaaS company (category tags: Apps|Mobile Software Tools) headquartered in United States.",SaaS,Apps|Mobile Software Tools,Unknown - not stated in source data,Unknown - not stated in source data,Unknown - not stated in source data,Unknown - not stated in source data,Unknown - not stated in source data,Unknown - not stated in source data,United States,Unknown - no external source,High (dataset-derived),"Kaggle: big-startup-secsees-fail-dataset-from-crunchbase (idea_description text is DERIVED, not sourced verbatim)",https://www.kaggle.com/datasets/yanmaksi/big-startup-secsees-fail-dataset-from-crunchbase
IDEA-00157,"[DERIVED] StartX is a real, publicly-recorded EdTech company (category tags: All Students|Automotive|Biotechnology|Clean Technology|Consumer Internet|E-Commerce|Entrepreneur|Nonprofits|Startups) headquartered in United States.",EdTech,All Students|Automotive|Biotechnology|Clean Technology|Consumer Internet|E-Commerce|Entrepreneur|Nonprofits|Startups,Unknown - not stated in source data,Unknown - not stated in source data,Unknown - not stated in source data,Unknown - not stated in source data,Unknown - not stated in source data,Unknown - not stated in source data,United States,Unknown - no external source,High (dataset-derived),"Kaggle: big-startup-secsees-fail-dataset-from-crunchbase + investments-crunchbase (market enrichment) (idea_description text is DERIVED, not sourced verbatim)",https://www.kaggle.com/datasets/yanmaksi/big-startup-secsees-fail-dataset-from-crunchbase
IDEA-00158,"[DERIVED] Angella Joy is a real, publicly-recorded EdTech company (category tags: Education) headquartered in United States.",EdTech,Education,Unknown - not stated in source data,Unknown - not stated in source data,Unknown - not stated in source data,Unknown - not stated in source data,Unknown - not stated in source data,Unknown - not stated in source data,United States,Unknown - no external source,High (dataset-derived),"Kaggle: big-startup-secsees-fail-dataset-from-crunchbase + investments-crunchbase (market enrichment) (idea_description text is DERIVED, not sourced verbatim)",https://www.kaggle.com/datasets/yanmaksi/big-startup-secsees-fail-dataset-from-crunchbase
IDEA-00159,"[DERIVED] Qu: Stay Curious is a real, publicly-recorded Media & Entertainment company (category tags: Analytics|Consumer Behavior|News) headquartered in United States.",Media & Entertainment,Analytics|Consumer Behavior|News,Unknown - not stated in source data,Unknown - not stated in source data,Unknown - not stated in source data,Unknown - not stated in source data,Unknown - not stated in source data,Unknown - not stated in source data,United States,Unknown - no external source,High (dataset-derived),"Kaggle: big-startup-secsees-fail-dataset-from-crunchbase (idea_description text is DERIVED, not sourced verbatim)",https://www.kaggle.com/datasets/yanmaksi/big-startup-secsees-fail-dataset-from-crunchbase
IDEA-00160,"[DERIVED] WaterSmart Software is a real, publicly-recorded SaaS company (category tags: Software) headquartered in United States.",SaaS,Software,Unknown - not stated in source data,Unknown - not stated in source data,Unknown - not stated in source data,Unknown - not stated in source data,Unknown - not stated in source data,Unknown - not stated in source data,United States,Unknown - no external source,High (dataset-derived),"Kaggle: big-startup-secsees-fail-dataset-from-crunchbase + investments-crunchbase (market enrichment) (idea_description text is DERIVED, not sourced verbatim)",https://www.kaggle.com/datasets/yanmaksi/big-startup-secsees-fail-dataset-from-crunchbase
IDEA-00161,"[DERIVED] TopLine Game Labs is a real, publicly-recorded Media & Entertainment company (category tags: Games) headquartered in United States.",Media & Entertainment,Games,Unknown - not stated in source data,Unknown - not stated in source data,Unknown - not stated in source data,Unknown - not stated in source data,Unknown - not stated in source data,Unknown - not stated in source data,United States,Unknown - no external source,High (dataset-derived),"Kaggle: big-startup-secsees-fail-dataset-from-crunchbase + investments-crunchbase (market enrichment) (idea_description text is DERIVED, not sourced verbatim)",https://www.kaggle.com/datasets/yanmaksi/big-startup-secsees-fail-dataset-from-crunchbase
IDEA-00162,"[DERIVED] Financial Diligence Networks is a real, publicly-recorded FinTech company (category tags: Financial Services) headquartered in United States.",FinTech,Financial Services,Unknown - not stated in source data,Unknown - not stated in source data,Unknown - not stated in source data,Unknown - not stated in source data,Unknown - not stated in source data,Unknown - not stated in source data,United States,Unknown - no external source,High (dataset-derived),"Kaggle: big-startup-secsees-fail-dataset-from-crunchbase (idea_description text is DERIVED, not sourced verbatim)",https://www.kaggle.com/datasets/yanmaksi/big-startup-secsees-fail-dataset-from-crunchbase
IDEA-00163,"[DERIVED] Pwnie Express is a real, publicly-recorded SaaS company (category tags: Software) headquartered in United States.",SaaS,Software,Unknown - not stated in source data,Unknown - not stated in source data,Unknown - not stated in source data,Unknown - not stated in source data,Unknown - not stated in source data,Unknown - not stated in source data,United States,Unknown - no external source,High (dataset-derived),"Kaggle: big-startup-secsees-fail-dataset-from-crunchbase + investments-crunchbase (market enrichment) (idea_description text is DERIVED, not sourced verbatim)",https://www.kaggle.com/datasets/yanmaksi/big-startup-secsees-fail-dataset-from-crunchbase
IDEA-00164,"[DERIVED] CarveNiche is a real, publicly-recorded SaaS company (category tags: Software) headquartered in India.",SaaS,Software,Unknown - not stated in source data,Unknown - not stated in source data,Unknown - not stated in source data,Unknown - not stated in source data,Unknown - not stated in source data,Unknown - not stated in source data,India,Unknown - no external source,Medium (dataset-derived),"Kaggle: big-startup-secsees-fail-dataset-from-crunchbase (idea_description text is DERIVED, not sourced verbatim)",https://www.kaggle.com/datasets/yanmaksi/big-startup-secsees-fail-dataset-from-crunchbase
IDEA-00165,"[DERIVED] Nopical is a real, publicly-recorded Media & Entertainment company (category tags: Internet|News|Real Time) headquartered in United States.",Media & Entertainment,Internet|News|Real Time,Unknown - not stated in source data,Unknown - not stated in source data,Unknown - not stated in source data,Unknown - not stated in source data,Unknown - not stated in source data,Unknown - not stated in source data,United States,Unknown - no external source,High (dataset-derived),"Kaggle: big-startup-secsees-fail-dataset-from-crunchbase (idea_description text is DERIVED, not sourced verbatim)",https://www.kaggle.com/datasets/yanmaksi/big-startup-secsees-fail-dataset-from-crunchbase
IDEA-00166,"[DERIVED] Cord Project is a real, publicly-recorded Media & Entertainment company (category tags: Messaging|Mobile|Social Media) headquartered in United States.",Media & Entertainment,Messaging|Mobile|Social Media,Unknown - not stated in source data,Unknown - not stated in source data,Unknown - not stated in source data,Unknown - not stated in source data,Unknown - not stated in source data,Unknown - not stated in source data,United States,Unknown - no external source,High (dataset-derived),"Kaggle: big-startup-secsees-fail-dataset-from-crunchbase + investments-crunchbase (market enrichment) (idea_description text is DERIVED, not sourced verbatim)",https://www.kaggle.com/datasets/yanmaksi/big-startup-secsees-fail-dataset-from-crunchbase
IDEA-00167,"[DERIVED] Edgewood Ave is a real, publicly-recorded E-commerce company (category tags: E-Commerce|Marketplaces|Product Design) headquartered in United States.",E-commerce,E-Commerce|Marketplaces|Product Design,Unknown - not stated in source data,Unknown - not stated in source data,Unknown - not stated in source data,Unknown - not stated in source data,Unknown - not stated in source data,Unknown - not stated in source data,United States,Unknown - no external source,High (dataset-derived),"Kaggle: big-startup-secsees-fail-dataset-from-crunchbase + investments-crunchbase (market enrichment) (idea_description text is DERIVED, not sourced verbatim)",https://www.kaggle.com/datasets/yanmaksi/big-startup-secsees-fail-dataset-from-crunchbase
IDEA-00168,"[DERIVED] CrowdTunes is a real, publicly-recorded Media & Entertainment company (category tags: Cloud-Based Music|Gamification|Mobile) headquartered in United States.",Media & Entertainment,Cloud-Based Music|Gamification|Mobile,Unknown - not stated in source data,Unknown - not stated in source data,Unknown - not stated in source data,Unknown - not stated in source data,Unknown - not stated in source data,Unknown - not stated in source data,United States,Unknown - no external source,High (dataset-derived),"Kaggle: big-startup-secsees-fail-dataset-from-crunchbase + investments-crunchbase (market enrichment) (idea_description text is DERIVED, not sourced verbatim)",https://www.kaggle.com/datasets/yanmaksi/big-startup-secsees-fail-dataset-from-crunchbase
IDEA-00169,"[DERIVED] Curenci is a real, publicly-recorded SaaS company (category tags: Software) headquartered in United States.",SaaS,Software,Unknown - not stated in source data,Unknown - not stated in source data,Unknown - not stated in source data,Unknown - not stated in source data,Unknown - not stated in source data,Unknown - not stated in source data,United States,Unknown - no external source,High (dataset-derived),"Kaggle: big-startup-secsees-fail-dataset-from-crunchbase (idea_description text is DERIVED, not sourced verbatim)",https://www.kaggle.com/datasets/yanmaksi/big-startup-secsees-fail-dataset-from-crunchbase
IDEA-00170,"[DERIVED] MessageBunker is a real, publicly-recorded AI / Machine Learning company (category tags: Archiving|Email|Flash Storage|Messaging|SaaS|Web Tools) headquartered in United Kingdom.",AI / Machine Learning,Archiving|Email|Flash Storage|Messaging|SaaS|Web Tools,Unknown - not stated in source data,Unknown - not stated in source data,Unknown - not stated in source data,Unknown - not stated in source data,Unknown - not stated in source data,Unknown - not stated in source data,United Kingdom,Unknown - no external source,Low (dataset-derived),"Kaggle: big-startup-secsees-fail-dataset-from-crunchbase + investments-crunchbase (market enrichment) (idea_description text is DERIVED, not sourced verbatim)",https://www.kaggle.com/datasets/yanmaksi/big-startup-secsees-fail-dataset-from-crunchbase
IDEA-00171,"[DERIVED] Empire Genomics is a real, publicly-recorded HealthTech company (category tags: Biotechnology|Health Care) headquartered in United States.",HealthTech,Biotechnology|Health Care,Unknown - not stated in source data,Unknown - not stated in source data,Unknown - not stated in source data,Unknown - not stated in source data,Unknown - not stated in source data,Unknown - not stated in source data,United States,Unknown - no external source,High (dataset-derived),"Kaggle: big-startup-secsees-fail-dataset-from-crunchbase + investments-crunchbase (market enrichment) (idea_description text is DERIVED, not sourced verbatim)",https://www.kaggle.com/datasets/yanmaksi/big-startup-secsees-fail-dataset-from-crunchbase
IDEA-00172,"[DERIVED] C.D. Barkley Insurance Agency is a real, publicly-recorded FinTech company (category tags: Finance) headquartered in United States.",FinTech,Finance,Unknown - not stated in source data,Unknown - not stated in source data,Unknown - not stated in source data,Unknown - not stated in source data,Unknown - not stated in source data,Unknown - not stated in source data,United States,Unknown - no external source,High (dataset-derived),"Kaggle: big-startup-secsees-fail-dataset-from-crunchbase + investments-crunchbase (market enrichment) (idea_description text is DERIVED, not sourced verbatim)",https://www.kaggle.com/datasets/yanmaksi/big-startup-secsees-fail-dataset-from-crunchbase
IDEA-00173,"[DERIVED] Cruiseo is a real, publicly-recorded TravelTech company (category tags: Travel & Tourism) headquartered in United Kingdom.",TravelTech,Travel & Tourism,Unknown - not stated in source data,Unknown - not stated in source data,Unknown - not stated in source data,Unknown - not stated in source data,Unknown - not stated in source data,Unknown - not stated in source data,United Kingdom,Unknown - no external source,Medium (dataset-derived),"Kaggle: big-startup-secsees-fail-dataset-from-crunchbase (idea_description text is DERIVED, not sourced verbatim)",https://www.kaggle.com/datasets/yanmaksi/big-startup-secsees-fail-dataset-from-crunchbase
IDEA-00174,"[DERIVED] TRUE linkswear is a real, publicly-recorded E-commerce company (category tags: E-Commerce) headquartered in United States.",E-commerce,E-Commerce,Unknown - not stated in source data,Unknown - not stated in source data,Unknown - not stated in source data,Unknown - not stated in source data,Unknown - not stated in source data,Unknown - not stated in source data,United States,Unknown - no external source,High (dataset-derived),"Kaggle: big-startup-secsees-fail-dataset-from-crunchbase + investments-crunchbase (market enrichment) (idea_description text is DERIVED, not sourced verbatim)",https://www.kaggle.com/datasets/yanmaksi/big-startup-secsees-fail-dataset-from-crunchbase
IDEA-00175,"[DERIVED] Cambrian House is a real, publicly-recorded SaaS company (category tags: Crowdsourcing|Software) headquartered in Canada.",SaaS,Crowdsourcing|Software,Unknown - not stated in source data,Unknown - not stated in source data,Unknown - not stated in source data,Unknown - not stated in source data,Unknown - not stated in source data,Unknown - not stated in source data,Canada,Unknown - no external source,High (dataset-derived),"Kaggle: big-startup-secsees-fail-dataset-from-crunchbase + investments-crunchbase (market enrichment) (idea_description text is DERIVED, not sourced verbatim)",https://www.kaggle.com/datasets/yanmaksi/big-startup-secsees-fail-dataset-from-crunchbase
IDEA-00176,"[DERIVED] Regalister is a real, publicly-recorded SaaS company (category tags: Apps|Information Technology|Internet|Software) headquartered in Italy.",SaaS,Apps|Information Technology|Internet|Software,Unknown - not stated in source data,Unknown - not stated in source data,Unknown - not stated in source data,Unknown - not stated in source data,Unknown - not stated in source data,Unknown - not stated in source data,Italy,Unknown - no external source,Medium (dataset-derived),"Kaggle: big-startup-secsees-fail-dataset-from-crunchbase (idea_description text is DERIVED, not sourced verbatim)",https://www.kaggle.com/datasets/yanmaksi/big-startup-secsees-fail-dataset-from-crunchbase
IDEA-00177,"[DERIVED] Nonabox is a real, publicly-recorded E-commerce company (category tags: Babies|E-Commerce|Online Shopping) headquartered in Spain.",E-commerce,Babies|E-Commerce|Online Shopping,Unknown - not stated in source data,Unknown - not stated in source data,Unknown - not stated in source data,Unknown - not stated in source data,Unknown - not stated in source data,Unknown - not stated in source data,Spain,Unknown - no external source,Medium (dataset-derived),"Kaggle: big-startup-secsees-fail-dataset-from-crunchbase + investments-crunchbase (market enrichment) (idea_description text is DERIVED, not sourced verbatim)",https://www.kaggle.com/datasets/yanmaksi/big-startup-secsees-fail-dataset-from-crunchbase
IDEA-00178,"[DERIVED] SnappyTV is a real, publicly-recorded Media & Entertainment company (category tags: Cloud Computing|Curated Web|Social Television|Television|Video) headquartered in United States.",Media & Entertainment,Cloud Computing|Curated Web|Social Television|Television|Video,Unknown - not stated in source data,Unknown - not stated in source data,Unknown - not stated in source data,Unknown - not stated in source data,Unknown - not stated in source data,Unknown - not stated in source data,United States,Unknown - no external source,High (dataset-derived),"Kaggle: big-startup-secsees-fail-dataset-from-crunchbase + investments-crunchbase (market enrichment) (idea_description text is DERIVED, not sourced verbatim)",https://www.kaggle.com/datasets/yanmaksi/big-startup-secsees-fail-dataset-from-crunchbase
IDEA-00179,"[DERIVED] Topia Technology is a real, publicly-recorded SaaS company (category tags: Mobile|Software) headquartered in United States.",SaaS,Mobile|Software,Unknown - not stated in source data,Unknown - not stated in source data,Unknown - not stated in source data,Unknown - not stated in source data,Unknown - not stated in source data,Unknown - not stated in source data,United States,Unknown - no external source,High (dataset-derived),"Kaggle: big-startup-secsees-fail-dataset-from-crunchbase (idea_description text is DERIVED, not sourced verbatim)",https://www.kaggle.com/datasets/yanmaksi/big-startup-secsees-fail-dataset-from-crunchbase
IDEA-00180,"[DERIVED] My Online Camp is a real, publicly-recorded E-commerce company (category tags: E-Commerce|Sports) headquartered in United States.",E-commerce,E-Commerce|Sports,Unknown - not stated in source data,Unknown - not stated in source data,Unknown - not stated in source data,Unknown - not stated in source data,Unknown - not stated in source data,Unknown - not stated in source data,United States,Unknown - no external source,High (dataset-derived),"Kaggle: big-startup-secsees-fail-dataset-from-crunchbase + investments-crunchbase (market enrichment) (idea_description text is DERIVED, not sourced verbatim)",https://www.kaggle.com/datasets/yanmaksi/big-startup-secsees-fail-dataset-from-crunchbase
IDEA-00181,"[DERIVED] Sevenpop is a real, publicly-recorded Media & Entertainment company (category tags: Entertainment|Music|Social Media) headquartered in an unspecified country.",Media & Entertainment,Entertainment|Music|Social Media,Unknown - not stated in source data,Unknown - not stated in source data,Unknown - not stated in source data,Unknown - not stated in source data,Unknown - not stated in source data,Unknown - not stated in source data,,Unknown - no external source,Unknown,"Kaggle: big-startup-secsees-fail-dataset-from-crunchbase + investments-crunchbase (market enrichment) (idea_description text is DERIVED, not sourced verbatim)",https://www.kaggle.com/datasets/yanmaksi/big-startup-secsees-fail-dataset-from-crunchbase
IDEA-00182,"[DERIVED] Loopback is a real, publicly-recorded SaaS company (category tags: Analytics) headquartered in United States.",SaaS,Analytics,Unknown - not stated in source data,Unknown - not stated in source data,Unknown - not stated in source data,Unknown - not stated in source data,Unknown - not stated in source data,Unknown - not stated in source data,United States,Unknown - no external source,High (dataset-derived),"Kaggle: big-startup-secsees-fail-dataset-from-crunchbase + investments-crunchbase (market enrichment) (idea_description text is DERIVED, not sourced verbatim)",https://www.kaggle.com/datasets/yanmaksi/big-startup-secsees-fail-dataset-from-crunchbase
IDEA-00183,"[DERIVED] KeyStone Compact Group Ltd is a real, publicly-recorded FinTech company (category tags: Finance Technology|FinTech) headquartered in United States.",FinTech,Finance Technology|FinTech,Unknown - not stated in source data,Unknown - not stated in source data,Unknown - not stated in source data,Unknown - not stated in source data,Unknown - not stated in source data,Unknown - not stated in source data,United States,Unknown - no external source,High (dataset-derived),"Kaggle: big-startup-secsees-fail-dataset-from-crunchbase (idea_description text is DERIVED, not sourced verbatim)",https://www.kaggle.com/datasets/yanmaksi/big-startup-secsees-fail-dataset-from-crunchbase
IDEA-00184,"[DERIVED] Camiila is a real, publicly-recorded SaaS company (category tags: Apps|Computers|Software) headquartered in an unspecified country.",SaaS,Apps|Computers|Software,Unknown - not stated in source data,Unknown - not stated in source data,Unknown - not stated in source data,Unknown - not stated in source data,Unknown - not stated in source data,Unknown - not stated in source data,,Unknown - no external source,Unknown,"Kaggle: big-startup-secsees-fail-dataset-from-crunchbase (idea_description text is DERIVED, not sourced verbatim)",https://www.kaggle.com/datasets/yanmaksi/big-startup-secsees-fail-dataset-from-crunchbase
IDEA-00185,"[DERIVED] RedPoint Global is a real, publicly-recorded MarTech company (category tags: CRM|Data Integration|Marketing Automation|Software) headquartered in United States.",MarTech,CRM|Data Integration|Marketing Automation|Software,Unknown - not stated in source data,Unknown - not stated in source data,Unknown - not stated in source data,Unknown - not stated in source data,Unknown - not stated in source data,Unknown - not stated in source data,United States,Unknown - no external source,High (dataset-derived),"Kaggle: big-startup-secsees-fail-dataset-from-crunchbase + investments-crunchbase (market enrichment) (idea_description text is DERIVED, not sourced verbatim)",https://www.kaggle.com/datasets/yanmaksi/big-startup-secsees-fail-dataset-from-crunchbase
IDEA-00186,"[DERIVED] PURSUANT HEALTH is a real, publicly-recorded HealthTech company (category tags: Health and Wellness) headquartered in United States.",HealthTech,Health and Wellness,Unknown - not stated in source data,Unknown - not stated in source data,Unknown - not stated in source data,Unknown - not stated in source data,Unknown - not stated in source data,Unknown - not stated in source data,United States,Unknown - no external source,High (dataset-derived),"Kaggle: big-startup-secsees-fail-dataset-from-crunchbase + investments-crunchbase (market enrichment) (idea_description text is DERIVED, not sourced verbatim)",https://www.kaggle.com/datasets/yanmaksi/big-startup-secsees-fail-dataset-from-crunchbase
IDEA-00187,"[DERIVED] uniRow Inc is a real, publicly-recorded MarTech company (category tags: Enterprise Software|Sales and Marketing) headquartered in United States.",MarTech,Enterprise Software|Sales and Marketing,Unknown - not stated in source data,Unknown - not stated in source data,Unknown - not stated in source data,Unknown - not stated in source data,Unknown - not stated in source data,Unknown - not stated in source data,United States,Unknown - no external source,High (dataset-derived),"Kaggle: big-startup-secsees-fail-dataset-from-crunchbase + investments-crunchbase (market enrichment) (idea_description text is DERIVED, not sourced verbatim)",https://www.kaggle.com/datasets/yanmaksi/big-startup-secsees-fail-dataset-from-crunchbase
IDEA-00188,"[DERIVED] Evolve Biosystems is a real, publicly-recorded HealthTech company (category tags: Biotechnology) headquartered in United States.",HealthTech,Biotechnology,Unknown - not stated in source data,Unknown - not stated in source data,Unknown - not stated in source data,Unknown - not stated in source data,Unknown - not stated in source data,Unknown - not stated in source data,United States,Unknown - no external source,High (dataset-derived),"Kaggle: big-startup-secsees-fail-dataset-from-crunchbase (idea_description text is DERIVED, not sourced verbatim)",https://www.kaggle.com/datasets/yanmaksi/big-startup-secsees-fail-dataset-from-crunchbase
IDEA-00189,"[DERIVED] Byju’s is a real, publicly-recorded EdTech company (category tags: EdTech) headquartered in India.",EdTech,EdTech,Unknown - not stated in source data,Unknown - not stated in source data,Unknown - not stated in source data,Unknown - not stated in source data,Unknown - not stated in source data,Unknown - not stated in source data,India,Unknown - no external source,Medium (dataset-derived),"User-supplied: Startups & Funding Dataset 2024-2025 (idea_description text is DERIVED, not sourced verbatim)",https://www.kaggle.com/datasets/sufya6/startups-and-funding-dataset-20242025
IDEA-00190,"[DERIVED] TripHobo is a real, publicly-recorded TravelTech company (category tags: E-Commerce|Online Travel|Social Media|Travel & Tourism) headquartered in an unspecified country.",TravelTech,E-Commerce|Online Travel|Social Media|Travel & Tourism,Unknown - not stated in source data,Unknown - not stated in source data,Unknown - not stated in source data,Unknown - not stated in source data,Unknown - not stated in source data,Unknown - not stated in source data,,Unknown - no external source,Unknown,"Kaggle: big-startup-secsees-fail-dataset-from-crunchbase + investments-crunchbase (market enrichment) (idea_description text is DERIVED, not sourced verbatim)",https://www.kaggle.com/datasets/yanmaksi/big-startup-secsees-fail-dataset-from-crunchbase
IDEA-00191,"[DERIVED] Intrinsic Therapeutics is a real, publicly-recorded HealthTech company (category tags: Health Care) headquartered in United States.",HealthTech,Health Care,Unknown - not stated in source data,Unknown - not stated in source data,Unknown - not stated in source data,Unknown - not stated in source data,Unknown - not stated in source data,Unknown - not stated in source data,United States,Unknown - no external source,High (dataset-derived),"Kaggle: big-startup-secsees-fail-dataset-from-crunchbase + investments-crunchbase (market enrichment) (idea_description text is DERIVED, not sourced verbatim)",https://www.kaggle.com/datasets/yanmaksi/big-startup-secsees-fail-dataset-from-crunchbase
IDEA-00192,"[DERIVED] doxo is a real, publicly-recorded Cybersecurity company (category tags: Data Security|E-Commerce|Internet) headquartered in United States.",Cybersecurity,Data Security|E-Commerce|Internet,Unknown - not stated in source data,Unknown - not stated in source data,Unknown - not stated in source data,Unknown - not stated in source data,Unknown - not stated in source data,Unknown - not stated in source data,United States,Unknown - no external source,High (dataset-derived),"Kaggle: big-startup-secsees-fail-dataset-from-crunchbase + investments-crunchbase (market enrichment) (idea_description text is DERIVED, not sourced verbatim)",https://www.kaggle.com/datasets/yanmaksi/big-startup-secsees-fail-dataset-from-crunchbase
IDEA-00193,"[DERIVED] WorkCompass is a real, publicly-recorded HRTech company (category tags: |Reviews and Recommendations|Human Resources|Enterprise Software|Enterprises|SaaS|Career Management|Software|) headquartered in Ireland.",HRTech,|Reviews and Recommendations|Human Resources|Enterprise Software|Enterprises|SaaS|Career Management|Software|,Unknown - not stated in source data,Unknown - not stated in source data,Unknown - not stated in source data,Unknown - not stated in source data,Unknown - not stated in source data,Unknown - not stated in source data,Ireland,Unknown - no external source,Low (dataset-derived),"Kaggle: startup-investments-crunchbase (unique to this source) (idea_description text is DERIVED, not sourced verbatim)",https://www.kaggle.com/datasets/arindam235/startup-investments-crunchbase
IDEA-00194,"[DERIVED] CS Disco is a real, publicly-recorded SaaS company (category tags: Software) headquartered in United States.",SaaS,Software,Unknown - not stated in source data,Unknown - not stated in source data,Unknown - not stated in source data,Unknown - not stated in source data,Unknown - not stated in source data,Unknown - not stated in source data,United States,Unknown - no external source,High (dataset-derived),"Kaggle: big-startup-secsees-fail-dataset-from-crunchbase + investments-crunchbase (market enrichment) (idea_description text is DERIVED, not sourced verbatim)",https://www.kaggle.com/datasets/yanmaksi/big-startup-secsees-fail-dataset-from-crunchbase
IDEA-00195,"[DERIVED] Advanced Liquid Logic is a real, publicly-recorded DeepTech company (category tags: Hardware + Software) headquartered in United States.",DeepTech,Hardware + Software,Unknown - not stated in source data,Unknown - not stated in source data,Unknown - not stated in source data,Unknown - not stated in source data,Unknown - not stated in source data,Unknown - not stated in source data,United States,Unknown - no external source,High (dataset-derived),"Kaggle: big-startup-secsees-fail-dataset-from-crunchbase + investments-crunchbase (market enrichment) (idea_description text is DERIVED, not sourced verbatim)",https://www.kaggle.com/datasets/yanmaksi/big-startup-secsees-fail-dataset-from-crunchbase
IDEA-00196,"[DERIVED] OWL PERCEPTION is a real, publicly-recorded Media & Entertainment company (category tags: Media) headquartered in France.",Media & Entertainment,Media,Unknown - not stated in source data,Unknown - not stated in source data,Unknown - not stated in source data,Unknown - not stated in source data,Unknown - not stated in source data,Unknown - not stated in source data,France,Unknown - no external source,Medium (dataset-derived),"Kaggle: big-startup-secsees-fail-dataset-from-crunchbase (idea_description text is DERIVED, not sourced verbatim)",https://www.kaggle.com/datasets/yanmaksi/big-startup-secsees-fail-dataset-from-crunchbase
IDEA-00197,"[DERIVED] Qikwell Technologies is a real, publicly-recorded HealthTech company (category tags: Health and Wellness|Health Care Information Technology|Mobile Health|Telephony) headquartered in India.",HealthTech,Health and Wellness|Health Care Information Technology|Mobile Health|Telephony,Unknown - not stated in source data,Unknown - not stated in source data,Unknown - not stated in source data,Unknown - not stated in source data,Unknown - not stated in source data,Unknown - not stated in source data,India,Unknown - no external source,Medium (dataset-derived),"Kaggle: big-startup-secsees-fail-dataset-from-crunchbase + investments-crunchbase (market enrichment) (idea_description text is DERIVED, not sourced verbatim)",https://www.kaggle.com/datasets/yanmaksi/big-startup-secsees-fail-dataset-from-crunchbase
IDEA-00198,"[DERIVED] AptaCam is a real, publicly-recorded HealthTech company (category tags: Biotechnology|Clinical Trials|Life Sciences) headquartered in United Kingdom.",HealthTech,Biotechnology|Clinical Trials|Life Sciences,Unknown - not stated in source data,Unknown - not stated in source data,Unknown - not stated in source data,Unknown - not stated in source data,Unknown - not stated in source data,Unknown - not stated in source data,United Kingdom,Unknown - no external source,High (dataset-derived),"Kaggle: big-startup-secsees-fail-dataset-from-crunchbase (idea_description text is DERIVED, not sourced verbatim)",https://www.kaggle.com/datasets/yanmaksi/big-startup-secsees-fail-dataset-from-crunchbase
IDEA-00199,"[DERIVED] GT Advanced Technologies is a real, publicly-recorded CleanTech company (category tags: Clean Technology|Technology) headquartered in United States.",CleanTech,Clean Technology|Technology,Unknown - not stated in source data,Unknown - not stated in source data,Unknown - not stated in source data,Unknown - not stated in source data,Unknown - not stated in source data,Unknown - not stated in source data,United States,Unknown - no external source,High (dataset-derived),"Kaggle: big-startup-secsees-fail-dataset-from-crunchbase + investments-crunchbase (market enrichment) (idea_description text is DERIVED, not sourced verbatim)",https://www.kaggle.com/datasets/yanmaksi/big-startup-secsees-fail-dataset-from-crunchbase
IDEA-00200,"[DERIVED] Pongr is a real, publicly-recorded MarTech company (category tags: App Marketing|Augmented Reality|Computer Vision|Image Recognition|Software|Visual Search) headquartered in United States.",MarTech,App Marketing|Augmented Reality|Computer Vision|Image Recognition|Software|Visual Search,Unknown - not stated in source data,Unknown - not stated in source data,Unknown - not stated in source data,Unknown - not stated in source data,Unknown - not stated in source data,Unknown - not stated in source data,United States,Unknown - no external source,High (dataset-derived),"Kaggle: big-startup-secsees-fail-dataset-from-crunchbase + investments-crunchbase (market enrichment) (idea_description text is DERIVED, not sourced verbatim)",https://www.kaggle.com/datasets/yanmaksi/big-startup-secsees-fail-dataset-from-crunchbase
IDEA-00201,"[DERIVED] Citilog is a real, publicly-recorded DeepTech company (category tags: Hardware + Software) headquartered in France.",DeepTech,Hardware + Software,Unknown - not stated in source data,Unknown - not stated in source data,Unknown - not stated in source data,Unknown - not stated in source data,Unknown - not stated in source data,Unknown - not stated in source data,France,Unknown - no external source,Medium (dataset-derived),"Kaggle: big-startup-secsees-fail-dataset-from-crunchbase + investments-crunchbase (market enrichment) (idea_description text is DERIVED, not sourced verbatim)",https://www.kaggle.com/datasets/yanmaksi/big-startup-secsees-fail-dataset-from-crunchbase
IDEA-00202,"[DERIVED] 7 Billion People is a real, publicly-recorded E-commerce company (category tags: Analytics|E-Commerce|Software) headquartered in United States.",E-commerce,Analytics|E-Commerce|Software,Unknown - not stated in source data,Unknown - not stated in source data,Unknown - not stated in source data,Unknown - not stated in source data,Unknown - not stated in source data,Unknown - not stated in source data,United States,Unknown - no external source,High (dataset-derived),"Kaggle: big-startup-secsees-fail-dataset-from-crunchbase + investments-crunchbase (market enrichment) (idea_description text is DERIVED, not sourced verbatim)",https://www.kaggle.com/datasets/yanmaksi/big-startup-secsees-fail-dataset-from-crunchbase
IDEA-00203,"[DERIVED] Mind The Place is a real, publicly-recorded Media & Entertainment company (category tags: Big Data|Fashion|Social Media) headquartered in Italy.",Media & Entertainment,Big Data|Fashion|Social Media,Unknown - not stated in source data,Unknown - not stated in source data,Unknown - not stated in source data,Unknown - not stated in source data,Unknown - not stated in source data,Unknown - not stated in source data,Italy,Unknown - no external source,Medium (dataset-derived),"Kaggle: big-startup-secsees-fail-dataset-from-crunchbase (idea_description text is DERIVED, not sourced verbatim)",https://www.kaggle.com/datasets/yanmaksi/big-startup-secsees-fail-dataset-from-crunchbase
IDEA-00204,"[DERIVED] Hemera Biosciences is a real, publicly-recorded HealthTech company (category tags: Biotechnology) headquartered in United States.",HealthTech,Biotechnology,Unknown - not stated in source data,Unknown - not stated in source data,Unknown - not stated in source data,Unknown - not stated in source data,Unknown - not stated in source data,Unknown - not stated in source data,United States,Unknown - no external source,High (dataset-derived),"Kaggle: big-startup-secsees-fail-dataset-from-crunchbase + investments-crunchbase (market enrichment) (idea_description text is DERIVED, not sourced verbatim)",https://www.kaggle.com/datasets/yanmaksi/big-startup-secsees-fail-dataset-from-crunchbase
IDEA-00205,"[DERIVED] Urban Metrics is a real, publicly-recorded Media & Entertainment company (category tags: Curated Web|Ediscovery|Entertainment|Local|Social Media) headquartered in United States.",Media & Entertainment,Curated Web|Ediscovery|Entertainment|Local|Social Media,Unknown - not stated in source data,Unknown - not stated in source data,Unknown - not stated in source data,Unknown - not stated in source data,Unknown - not stated in source data,Unknown - not stated in source data,United States,Unknown - no external source,High (dataset-derived),"Kaggle: big-startup-secsees-fail-dataset-from-crunchbase + investments-crunchbase (market enrichment) (idea_description text is DERIVED, not sourced verbatim)",https://www.kaggle.com/datasets/yanmaksi/big-startup-secsees-fail-dataset-from-crunchbase
IDEA-00206,"[DERIVED] Birch Communications is a real, publicly-recorded DeepTech company (category tags: Business Services|Cloud Computing|Communications Hardware|Customer Service|Messaging|Mobile|Telecommunications|Telephony|VoIP|Web Hosting) headquartered in an unspecified country.",DeepTech,Business Services|Cloud Computing|Communications Hardware|Customer Service|Messaging|Mobile|Telecommunications|Telephony|VoIP|Web Hosting,Unknown - not stated in source data,Unknown - not stated in source data,Unknown - not stated in source data,Unknown - not stated in source data,Unknown - not stated in source data,Unknown - not stated in source data,,Unknown - no external source,Unknown,"Kaggle: big-startup-secsees-fail-dataset-from-crunchbase + investments-crunchbase (market enrichment) (idea_description text is DERIVED, not sourced verbatim)",https://www.kaggle.com/datasets/yanmaksi/big-startup-secsees-fail-dataset-from-crunchbase
IDEA-00207,"[DERIVED] Solfex is a real, publicly-recorded ClimateTech company (category tags: Distributors|Renewable Energies|Solar) headquartered in an unspecified country.",ClimateTech,Distributors|Renewable Energies|Solar,Unknown - not stated in source data,Unknown - not stated in source data,Unknown - not stated in source data,Unknown - not stated in source data,Unknown - not stated in source data,Unknown - not stated in source data,,Unknown - no external source,Unknown,"Kaggle: big-startup-secsees-fail-dataset-from-crunchbase (idea_description text is DERIVED, not sourced verbatim)",https://www.kaggle.com/datasets/yanmaksi/big-startup-secsees-fail-dataset-from-crunchbase
IDEA-00208,"[DERIVED] Oddcast is a real, publicly-recorded MarTech company (category tags: Advertising) headquartered in United States.",MarTech,Advertising,Unknown - not stated in source data,Unknown - not stated in source data,Unknown - not stated in source data,Unknown - not stated in source data,Unknown - not stated in source data,Unknown - not stated in source data,United States,Unknown - no external source,High (dataset-derived),"Kaggle: big-startup-secsees-fail-dataset-from-crunchbase + investments-crunchbase (market enrichment) (idea_description text is DERIVED, not sourced verbatim)",https://www.kaggle.com/datasets/yanmaksi/big-startup-secsees-fail-dataset-from-crunchbase
IDEA-00209,"[DERIVED] Skupit.com is a real, publicly-recorded PropTech company (category tags: Commercial Real Estate|Property Management|Real Estate|Service Providers) headquartered in an unspecified country.",PropTech,Commercial Real Estate|Property Management|Real Estate|Service Providers,Unknown - not stated in source data,Unknown - not stated in source data,Unknown - not stated in source data,Unknown - not stated in source data,Unknown - not stated in source data,Unknown - not stated in source data,,Unknown - no external source,Unknown,"Kaggle: big-startup-secsees-fail-dataset-from-crunchbase (idea_description text is DERIVED, not sourced verbatim)",https://www.kaggle.com/datasets/yanmaksi/big-startup-secsees-fail-dataset-from-crunchbase
IDEA-00210,"[DERIVED] Moku is a real, publicly-recorded EdTech company (category tags: B2B|Colleges|Curated Web|Education|SaaS|Sales and Marketing|Universities) headquartered in Italy.",EdTech,B2B|Colleges|Curated Web|Education|SaaS|Sales and Marketing|Universities,Unknown - not stated in source data,Unknown - not stated in source data,Unknown - not stated in source data,Unknown - not stated in source data,Unknown - not stated in source data,Unknown - not stated in source data,Italy,Unknown - no external source,Low (dataset-derived),"Kaggle: big-startup-secsees-fail-dataset-from-crunchbase + investments-crunchbase (market enrichment) (idea_description text is DERIVED, not sourced verbatim)",https://www.kaggle.com/datasets/yanmaksi/big-startup-secsees-fail-dataset-from-crunchbase
IDEA-00211,"[DERIVED] SPO Medical is a real, publicly-recorded HealthTech company (category tags: Biotechnology|Medical Devices) headquartered in Israel.",HealthTech,Biotechnology|Medical Devices,Unknown - not stated in source data,Unknown - not stated in source data,Unknown - not stated in source data,Unknown - not stated in source data,Unknown - not stated in source data,Unknown - not stated in source data,Israel,Unknown - no external source,Medium (dataset-derived),"Kaggle: big-startup-secsees-fail-dataset-from-crunchbase + investments-crunchbase (market enrichment) (idea_description text is DERIVED, not sourced verbatim)",https://www.kaggle.com/datasets/yanmaksi/big-startup-secsees-fail-dataset-from-crunchbase
IDEA-00212,"[DERIVED] Nolio is a real, publicly-recorded SaaS company (category tags: Software) headquartered in Israel.",SaaS,Software,Unknown - not stated in source data,Unknown - not stated in source data,Unknown - not stated in source data,Unknown - not stated in source data,Unknown - not stated in source data,Unknown - not stated in source data,Israel,Unknown - no external source,Medium (dataset-derived),"Kaggle: big-startup-secsees-fail-dataset-from-crunchbase + investments-crunchbase (market enrichment) (idea_description text is DERIVED, not sourced verbatim)",https://www.kaggle.com/datasets/yanmaksi/big-startup-secsees-fail-dataset-from-crunchbase
IDEA-00213,"[DERIVED] Edit Suits Co. is a real, publicly-recorded E-commerce company (category tags: E-Commerce|Mens Specific|Online Shopping) headquartered in United Kingdom.",E-commerce,E-Commerce|Mens Specific|Online Shopping,Unknown - not stated in source data,Unknown - not stated in source data,Unknown - not stated in source data,Unknown - not stated in source data,Unknown - not stated in source data,Unknown - not stated in source data,United Kingdom,Unknown - no external source,High (dataset-derived),"Kaggle: big-startup-secsees-fail-dataset-from-crunchbase (idea_description text is DERIVED, not sourced verbatim)",https://www.kaggle.com/datasets/yanmaksi/big-startup-secsees-fail-dataset-from-crunchbase
IDEA-00214,"[DERIVED] TokenEx is a real, publicly-recorded FinTech company (category tags: Cyber Security|Payments|Security) headquartered in United States.",FinTech,Cyber Security|Payments|Security,Unknown - not stated in source data,Unknown - not stated in source data,Unknown - not stated in source data,Unknown - not stated in source data,Unknown - not stated in source data,Unknown - not stated in source data,United States,Unknown - no external source,High (dataset-derived),"Kaggle: big-startup-secsees-fail-dataset-from-crunchbase (idea_description text is DERIVED, not sourced verbatim)",https://www.kaggle.com/datasets/yanmaksi/big-startup-secsees-fail-dataset-from-crunchbase
IDEA-00215,"[DERIVED] Machinio is a real, publicly-recorded AgriTech company (category tags: Agriculture|B2B|Construction|E-Commerce) headquartered in United States.",AgriTech,Agriculture|B2B|Construction|E-Commerce,Unknown - not stated in source data,Unknown - not stated in source data,Unknown - not stated in source data,Unknown - not stated in source data,Unknown - not stated in source data,Unknown - not stated in source data,United States,Unknown - no external source,Medium (dataset-derived),"Kaggle: big-startup-secsees-fail-dataset-from-crunchbase + investments-crunchbase (market enrichment) (idea_description text is DERIVED, not sourced verbatim)",https://www.kaggle.com/datasets/yanmaksi/big-startup-secsees-fail-dataset-from-crunchbase
IDEA-00216,"[DERIVED] Insyde Software is a real, publicly-recorded SaaS company (category tags: Software) headquartered in Taiwan.",SaaS,Software,Unknown - not stated in source data,Unknown - not stated in source data,Unknown - not stated in source data,Unknown - not stated in source data,Unknown - not stated in source data,Unknown - not stated in source data,Taiwan,Unknown - no external source,Low (dataset-derived),"Kaggle: big-startup-secsees-fail-dataset-from-crunchbase + investments-crunchbase (market enrichment) (idea_description text is DERIVED, not sourced verbatim)",https://www.kaggle.com/datasets/yanmaksi/big-startup-secsees-fail-dataset-from-crunchbase
IDEA-00217,"[DERIVED] iCopyright is a real, publicly-recorded MarTech company (category tags: Advertising) headquartered in United States.",MarTech,Advertising,Unknown - not stated in source data,Unknown - not stated in source data,Unknown - not stated in source data,Unknown - not stated in source data,Unknown - not stated in source data,Unknown - not stated in source data,United States,Unknown - no external source,High (dataset-derived),"Kaggle: big-startup-secsees-fail-dataset-from-crunchbase + investments-crunchbase (market enrichment) (idea_description text is DERIVED, not sourced verbatim)",https://www.kaggle.com/datasets/yanmaksi/big-startup-secsees-fail-dataset-from-crunchbase
IDEA-00218,"[DERIVED] GetHired.com is a real, publicly-recorded HRTech company (category tags: Career Management|Curated Web|Employment|Human Resources|Search) headquartered in United States.",HRTech,Career Management|Curated Web|Employment|Human Resources|Search,Unknown - not stated in source data,Unknown - not stated in source data,Unknown - not stated in source data,Unknown - not stated in source data,Unknown - not stated in source data,Unknown - not stated in source data,United States,Unknown - no external source,High (dataset-derived),"Kaggle: big-startup-secsees-fail-dataset-from-crunchbase + investments-crunchbase (market enrichment) (idea_description text is DERIVED, not sourced verbatim)",https://www.kaggle.com/datasets/yanmaksi/big-startup-secsees-fail-dataset-from-crunchbase
IDEA-00219,"[DERIVED] Encompass Office Solutions is a real, publicly-recorded HealthTech company (category tags: Health and Wellness) headquartered in United States.",HealthTech,Health and Wellness,Unknown - not stated in source data,Unknown - not stated in source data,Unknown - not stated in source data,Unknown - not stated in source data,Unknown - not stated in source data,Unknown - not stated in source data,United States,Unknown - no external source,High (dataset-derived),"Kaggle: big-startup-secsees-fail-dataset-from-crunchbase + investments-crunchbase (market enrichment) (idea_description text is DERIVED, not sourced verbatim)",https://www.kaggle.com/datasets/yanmaksi/big-startup-secsees-fail-dataset-from-crunchbase
IDEA-00220,"[DERIVED] RQx Pharmaceuticals is a real, publicly-recorded HealthTech company (category tags: Biotechnology) headquartered in United States.",HealthTech,Biotechnology,Unknown - not stated in source data,Unknown - not stated in source data,Unknown - not stated in source data,Unknown - not stated in source data,Unknown - not stated in source data,Unknown - not stated in source data,United States,Unknown - no external source,High (dataset-derived),"Kaggle: big-startup-secsees-fail-dataset-from-crunchbase + investments-crunchbase (market enrichment) (idea_description text is DERIVED, not sourced verbatim)",https://www.kaggle.com/datasets/yanmaksi/big-startup-secsees-fail-dataset-from-crunchbase
IDEA-00221,"[DERIVED] VentiRx Pharmaceuticals is a real, publicly-recorded HealthTech company (category tags: Biotechnology|Health Care|Pharmaceuticals) headquartered in United States.",HealthTech,Biotechnology|Health Care|Pharmaceuticals,Unknown - not stated in source data,Unknown - not stated in source data,Unknown - not stated in source data,Unknown - not stated in source data,Unknown - not stated in source data,Unknown - not stated in source data,United States,Unknown - no external source,High (dataset-derived),"Kaggle: big-startup-secsees-fail-dataset-from-crunchbase + investments-crunchbase (market enrichment) (idea_description text is DERIVED, not sourced verbatim)",https://www.kaggle.com/datasets/yanmaksi/big-startup-secsees-fail-dataset-from-crunchbase
IDEA-00222,"[DERIVED] Q-Bot is a real, publicly-recorded SaaS company (category tags: Software) headquartered in United Kingdom.",SaaS,Software,Unknown - not stated in source data,Unknown - not stated in source data,Unknown - not stated in source data,Unknown - not stated in source data,Unknown - not stated in source data,Unknown - not stated in source data,United Kingdom,Unknown - no external source,High (dataset-derived),"Kaggle: big-startup-secsees-fail-dataset-from-crunchbase + investments-crunchbase (market enrichment) (idea_description text is DERIVED, not sourced verbatim)",https://www.kaggle.com/datasets/yanmaksi/big-startup-secsees-fail-dataset-from-crunchbase
IDEA-00223,"[DERIVED] NEOS GeoSolutions is a real, publicly-recorded AI / Machine Learning company (category tags: 3D Technology|Energy|Natural Resources|Oil|Predictive Analytics) headquartered in United States.",AI / Machine Learning,3D Technology|Energy|Natural Resources|Oil|Predictive Analytics,Unknown - not stated in source data,Unknown - not stated in source data,Unknown - not stated in source data,Unknown - not stated in source data,Unknown - not stated in source data,Unknown - not stated in source data,United States,Unknown - no external source,High (dataset-derived),"Kaggle: big-startup-secsees-fail-dataset-from-crunchbase + investments-crunchbase (market enrichment) (idea_description text is DERIVED, not sourced verbatim)",https://www.kaggle.com/datasets/yanmaksi/big-startup-secsees-fail-dataset-from-crunchbase
IDEA-00224,"[DERIVED] authorGEN is a real, publicly-recorded EdTech company (category tags: EdTech|Education|Presentations|Software) headquartered in United States.",EdTech,EdTech|Education|Presentations|Software,Unknown - not stated in source data,Unknown - not stated in source data,Unknown - not stated in source data,Unknown - not stated in source data,Unknown - not stated in source data,Unknown - not stated in source data,United States,Unknown - no external source,High (dataset-derived),"Kaggle: big-startup-secsees-fail-dataset-from-crunchbase + investments-crunchbase (market enrichment) (idea_description text is DERIVED, not sourced verbatim)",https://www.kaggle.com/datasets/yanmaksi/big-startup-secsees-fail-dataset-from-crunchbase
IDEA-00225,"[DERIVED] Black Drumm is a real, publicly-recorded TravelTech company (category tags: Events|Facebook Applications|Social Media|Travel) headquartered in United States.",TravelTech,Events|Facebook Applications|Social Media|Travel,Unknown - not stated in source data,Unknown - not stated in source data,Unknown - not stated in source data,Unknown - not stated in source data,Unknown - not stated in source data,Unknown - not stated in source data,United States,Unknown - no external source,High (dataset-derived),"Kaggle: big-startup-secsees-fail-dataset-from-crunchbase + investments-crunchbase (market enrichment) (idea_description text is DERIVED, not sourced verbatim)",https://www.kaggle.com/datasets/yanmaksi/big-startup-secsees-fail-dataset-from-crunchbase
IDEA-00226,"[DERIVED] efabless corporation is a real, publicly-recorded DeepTech company (category tags: Communities|Crowdsourcing|Electronics|Internet of Things|Open Source|Semiconductors) headquartered in United States.",DeepTech,Communities|Crowdsourcing|Electronics|Internet of Things|Open Source|Semiconductors,Unknown - not stated in source data,Unknown - not stated in source data,Unknown - not stated in source data,Unknown - not stated in source data,Unknown - not stated in source data,Unknown - not stated in source data,United States,Unknown - no external source,High (dataset-derived),"Kaggle: big-startup-secsees-fail-dataset-from-crunchbase + investments-crunchbase (market enrichment) (idea_description text is DERIVED, not sourced verbatim)",https://www.kaggle.com/datasets/yanmaksi/big-startup-secsees-fail-dataset-from-crunchbase
IDEA-00227,"[DERIVED] HarQen is a real, publicly-recorded HRTech company (category tags: Audio|Big Data|Collaboration|Enterprise Software|Human Resources) headquartered in United States.",HRTech,Audio|Big Data|Collaboration|Enterprise Software|Human Resources,Unknown - not stated in source data,Unknown - not stated in source data,Unknown - not stated in source data,Unknown - not stated in source data,Unknown - not stated in source data,Unknown - not stated in source data,United States,Unknown - no external source,High (dataset-derived),"Kaggle: big-startup-secsees-fail-dataset-from-crunchbase + investments-crunchbase (market enrichment) (idea_description text is DERIVED, not sourced verbatim)",https://www.kaggle.com/datasets/yanmaksi/big-startup-secsees-fail-dataset-from-crunchbase
IDEA-00228,"[DERIVED] Savvy.is is a real, publicly-recorded EdTech company (category tags: Education|Marketplaces|Micro-Enterprises|Peer-to-Peer) headquartered in an unspecified country.",EdTech,Education|Marketplaces|Micro-Enterprises|Peer-to-Peer,Unknown - not stated in source data,Unknown - not stated in source data,Unknown - not stated in source data,Unknown - not stated in source data,Unknown - not stated in source data,Unknown - not stated in source data,,Unknown - no external source,Unknown,"Kaggle: big-startup-secsees-fail-dataset-from-crunchbase (idea_description text is DERIVED, not sourced verbatim)",https://www.kaggle.com/datasets/yanmaksi/big-startup-secsees-fail-dataset-from-crunchbase
IDEA-00229,"[DERIVED] LX Enterprises is a real, publicly-recorded E-commerce company (category tags: E-Commerce) headquartered in United States.",E-commerce,E-Commerce,Unknown - not stated in source data,Unknown - not stated in source data,Unknown - not stated in source data,Unknown - not stated in source data,Unknown - not stated in source data,Unknown - not stated in source data,United States,Unknown - no external source,High (dataset-derived),"Kaggle: big-startup-secsees-fail-dataset-from-crunchbase + investments-crunchbase (market enrichment) (idea_description text is DERIVED, not sourced verbatim)",https://www.kaggle.com/datasets/yanmaksi/big-startup-secsees-fail-dataset-from-crunchbase
IDEA-00230,"[DERIVED] Cordys is a real, publicly-recorded SaaS company (category tags: Business Development|Data Integration|PaaS|SaaS|Software) headquartered in Netherlands.",SaaS,Business Development|Data Integration|PaaS|SaaS|Software,Unknown - not stated in source data,Unknown - not stated in source data,Unknown - not stated in source data,Unknown - not stated in source data,Unknown - not stated in source data,Unknown - not stated in source data,Netherlands,Unknown - no external source,Medium (dataset-derived),"Kaggle: big-startup-secsees-fail-dataset-from-crunchbase (idea_description text is DERIVED, not sourced verbatim)",https://www.kaggle.com/datasets/yanmaksi/big-startup-secsees-fail-dataset-from-crunchbase
IDEA-00231,"[DERIVED] Near.in is a real, publicly-recorded E-commerce company (category tags: Consumer Internet|Marketplaces) headquartered in India.",E-commerce,Consumer Internet|Marketplaces,Unknown - not stated in source data,Unknown - not stated in source data,Unknown - not stated in source data,Unknown - not stated in source data,Unknown - not stated in source data,Unknown - not stated in source data,India,Unknown - no external source,Medium (dataset-derived),"Kaggle: big-startup-secsees-fail-dataset-from-crunchbase (idea_description text is DERIVED, not sourced verbatim)",https://www.kaggle.com/datasets/yanmaksi/big-startup-secsees-fail-dataset-from-crunchbase
IDEA-00232,"[DERIVED] Eco-Source Technologies is a real, publicly-recorded CleanTech company (category tags: Clean Technology) headquartered in United States.",CleanTech,Clean Technology,Unknown - not stated in source data,Unknown - not stated in source data,Unknown - not stated in source data,Unknown - not stated in source data,Unknown - not stated in source data,Unknown - not stated in source data,United States,Unknown - no external source,High (dataset-derived),"Kaggle: big-startup-secsees-fail-dataset-from-crunchbase + investments-crunchbase (market enrichment) (idea_description text is DERIVED, not sourced verbatim)",https://www.kaggle.com/datasets/yanmaksi/big-startup-secsees-fail-dataset-from-crunchbase
IDEA-00233,"[DERIVED] Energy Points is a real, publicly-recorded CleanTech company (category tags: Clean Technology) headquartered in United States.",CleanTech,Clean Technology,Unknown - not stated in source data,Unknown - not stated in source data,Unknown - not stated in source data,Unknown - not stated in source data,Unknown - not stated in source data,Unknown - not stated in source data,United States,Unknown - no external source,High (dataset-derived),"Kaggle: big-startup-secsees-fail-dataset-from-crunchbase + investments-crunchbase (market enrichment) (idea_description text is DERIVED, not sourced verbatim)",https://www.kaggle.com/datasets/yanmaksi/big-startup-secsees-fail-dataset-from-crunchbase
IDEA-00234,"[DERIVED] raksul is a real, publicly-recorded E-commerce company (category tags: E-Commerce|Printing) headquartered in Japan.",E-commerce,E-Commerce|Printing,Unknown - not stated in source data,Unknown - not stated in source data,Unknown - not stated in source data,Unknown - not stated in source data,Unknown - not stated in source data,Unknown - not stated in source data,Japan,Unknown - no external source,Medium (dataset-derived),"Kaggle: big-startup-secsees-fail-dataset-from-crunchbase + investments-crunchbase (market enrichment) (idea_description text is DERIVED, not sourced verbatim)",https://www.kaggle.com/datasets/yanmaksi/big-startup-secsees-fail-dataset-from-crunchbase
IDEA-00235,"[DERIVED] Intacct is a real, publicly-recorded FinTech company (category tags: Accounting|Cloud Computing|Enterprise Software|Finance|SaaS|Software) headquartered in United States.",FinTech,Accounting|Cloud Computing|Enterprise Software|Finance|SaaS|Software,Unknown - not stated in source data,Unknown - not stated in source data,Unknown - not stated in source data,Unknown - not stated in source data,Unknown - not stated in source data,Unknown - not stated in source data,United States,Unknown - no external source,High (dataset-derived),"Kaggle: big-startup-secsees-fail-dataset-from-crunchbase + investments-crunchbase (market enrichment) (idea_description text is DERIVED, not sourced verbatim)",https://www.kaggle.com/datasets/yanmaksi/big-startup-secsees-fail-dataset-from-crunchbase
IDEA-00236,"[DERIVED] TrillTip is a real, publicly-recorded TravelTech company (category tags: Travel) headquartered in Italy.",TravelTech,Travel,Unknown - not stated in source data,Unknown - not stated in source data,Unknown - not stated in source data,Unknown - not stated in source data,Unknown - not stated in source data,Unknown - not stated in source data,Italy,Unknown - no external source,Medium (dataset-derived),"Kaggle: big-startup-secsees-fail-dataset-from-crunchbase + investments-crunchbase (market enrichment) (idea_description text is DERIVED, not sourced verbatim)",https://www.kaggle.com/datasets/yanmaksi/big-startup-secsees-fail-dataset-from-crunchbase
IDEA-00237,"[DERIVED] Interviewstreet is a real, publicly-recorded SaaS company (category tags: Curated Web) headquartered in United States.",SaaS,Curated Web,Unknown - not stated in source data,Unknown - not stated in source data,Unknown - not stated in source data,Unknown - not stated in source data,Unknown - not stated in source data,Unknown - not stated in source data,United States,Unknown - no external source,High (dataset-derived),"Kaggle: big-startup-secsees-fail-dataset-from-crunchbase + investments-crunchbase (market enrichment) (idea_description text is DERIVED, not sourced verbatim)",https://www.kaggle.com/datasets/yanmaksi/big-startup-secsees-fail-dataset-from-crunchbase
IDEA-00238,"[DERIVED] Fairphone is a real, publicly-recorded DeepTech company (category tags: Hardware + Software) headquartered in Netherlands.",DeepTech,Hardware + Software,Unknown - not stated in source data,Unknown - not stated in source data,Unknown - not stated in source data,Unknown - not stated in source data,Unknown - not stated in source data,Unknown - not stated in source data,Netherlands,Unknown - no external source,Low (dataset-derived),"Kaggle: big-startup-secsees-fail-dataset-from-crunchbase + investments-crunchbase (market enrichment) (idea_description text is DERIVED, not sourced verbatim)",https://www.kaggle.com/datasets/yanmaksi/big-startup-secsees-fail-dataset-from-crunchbase
IDEA-00239,"[DERIVED] VistaBee is a real, publicly-recorded PropTech company (category tags: |Automotive|Video Editing|Digital Media|Entertainment|Video Streaming|Video|Real Estate|) headquartered in United Kingdom.",PropTech,|Automotive|Video Editing|Digital Media|Entertainment|Video Streaming|Video|Real Estate|,Unknown - not stated in source data,Unknown - not stated in source data,Unknown - not stated in source data,Unknown - not stated in source data,Unknown - not stated in source data,Unknown - not stated in source data,United Kingdom,Unknown - no external source,Medium (dataset-derived),"Kaggle: startup-investments-crunchbase (unique to this source) (idea_description text is DERIVED, not sourced verbatim)",https://www.kaggle.com/datasets/arindam235/startup-investments-crunchbase
IDEA-00240,"[DERIVED] Thrillist Media Group is a real, publicly-recorded TravelTech company (category tags: Fashion|Lifestyle|News|Technology|Travel) headquartered in United States.",TravelTech,Fashion|Lifestyle|News|Technology|Travel,Unknown - not stated in source data,Unknown - not stated in source data,Unknown - not stated in source data,Unknown - not stated in source data,Unknown - not stated in source data,Unknown - not stated in source data,United States,Unknown - no external source,High (dataset-derived),"Kaggle: big-startup-secsees-fail-dataset-from-crunchbase + investments-crunchbase (market enrichment) (idea_description text is DERIVED, not sourced verbatim)",https://www.kaggle.com/datasets/yanmaksi/big-startup-secsees-fail-dataset-from-crunchbase
IDEA-00241,"[DERIVED] Ambrx is a real, publicly-recorded HealthTech company (category tags: Biotechnology) headquartered in United States.",HealthTech,Biotechnology,Unknown - not stated in source data,Unknown - not stated in source data,Unknown - not stated in source data,Unknown - not stated in source data,Unknown - not stated in source data,Unknown - not stated in source data,United States,Unknown - no external source,High (dataset-derived),"Kaggle: big-startup-secsees-fail-dataset-from-crunchbase + investments-crunchbase (market enrichment) (idea_description text is DERIVED, not sourced verbatim)",https://www.kaggle.com/datasets/yanmaksi/big-startup-secsees-fail-dataset-from-crunchbase
IDEA-00242,"[DERIVED] Citra Style is a real, publicly-recorded E-commerce company (category tags: Design|E-Commerce) headquartered in United Arab Emirates.",E-commerce,Design|E-Commerce,Unknown - not stated in source data,Unknown - not stated in source data,Unknown - not stated in source data,Unknown - not stated in source data,Unknown - not stated in source data,Unknown - not stated in source data,United Arab Emirates,Unknown - no external source,Low (dataset-derived),"Kaggle: big-startup-secsees-fail-dataset-from-crunchbase + investments-crunchbase (market enrichment) (idea_description text is DERIVED, not sourced verbatim)",https://www.kaggle.com/datasets/yanmaksi/big-startup-secsees-fail-dataset-from-crunchbase
IDEA-00243,"[DERIVED] Airstone is a real, publicly-recorded SaaS company (category tags: Big Data|Big Data Analytics|Data Centers) headquartered in United States.",SaaS,Big Data|Big Data Analytics|Data Centers,Unknown - not stated in source data,Unknown - not stated in source data,Unknown - not stated in source data,Unknown - not stated in source data,Unknown - not stated in source data,Unknown - not stated in source data,United States,Unknown - no external source,High (dataset-derived),"Kaggle: big-startup-secsees-fail-dataset-from-crunchbase + investments-crunchbase (market enrichment) (idea_description text is DERIVED, not sourced verbatim)",https://www.kaggle.com/datasets/yanmaksi/big-startup-secsees-fail-dataset-from-crunchbase
IDEA-00244,"[DERIVED] Campus Sentinel is a real, publicly-recorded SaaS company (category tags: Software) headquartered in United States.",SaaS,Software,Unknown - not stated in source data,Unknown - not stated in source data,Unknown - not stated in source data,Unknown - not stated in source data,Unknown - not stated in source data,Unknown - not stated in source data,United States,Unknown - no external source,High (dataset-derived),"Kaggle: big-startup-secsees-fail-dataset-from-crunchbase + investments-crunchbase (market enrichment) (idea_description text is DERIVED, not sourced verbatim)",https://www.kaggle.com/datasets/yanmaksi/big-startup-secsees-fail-dataset-from-crunchbase
IDEA-00245,"[DERIVED] EndorphMe is a real, publicly-recorded HealthTech company (category tags: Content|Health and Wellness|Marketplaces|Personal Health) headquartered in United States.",HealthTech,Content|Health and Wellness|Marketplaces|Personal Health,Unknown - not stated in source data,Unknown - not stated in source data,Unknown - not stated in source data,Unknown - not stated in source data,Unknown - not stated in source data,Unknown - not stated in source data,United States,Unknown - no external source,High (dataset-derived),"Kaggle: big-startup-secsees-fail-dataset-from-crunchbase + investments-crunchbase (market enrichment) (idea_description text is DERIVED, not sourced verbatim)",https://www.kaggle.com/datasets/yanmaksi/big-startup-secsees-fail-dataset-from-crunchbase
IDEA-00246,"[DERIVED] GuestCentric Systems is a real, publicly-recorded TravelTech company (category tags: Travel) headquartered in United States.",TravelTech,Travel,Unknown - not stated in source data,Unknown - not stated in source data,Unknown - not stated in source data,Unknown - not stated in source data,Unknown - not stated in source data,Unknown - not stated in source data,United States,Unknown - no external source,High (dataset-derived),"Kaggle: big-startup-secsees-fail-dataset-from-crunchbase + investments-crunchbase (market enrichment) (idea_description text is DERIVED, not sourced verbatim)",https://www.kaggle.com/datasets/yanmaksi/big-startup-secsees-fail-dataset-from-crunchbase
IDEA-00247,"[DERIVED] The African Store is a real, publicly-recorded E-commerce company (category tags: E-Commerce) headquartered in United States.",E-commerce,E-Commerce,Unknown - not stated in source data,Unknown - not stated in source data,Unknown - not stated in source data,Unknown - not stated in source data,Unknown - not stated in source data,Unknown - not stated in source data,United States,Unknown - no external source,High (dataset-derived),"Kaggle: big-startup-secsees-fail-dataset-from-crunchbase + investments-crunchbase (market enrichment) (idea_description text is DERIVED, not sourced verbatim)",https://www.kaggle.com/datasets/yanmaksi/big-startup-secsees-fail-dataset-from-crunchbase
IDEA-00248,"[DERIVED] MissingLINK is a real, publicly-recorded E-commerce company (category tags: E-Commerce) headquartered in Chile.",E-commerce,E-Commerce,Unknown - not stated in source data,Unknown - not stated in source data,Unknown - not stated in source data,Unknown - not stated in source data,Unknown - not stated in source data,Unknown - not stated in source data,Chile,Unknown - no external source,Medium (dataset-derived),"Kaggle: big-startup-secsees-fail-dataset-from-crunchbase + investments-crunchbase (market enrichment) (idea_description text is DERIVED, not sourced verbatim)",https://www.kaggle.com/datasets/yanmaksi/big-startup-secsees-fail-dataset-from-crunchbase
IDEA-00249,"[DERIVED] THEMA is a real, publicly-recorded Media & Entertainment company (category tags: News) headquartered in France.",Media & Entertainment,News,Unknown - not stated in source data,Unknown - not stated in source data,Unknown - not stated in source data,Unknown - not stated in source data,Unknown - not stated in source data,Unknown - not stated in source data,France,Unknown - no external source,Medium (dataset-derived),"Kaggle: big-startup-secsees-fail-dataset-from-crunchbase + investments-crunchbase (market enrichment) (idea_description text is DERIVED, not sourced verbatim)",https://www.kaggle.com/datasets/yanmaksi/big-startup-secsees-fail-dataset-from-crunchbase
IDEA-00250,"[DERIVED] fivesquid.com is a real, publicly-recorded SaaS company (category tags: Curated Web|Peer-to-Peer) headquartered in United Kingdom.",SaaS,Curated Web|Peer-to-Peer,Unknown - not stated in source data,Unknown - not stated in source data,Unknown - not stated in source data,Unknown - not stated in source data,Unknown - not stated in source data,Unknown - not stated in source data,United Kingdom,Unknown - no external source,High (dataset-derived),"Kaggle: big-startup-secsees-fail-dataset-from-crunchbase + investments-crunchbase (market enrichment) (idea_description text is DERIVED, not sourced verbatim)",https://www.kaggle.com/datasets/yanmaksi/big-startup-secsees-fail-dataset-from-crunchbase
IDEA-00251,"[DERIVED] gis.to is a real, publicly-recorded Media & Entertainment company (category tags: Curated Web|Publishing) headquartered in United States.",Media & Entertainment,Curated Web|Publishing,Unknown - not stated in source data,Unknown - not stated in source data,Unknown - not stated in source data,Unknown - not stated in source data,Unknown - not stated in source data,Unknown - not stated in source data,United States,Unknown - no external source,High (dataset-derived),"Kaggle: big-startup-secsees-fail-dataset-from-crunchbase + investments-crunchbase (market enrichment) (idea_description text is DERIVED, not sourced verbatim)",https://www.kaggle.com/datasets/yanmaksi/big-startup-secsees-fail-dataset-from-crunchbase
IDEA-00252,"[DERIVED] PLYmedia is a real, publicly-recorded MarTech company (category tags: Advertising|Advertising Networks|Advertising Platforms|Mobile Advertising|Performance Marketing|SaaS) headquartered in Israel.",MarTech,Advertising|Advertising Networks|Advertising Platforms|Mobile Advertising|Performance Marketing|SaaS,Unknown - not stated in source data,Unknown - not stated in source data,Unknown - not stated in source data,Unknown - not stated in source data,Unknown - not stated in source data,Unknown - not stated in source data,Israel,Unknown - no external source,Medium (dataset-derived),"Kaggle: big-startup-secsees-fail-dataset-from-crunchbase + investments-crunchbase (market enrichment) (idea_description text is DERIVED, not sourced verbatim)",https://www.kaggle.com/datasets/yanmaksi/big-startup-secsees-fail-dataset-from-crunchbase
IDEA-00253,"[DERIVED] Meter Solutions is a real, publicly-recorded DeepTech company (category tags: Hardware + Software) headquartered in United States.",DeepTech,Hardware + Software,Unknown - not stated in source data,Unknown - not stated in source data,Unknown - not stated in source data,Unknown - not stated in source data,Unknown - not stated in source data,Unknown - not stated in source data,United States,Unknown - no external source,High (dataset-derived),"Kaggle: big-startup-secsees-fail-dataset-from-crunchbase + investments-crunchbase (market enrichment) (idea_description text is DERIVED, not sourced verbatim)",https://www.kaggle.com/datasets/yanmaksi/big-startup-secsees-fail-dataset-from-crunchbase
IDEA-00254,"[DERIVED] Fiteeza is a real, publicly-recorded HealthTech company (category tags: Entertainment|Fitness|Games|Health and Wellness|Kinect|Real Time|Social Media|Software|Video Games|Virtualization) headquartered in United States.",HealthTech,Entertainment|Fitness|Games|Health and Wellness|Kinect|Real Time|Social Media|Software|Video Games|Virtualization,Unknown - not stated in source data,Unknown - not stated in source data,Unknown - not stated in source data,Unknown - not stated in source data,Unknown - not stated in source data,Unknown - not stated in source data,United States,Unknown - no external source,High (dataset-derived),"Kaggle: big-startup-secsees-fail-dataset-from-crunchbase + investments-crunchbase (market enrichment) (idea_description text is DERIVED, not sourced verbatim)",https://www.kaggle.com/datasets/yanmaksi/big-startup-secsees-fail-dataset-from-crunchbase
IDEA-00255,"[DERIVED] WISHCLOUDS is a real, publicly-recorded E-commerce company (category tags: E-Commerce) headquartered in United States.",E-commerce,E-Commerce,Unknown - not stated in source data,Unknown - not stated in source data,Unknown - not stated in source data,Unknown - not stated in source data,Unknown - not stated in source data,Unknown - not stated in source data,United States,Unknown - no external source,High (dataset-derived),"Kaggle: big-startup-secsees-fail-dataset-from-crunchbase + investments-crunchbase (market enrichment) (idea_description text is DERIVED, not sourced verbatim)",https://www.kaggle.com/datasets/yanmaksi/big-startup-secsees-fail-dataset-from-crunchbase
IDEA-00256,"[DERIVED] 4PSA is a real, publicly-recorded SaaS company (category tags: Cloud Computing|Messaging|Telephony|Unifed Communications) headquartered in Romania (non-standard code).",SaaS,Cloud Computing|Messaging|Telephony|Unifed Communications,Unknown - not stated in source data,Unknown - not stated in source data,Unknown - not stated in source data,Unknown - not stated in source data,Unknown - not stated in source data,Unknown - not stated in source data,Romania (non-standard code),Unknown - no external source,Low (dataset-derived),"Kaggle: big-startup-secsees-fail-dataset-from-crunchbase (idea_description text is DERIVED, not sourced verbatim)",https://www.kaggle.com/datasets/yanmaksi/big-startup-secsees-fail-dataset-from-crunchbase
IDEA-00257,"[DERIVED] Minerva Surgical is a real, publicly-recorded HealthTech company (category tags: Health and Wellness|Health Care|Medical Devices) headquartered in United States.",HealthTech,Health and Wellness|Health Care|Medical Devices,Unknown - not stated in source data,Unknown - not stated in source data,Unknown - not stated in source data,Unknown - not stated in source data,Unknown - not stated in source data,Unknown - not stated in source data,United States,Unknown - no external source,High (dataset-derived),"Kaggle: big-startup-secsees-fail-dataset-from-crunchbase + investments-crunchbase (market enrichment) (idea_description text is DERIVED, not sourced verbatim)",https://www.kaggle.com/datasets/yanmaksi/big-startup-secsees-fail-dataset-from-crunchbase
IDEA-00258,"[DERIVED] Arch Rock Corporation is a real, publicly-recorded SaaS company (category tags: Software) headquartered in United States.",SaaS,Software,Unknown - not stated in source data,Unknown - not stated in source data,Unknown - not stated in source data,Unknown - not stated in source data,Unknown - not stated in source data,Unknown - not stated in source data,United States,Unknown - no external source,High (dataset-derived),"Kaggle: big-startup-secsees-fail-dataset-from-crunchbase + investments-crunchbase (market enrichment) (idea_description text is DERIVED, not sourced verbatim)",https://www.kaggle.com/datasets/yanmaksi/big-startup-secsees-fail-dataset-from-crunchbase
IDEA-00259,"[DERIVED] HomeSpotter is a real, publicly-recorded PropTech company (category tags: Android|Brokers|iPad|iPhone|Mobile|Real Estate|Realtors|Search|Tablets) headquartered in United States.",PropTech,Android|Brokers|iPad|iPhone|Mobile|Real Estate|Realtors|Search|Tablets,Unknown - not stated in source data,Unknown - not stated in source data,Unknown - not stated in source data,Unknown - not stated in source data,Unknown - not stated in source data,Unknown - not stated in source data,United States,Unknown - no external source,High (dataset-derived),"Kaggle: big-startup-secsees-fail-dataset-from-crunchbase + investments-crunchbase (market enrichment) (idea_description text is DERIVED, not sourced verbatim)",https://www.kaggle.com/datasets/yanmaksi/big-startup-secsees-fail-dataset-from-crunchbase
IDEA-00260,"[DERIVED] Liftopia is a real, publicly-recorded TravelTech company (category tags: Cloud Computing|E-Commerce|SaaS|Sports|Travel|Twin-Tip Skis) headquartered in United States.",TravelTech,Cloud Computing|E-Commerce|SaaS|Sports|Travel|Twin-Tip Skis,Unknown - not stated in source data,Unknown - not stated in source data,Unknown - not stated in source data,Unknown - not stated in source data,Unknown - not stated in source data,Unknown - not stated in source data,United States,Unknown - no external source,High (dataset-derived),"Kaggle: big-startup-secsees-fail-dataset-from-crunchbase + investments-crunchbase (market enrichment) (idea_description text is DERIVED, not sourced verbatim)",https://www.kaggle.com/datasets/yanmaksi/big-startup-secsees-fail-dataset-from-crunchbase
IDEA-00261,"[DERIVED] SpinalMotion is a real, publicly-recorded HealthTech company (category tags: Health Care) headquartered in United States.",HealthTech,Health Care,Unknown - not stated in source data,Unknown - not stated in source data,Unknown - not stated in source data,Unknown - not stated in source data,Unknown - not stated in source data,Unknown - not stated in source data,United States,Unknown - no external source,High (dataset-derived),"Kaggle: big-startup-secsees-fail-dataset-from-crunchbase + investments-crunchbase (market enrichment) (idea_description text is DERIVED, not sourced verbatim)",https://www.kaggle.com/datasets/yanmaksi/big-startup-secsees-fail-dataset-from-crunchbase
IDEA-00262,"[DERIVED] Semasio is a real, publicly-recorded MarTech company (category tags: Advertising) headquartered in Germany.",MarTech,Advertising,Unknown - not stated in source data,Unknown - not stated in source data,Unknown - not stated in source data,Unknown - not stated in source data,Unknown - not stated in source data,Unknown - not stated in source data,Germany,Unknown - no external source,Medium (dataset-derived),"Kaggle: big-startup-secsees-fail-dataset-from-crunchbase + investments-crunchbase (market enrichment) (idea_description text is DERIVED, not sourced verbatim)",https://www.kaggle.com/datasets/yanmaksi/big-startup-secsees-fail-dataset-from-crunchbase
IDEA-00263,"[DERIVED] TruMarx Data Partners is a real, publicly-recorded SaaS company (category tags: |Software|) headquartered in United States.",SaaS,|Software|,Unknown - not stated in source data,Unknown - not stated in source data,Unknown - not stated in source data,Unknown - not stated in source data,Unknown - not stated in source data,Unknown - not stated in source data,United States,Unknown - no external source,High (dataset-derived),"Kaggle: startup-investments-crunchbase (unique to this source) (idea_description text is DERIVED, not sourced verbatim)",https://www.kaggle.com/datasets/arindam235/startup-investments-crunchbase
IDEA-00264,"[DERIVED] Kublax is a real, publicly-recorded FinTech company (category tags: Finance|Startups) headquartered in United Kingdom.",FinTech,Finance|Startups,Unknown - not stated in source data,Unknown - not stated in source data,Unknown - not stated in source data,Unknown - not stated in source data,Unknown - not stated in source data,Unknown - not stated in source data,United Kingdom,Unknown - no external source,High (dataset-derived),"Kaggle: big-startup-secsees-fail-dataset-from-crunchbase + investments-crunchbase (market enrichment) (idea_description text is DERIVED, not sourced verbatim)",https://www.kaggle.com/datasets/yanmaksi/big-startup-secsees-fail-dataset-from-crunchbase
IDEA-00265,"[DERIVED] Quic is a real, publicly-recorded Media & Entertainment company (category tags: Video Streaming) headquartered in an unspecified country.",Media & Entertainment,Video Streaming,Unknown - not stated in source data,Unknown - not stated in source data,Unknown - not stated in source data,Unknown - not stated in source data,Unknown - not stated in source data,Unknown - not stated in source data,,Unknown - no external source,Unknown,"Kaggle: big-startup-secsees-fail-dataset-from-crunchbase (idea_description text is DERIVED, not sourced verbatim)",https://www.kaggle.com/datasets/yanmaksi/big-startup-secsees-fail-dataset-from-crunchbase
IDEA-00266,"[DERIVED] Salient Surgical Technologies is a real, publicly-recorded HealthTech company (category tags: Health Care) headquartered in United States.",HealthTech,Health Care,Unknown - not stated in source data,Unknown - not stated in source data,Unknown - not stated in source data,Unknown - not stated in source data,Unknown - not stated in source data,Unknown - not stated in source data,United States,Unknown - no external source,High (dataset-derived),"Kaggle: big-startup-secsees-fail-dataset-from-crunchbase + investments-crunchbase (market enrichment) (idea_description text is DERIVED, not sourced verbatim)",https://www.kaggle.com/datasets/yanmaksi/big-startup-secsees-fail-dataset-from-crunchbase
IDEA-00267,"[DERIVED] Hire-Intelligence is a real, publicly-recorded HRTech company (category tags: Human Resources|Software) headquartered in United States.",HRTech,Human Resources|Software,Unknown - not stated in source data,Unknown - not stated in source data,Unknown - not stated in source data,Unknown - not stated in source data,Unknown - not stated in source data,Unknown - not stated in source data,United States,Unknown - no external source,High (dataset-derived),"Kaggle: big-startup-secsees-fail-dataset-from-crunchbase + investments-crunchbase (market enrichment) (idea_description text is DERIVED, not sourced verbatim)",https://www.kaggle.com/datasets/yanmaksi/big-startup-secsees-fail-dataset-from-crunchbase
IDEA-00268,"[DERIVED] Fanchimp is a real, publicly-recorded E-commerce company (category tags: E-Commerce) headquartered in Chile.",E-commerce,E-Commerce,Unknown - not stated in source data,Unknown - not stated in source data,Unknown - not stated in source data,Unknown - not stated in source data,Unknown - not stated in source data,Unknown - not stated in source data,Chile,Unknown - no external source,Medium (dataset-derived),"Kaggle: big-startup-secsees-fail-dataset-from-crunchbase + investments-crunchbase (market enrichment) (idea_description text is DERIVED, not sourced verbatim)",https://www.kaggle.com/datasets/yanmaksi/big-startup-secsees-fail-dataset-from-crunchbase
IDEA-00269,"[DERIVED] SpazioDati is a real, publicly-recorded E-commerce company (category tags: Analytics|Big Data|Business Intelligence|Developer APIs|Lead Generation|Machine Learning|Marketplaces|Semantic Web|Text Analytics) headquartered in Italy.",E-commerce,Analytics|Big Data|Business Intelligence|Developer APIs|Lead Generation|Machine Learning|Marketplaces|Semantic Web|Text Analytics,Unknown - not stated in source data,Unknown - not stated in source data,Unknown - not stated in source data,Unknown - not stated in source data,Unknown - not stated in source data,Unknown - not stated in source data,Italy,Unknown - no external source,Medium (dataset-derived),"Kaggle: big-startup-secsees-fail-dataset-from-crunchbase + investments-crunchbase (market enrichment) (idea_description text is DERIVED, not sourced verbatim)",https://www.kaggle.com/datasets/yanmaksi/big-startup-secsees-fail-dataset-from-crunchbase
IDEA-00270,"[DERIVED] Perk Dynamics is a real, publicly-recorded SaaS company (category tags: Software) headquartered in United States.",SaaS,Software,Unknown - not stated in source data,Unknown - not stated in source data,Unknown - not stated in source data,Unknown - not stated in source data,Unknown - not stated in source data,Unknown - not stated in source data,United States,Unknown - no external source,High (dataset-derived),"Kaggle: big-startup-secsees-fail-dataset-from-crunchbase + investments-crunchbase (market enrichment) (idea_description text is DERIVED, not sourced verbatim)",https://www.kaggle.com/datasets/yanmaksi/big-startup-secsees-fail-dataset-from-crunchbase
IDEA-00271,"[DERIVED] Opencare is a real, publicly-recorded HealthTech company (category tags: Health Care|Software) headquartered in United States.",HealthTech,Health Care|Software,Unknown - not stated in source data,Unknown - not stated in source data,Unknown - not stated in source data,Unknown - not stated in source data,Unknown - not stated in source data,Unknown - not stated in source data,United States,Unknown - no external source,High (dataset-derived),"Kaggle: big-startup-secsees-fail-dataset-from-crunchbase + investments-crunchbase (market enrichment) (idea_description text is DERIVED, not sourced verbatim)",https://www.kaggle.com/datasets/yanmaksi/big-startup-secsees-fail-dataset-from-crunchbase
IDEA-00272,"[DERIVED] CaseRails is a real, publicly-recorded LegalTech company (category tags: Document Management|Legal) headquartered in United States.",LegalTech,Document Management|Legal,Unknown - not stated in source data,Unknown - not stated in source data,Unknown - not stated in source data,Unknown - not stated in source data,Unknown - not stated in source data,Unknown - not stated in source data,United States,Unknown - no external source,Medium (dataset-derived),"Kaggle: big-startup-secsees-fail-dataset-from-crunchbase + investments-crunchbase (market enrichment) (idea_description text is DERIVED, not sourced verbatim)",https://www.kaggle.com/datasets/yanmaksi/big-startup-secsees-fail-dataset-from-crunchbase
IDEA-00273,"[DERIVED] PerMicro is a real, publicly-recorded FinTech company (category tags: Finance) headquartered in Italy.",FinTech,Finance,Unknown - not stated in source data,Unknown - not stated in source data,Unknown - not stated in source data,Unknown - not stated in source data,Unknown - not stated in source data,Unknown - not stated in source data,Italy,Unknown - no external source,Low (dataset-derived),"Kaggle: big-startup-secsees-fail-dataset-from-crunchbase + investments-crunchbase (market enrichment) (idea_description text is DERIVED, not sourced verbatim)",https://www.kaggle.com/datasets/yanmaksi/big-startup-secsees-fail-dataset-from-crunchbase
IDEA-00274,"[DERIVED] Biopsych Health Systems is a real, publicly-recorded HealthTech company (category tags: Biotechnology) headquartered in United States.",HealthTech,Biotechnology,Unknown - not stated in source data,Unknown - not stated in source data,Unknown - not stated in source data,Unknown - not stated in source data,Unknown - not stated in source data,Unknown - not stated in source data,United States,Unknown - no external source,High (dataset-derived),"Kaggle: big-startup-secsees-fail-dataset-from-crunchbase + investments-crunchbase (market enrichment) (idea_description text is DERIVED, not sourced verbatim)",https://www.kaggle.com/datasets/yanmaksi/big-startup-secsees-fail-dataset-from-crunchbase
IDEA-00275,"[DERIVED] OfficeLeaseCenter.com is a real, publicly-recorded PropTech company (category tags: Commercial Real Estate) headquartered in United States.",PropTech,Commercial Real Estate,Unknown - not stated in source data,Unknown - not stated in source data,Unknown - not stated in source data,Unknown - not stated in source data,Unknown - not stated in source data,Unknown - not stated in source data,United States,Unknown - no external source,High (dataset-derived),"Kaggle: big-startup-secsees-fail-dataset-from-crunchbase (idea_description text is DERIVED, not sourced verbatim)",https://www.kaggle.com/datasets/yanmaksi/big-startup-secsees-fail-dataset-from-crunchbase
IDEA-00276,"[DERIVED] Ordoro is a real, publicly-recorded Logistics company (category tags: Delivery|E-Commerce|Shipping|Software) headquartered in United States.",Logistics,Delivery|E-Commerce|Shipping|Software,Unknown - not stated in source data,Unknown - not stated in source data,Unknown - not stated in source data,Unknown - not stated in source data,Unknown - not stated in source data,Unknown - not stated in source data,United States,Unknown - no external source,Medium (dataset-derived),"Kaggle: big-startup-secsees-fail-dataset-from-crunchbase + investments-crunchbase (market enrichment) (idea_description text is DERIVED, not sourced verbatim)",https://www.kaggle.com/datasets/yanmaksi/big-startup-secsees-fail-dataset-from-crunchbase
IDEA-00277,"[DERIVED] FlowCardia is a real, publicly-recorded HealthTech company (category tags: Health Care) headquartered in United States.",HealthTech,Health Care,Unknown - not stated in source data,Unknown - not stated in source data,Unknown - not stated in source data,Unknown - not stated in source data,Unknown - not stated in source data,Unknown - not stated in source data,United States,Unknown - no external source,High (dataset-derived),"Kaggle: big-startup-secsees-fail-dataset-from-crunchbase + investments-crunchbase (market enrichment) (idea_description text is DERIVED, not sourced verbatim)",https://www.kaggle.com/datasets/yanmaksi/big-startup-secsees-fail-dataset-from-crunchbase
IDEA-00278,"[DERIVED] Juneau Biosciences is a real, publicly-recorded HealthTech company (category tags: Biotechnology|Health Diagnostics) headquartered in United States.",HealthTech,Biotechnology|Health Diagnostics,Unknown - not stated in source data,Unknown - not stated in source data,Unknown - not stated in source data,Unknown - not stated in source data,Unknown - not stated in source data,Unknown - not stated in source data,United States,Unknown - no external source,High (dataset-derived),"Kaggle: big-startup-secsees-fail-dataset-from-crunchbase + investments-crunchbase (market enrichment) (idea_description text is DERIVED, not sourced verbatim)",https://www.kaggle.com/datasets/yanmaksi/big-startup-secsees-fail-dataset-from-crunchbase
IDEA-00279,"[DERIVED] AccuRev is a real, publicly-recorded SaaS company (category tags: Software) headquartered in United States.",SaaS,Software,Unknown - not stated in source data,Unknown - not stated in source data,Unknown - not stated in source data,Unknown - not stated in source data,Unknown - not stated in source data,Unknown - not stated in source data,United States,Unknown - no external source,High (dataset-derived),"Kaggle: big-startup-secsees-fail-dataset-from-crunchbase + investments-crunchbase (market enrichment) (idea_description text is DERIVED, not sourced verbatim)",https://www.kaggle.com/datasets/yanmaksi/big-startup-secsees-fail-dataset-from-crunchbase
IDEA-00280,"[DERIVED] Human Capital is a real, publicly-recorded CleanTech company (category tags: Clean Technology|Energy Efficiency) headquartered in Canada.",CleanTech,Clean Technology|Energy Efficiency,Unknown - not stated in source data,Unknown - not stated in source data,Unknown - not stated in source data,Unknown - not stated in source data,Unknown - not stated in source data,Unknown - not stated in source data,Canada,Unknown - no external source,Medium (dataset-derived),"Kaggle: big-startup-secsees-fail-dataset-from-crunchbase (idea_description text is DERIVED, not sourced verbatim)",https://www.kaggle.com/datasets/yanmaksi/big-startup-secsees-fail-dataset-from-crunchbase
IDEA-00281,"[DERIVED] Kartable is a real, publicly-recorded EdTech company (category tags: Education|High School Students|Internet) headquartered in France.",EdTech,Education|High School Students|Internet,Unknown - not stated in source data,Unknown - not stated in source data,Unknown - not stated in source data,Unknown - not stated in source data,Unknown - not stated in source data,Unknown - not stated in source data,France,Unknown - no external source,Low (dataset-derived),"Kaggle: big-startup-secsees-fail-dataset-from-crunchbase (idea_description text is DERIVED, not sourced verbatim)",https://www.kaggle.com/datasets/yanmaksi/big-startup-secsees-fail-dataset-from-crunchbase
IDEA-00282,"[DERIVED] AddressHealth is a real, publicly-recorded HealthTech company (category tags: Child Care|Health and Wellness|Health Care|Medical) headquartered in India.",HealthTech,Child Care|Health and Wellness|Health Care|Medical,Unknown - not stated in source data,Unknown - not stated in source data,Unknown - not stated in source data,Unknown - not stated in source data,Unknown - not stated in source data,Unknown - not stated in source data,India,Unknown - no external source,Medium (dataset-derived),"Kaggle: big-startup-secsees-fail-dataset-from-crunchbase + investments-crunchbase (market enrichment) (idea_description text is DERIVED, not sourced verbatim)",https://www.kaggle.com/datasets/yanmaksi/big-startup-secsees-fail-dataset-from-crunchbase
IDEA-00283,"[DERIVED] Guard RFID Solutions is a real, publicly-recorded SaaS company (category tags: Enterprise Software) headquartered in Canada.",SaaS,Enterprise Software,Unknown - not stated in source data,Unknown - not stated in source data,Unknown - not stated in source data,Unknown - not stated in source data,Unknown - not stated in source data,Unknown - not stated in source data,Canada,Unknown - no external source,High (dataset-derived),"Kaggle: big-startup-secsees-fail-dataset-from-crunchbase + investments-crunchbase (market enrichment) (idea_description text is DERIVED, not sourced verbatim)",https://www.kaggle.com/datasets/yanmaksi/big-startup-secsees-fail-dataset-from-crunchbase
IDEA-00284,"[DERIVED] Robin is a real, publicly-recorded DeepTech company (category tags: Business Analytics|Internet of Things|Meeting Software|Office Space|Sensors) headquartered in United States.",DeepTech,Business Analytics|Internet of Things|Meeting Software|Office Space|Sensors,Unknown - not stated in source data,Unknown - not stated in source data,Unknown - not stated in source data,Unknown - not stated in source data,Unknown - not stated in source data,Unknown - not stated in source data,United States,Unknown - no external source,High (dataset-derived),"Kaggle: big-startup-secsees-fail-dataset-from-crunchbase + investments-crunchbase (market enrichment) (idea_description text is DERIVED, not sourced verbatim)",https://www.kaggle.com/datasets/yanmaksi/big-startup-secsees-fail-dataset-from-crunchbase
IDEA-00285,"[DERIVED] Cashually is a real, publicly-recorded FinTech company (category tags: Apps|Finance Technology|FinTech) headquartered in United Kingdom.",FinTech,Apps|Finance Technology|FinTech,Unknown - not stated in source data,Unknown - not stated in source data,Unknown - not stated in source data,Unknown - not stated in source data,Unknown - not stated in source data,Unknown - not stated in source data,United Kingdom,Unknown - no external source,High (dataset-derived),"Kaggle: big-startup-secsees-fail-dataset-from-crunchbase + investments-crunchbase (market enrichment) (idea_description text is DERIVED, not sourced verbatim)",https://www.kaggle.com/datasets/yanmaksi/big-startup-secsees-fail-dataset-from-crunchbase
IDEA-00286,"[DERIVED] FUNGO STUDIOS is a real, publicly-recorded Media & Entertainment company (category tags: Games) headquartered in Italy.",Media & Entertainment,Games,Unknown - not stated in source data,Unknown - not stated in source data,Unknown - not stated in source data,Unknown - not stated in source data,Unknown - not stated in source data,Unknown - not stated in source data,Italy,Unknown - no external source,Medium (dataset-derived),"Kaggle: big-startup-secsees-fail-dataset-from-crunchbase + investments-crunchbase (market enrichment) (idea_description text is DERIVED, not sourced verbatim)",https://www.kaggle.com/datasets/yanmaksi/big-startup-secsees-fail-dataset-from-crunchbase
IDEA-00287,"[DERIVED] Evoke Pharma is a real, publicly-recorded HealthTech company (category tags: Biotechnology|Health Care) headquartered in United States.",HealthTech,Biotechnology|Health Care,Unknown - not stated in source data,Unknown - not stated in source data,Unknown - not stated in source data,Unknown - not stated in source data,Unknown - not stated in source data,Unknown - not stated in source data,United States,Unknown - no external source,High (dataset-derived),"Kaggle: big-startup-secsees-fail-dataset-from-crunchbase + investments-crunchbase (market enrichment) (idea_description text is DERIVED, not sourced verbatim)",https://www.kaggle.com/datasets/yanmaksi/big-startup-secsees-fail-dataset-from-crunchbase
IDEA-00288,"[DERIVED] Zumata Technologies is a real, publicly-recorded E-commerce company (category tags: E-Commerce) headquartered in Singapore.",E-commerce,E-Commerce,Unknown - not stated in source data,Unknown - not stated in source data,Unknown - not stated in source data,Unknown - not stated in source data,Unknown - not stated in source data,Unknown - not stated in source data,Singapore,Unknown - no external source,Medium (dataset-derived),"Kaggle: big-startup-secsees-fail-dataset-from-crunchbase (idea_description text is DERIVED, not sourced verbatim)",https://www.kaggle.com/datasets/yanmaksi/big-startup-secsees-fail-dataset-from-crunchbase
IDEA-00289,"[DERIVED] OIM Squared is a real, publicly-recorded SaaS company (category tags: Software) headquartered in United States.",SaaS,Software,Unknown - not stated in source data,Unknown - not stated in source data,Unknown - not stated in source data,Unknown - not stated in source data,Unknown - not stated in source data,Unknown - not stated in source data,United States,Unknown - no external source,High (dataset-derived),"Kaggle: big-startup-secsees-fail-dataset-from-crunchbase (idea_description text is DERIVED, not sourced verbatim)",https://www.kaggle.com/datasets/yanmaksi/big-startup-secsees-fail-dataset-from-crunchbase
IDEA-00290,"[DERIVED] myGreek is a real, publicly-recorded Media & Entertainment company (category tags: College Campuses|Colleges|Networking|Professional Networking|Social Media|Social Network Media) headquartered in United States.",Media & Entertainment,College Campuses|Colleges|Networking|Professional Networking|Social Media|Social Network Media,Unknown - not stated in source data,Unknown - not stated in source data,Unknown - not stated in source data,Unknown - not stated in source data,Unknown - not stated in source data,Unknown - not stated in source data,United States,Unknown - no external source,High (dataset-derived),"Kaggle: big-startup-secsees-fail-dataset-from-crunchbase + investments-crunchbase (market enrichment) (idea_description text is DERIVED, not sourced verbatim)",https://www.kaggle.com/datasets/yanmaksi/big-startup-secsees-fail-dataset-from-crunchbase
IDEA-00291,"[DERIVED] Moneyspyder is a real, publicly-recorded E-commerce company (category tags: Analytics|E-Commerce) headquartered in United Kingdom.",E-commerce,Analytics|E-Commerce,Unknown - not stated in source data,Unknown - not stated in source data,Unknown - not stated in source data,Unknown - not stated in source data,Unknown - not stated in source data,Unknown - not stated in source data,United Kingdom,Unknown - no external source,High (dataset-derived),"Kaggle: big-startup-secsees-fail-dataset-from-crunchbase + investments-crunchbase (market enrichment) (idea_description text is DERIVED, not sourced verbatim)",https://www.kaggle.com/datasets/yanmaksi/big-startup-secsees-fail-dataset-from-crunchbase
IDEA-00292,"[DERIVED] TVbeat is a real, publicly-recorded SaaS company (category tags: Analytics|Test and Measurement) headquartered in United Kingdom.",SaaS,Analytics|Test and Measurement,Unknown - not stated in source data,Unknown - not stated in source data,Unknown - not stated in source data,Unknown - not stated in source data,Unknown - not stated in source data,Unknown - not stated in source data,United Kingdom,Unknown - no external source,High (dataset-derived),"Kaggle: big-startup-secsees-fail-dataset-from-crunchbase + investments-crunchbase (market enrichment) (idea_description text is DERIVED, not sourced verbatim)",https://www.kaggle.com/datasets/yanmaksi/big-startup-secsees-fail-dataset-from-crunchbase
IDEA-00293,"[DERIVED] American Discount Pharmacy Crop is a real, publicly-recorded HealthTech company (category tags: Medical) headquartered in United States.",HealthTech,Medical,Unknown - not stated in source data,Unknown - not stated in source data,Unknown - not stated in source data,Unknown - not stated in source data,Unknown - not stated in source data,Unknown - not stated in source data,United States,Unknown - no external source,High (dataset-derived),"Kaggle: big-startup-secsees-fail-dataset-from-crunchbase (idea_description text is DERIVED, not sourced verbatim)",https://www.kaggle.com/datasets/yanmaksi/big-startup-secsees-fail-dataset-from-crunchbase
IDEA-00294,"[DERIVED] Renavance Pharma is a real, publicly-recorded HealthTech company (category tags: Biotechnology) headquartered in United States.",HealthTech,Biotechnology,Unknown - not stated in source data,Unknown - not stated in source data,Unknown - not stated in source data,Unknown - not stated in source data,Unknown - not stated in source data,Unknown - not stated in source data,United States,Unknown - no external source,High (dataset-derived),"Kaggle: big-startup-secsees-fail-dataset-from-crunchbase + investments-crunchbase (market enrichment) (idea_description text is DERIVED, not sourced verbatim)",https://www.kaggle.com/datasets/yanmaksi/big-startup-secsees-fail-dataset-from-crunchbase
IDEA-00295,"[DERIVED] Accuvant is a real, publicly-recorded Cybersecurity company (category tags: Security) headquartered in United States.",Cybersecurity,Security,Unknown - not stated in source data,Unknown - not stated in source data,Unknown - not stated in source data,Unknown - not stated in source data,Unknown - not stated in source data,Unknown - not stated in source data,United States,Unknown - no external source,High (dataset-derived),"Kaggle: big-startup-secsees-fail-dataset-from-crunchbase + investments-crunchbase (market enrichment) (idea_description text is DERIVED, not sourced verbatim)",https://www.kaggle.com/datasets/yanmaksi/big-startup-secsees-fail-dataset-from-crunchbase
IDEA-00296,"[DERIVED] Magic Bus is a real, publicly-recorded Mobility company (category tags: Transportation) headquartered in Canada.",Mobility,Transportation,Unknown - not stated in source data,Unknown - not stated in source data,Unknown - not stated in source data,Unknown - not stated in source data,Unknown - not stated in source data,Unknown - not stated in source data,Canada,Unknown - no external source,Low (dataset-derived),"Kaggle: big-startup-secsees-fail-dataset-from-crunchbase (idea_description text is DERIVED, not sourced verbatim)",https://www.kaggle.com/datasets/yanmaksi/big-startup-secsees-fail-dataset-from-crunchbase
IDEA-00297,"[DERIVED] Apprema is a real, publicly-recorded FinTech company (category tags: E-Commerce|Email|Payments) headquartered in United States.",FinTech,E-Commerce|Email|Payments,Unknown - not stated in source data,Unknown - not stated in source data,Unknown - not stated in source data,Unknown - not stated in source data,Unknown - not stated in source data,Unknown - not stated in source data,United States,Unknown - no external source,High (dataset-derived),"Kaggle: big-startup-secsees-fail-dataset-from-crunchbase + investments-crunchbase (market enrichment) (idea_description text is DERIVED, not sourced verbatim)",https://www.kaggle.com/datasets/yanmaksi/big-startup-secsees-fail-dataset-from-crunchbase
IDEA-00298,"[DERIVED] The Beer Café is a real, publicly-recorded TravelTech company (category tags: Hospitality) headquartered in India.",TravelTech,Hospitality,Unknown - not stated in source data,Unknown - not stated in source data,Unknown - not stated in source data,Unknown - not stated in source data,Unknown - not stated in source data,Unknown - not stated in source data,India,Unknown - no external source,Medium (dataset-derived),"Kaggle: big-startup-secsees-fail-dataset-from-crunchbase + investments-crunchbase (market enrichment) (idea_description text is DERIVED, not sourced verbatim)",https://www.kaggle.com/datasets/yanmaksi/big-startup-secsees-fail-dataset-from-crunchbase
IDEA-00299,"[DERIVED] 90sec Technologies is a real, publicly-recorded Media & Entertainment company (category tags: Apps|Consumer Electronics|Mobile|Social Media|Television|Weddings) headquartered in Israel.",Media & Entertainment,Apps|Consumer Electronics|Mobile|Social Media|Television|Weddings,Unknown - not stated in source data,Unknown - not stated in source data,Unknown - not stated in source data,Unknown - not stated in source data,Unknown - not stated in source data,Unknown - not stated in source data,Israel,Unknown - no external source,Medium (dataset-derived),"Kaggle: big-startup-secsees-fail-dataset-from-crunchbase + investments-crunchbase (market enrichment) (idea_description text is DERIVED, not sourced verbatim)",https://www.kaggle.com/datasets/yanmaksi/big-startup-secsees-fail-dataset-from-crunchbase
IDEA-00300,"[DERIVED] TrueNorthLogic is a real, publicly-recorded SaaS company (category tags: Software) headquartered in United States.",SaaS,Software,Unknown - not stated in source data,Unknown - not stated in source data,Unknown - not stated in source data,Unknown - not stated in source data,Unknown - not stated in source data,Unknown - not stated in source data,United States,Unknown - no external source,High (dataset-derived),"Kaggle: big-startup-secsees-fail-dataset-from-crunchbase + investments-crunchbase (market enrichment) (idea_description text is DERIVED, not sourced verbatim)",https://www.kaggle.com/datasets/yanmaksi/big-startup-secsees-fail-dataset-from-crunchbase
IDEA-00301,"[DERIVED] FunCaptcha is a real, publicly-recorded Cybersecurity company (category tags: Advertising|Blogging Platforms|Business Analytics|Forums|Security|Web Tools) headquartered in United States.",Cybersecurity,Advertising|Blogging Platforms|Business Analytics|Forums|Security|Web Tools,Unknown - not stated in source data,Unknown - not stated in source data,Unknown - not stated in source data,Unknown - not stated in source data,Unknown - not stated in source data,Unknown - not stated in source data,United States,Unknown - no external source,High (dataset-derived),"Kaggle: big-startup-secsees-fail-dataset-from-crunchbase + investments-crunchbase (market enrichment) (idea_description text is DERIVED, not sourced verbatim)",https://www.kaggle.com/datasets/yanmaksi/big-startup-secsees-fail-dataset-from-crunchbase
IDEA-00302,"[DERIVED] AppLearn is a real, publicly-recorded SaaS company (category tags: Software) headquartered in United Kingdom.",SaaS,Software,Unknown - not stated in source data,Unknown - not stated in source data,Unknown - not stated in source data,Unknown - not stated in source data,Unknown - not stated in source data,Unknown - not stated in source data,United Kingdom,Unknown - no external source,High (dataset-derived),"Kaggle: big-startup-secsees-fail-dataset-from-crunchbase + investments-crunchbase (market enrichment) (idea_description text is DERIVED, not sourced verbatim)",https://www.kaggle.com/datasets/yanmaksi/big-startup-secsees-fail-dataset-from-crunchbase
IDEA-00303,"[DERIVED] Regulus Therapeutics is a real, publicly-recorded HealthTech company (category tags: Biotechnology|Health Care) headquartered in United States.",HealthTech,Biotechnology|Health Care,Unknown - not stated in source data,Unknown - not stated in source data,Unknown - not stated in source data,Unknown - not stated in source data,Unknown - not stated in source data,Unknown - not stated in source data,United States,Unknown - no external source,High (dataset-derived),"Kaggle: big-startup-secsees-fail-dataset-from-crunchbase + investments-crunchbase (market enrichment) (idea_description text is DERIVED, not sourced verbatim)",https://www.kaggle.com/datasets/yanmaksi/big-startup-secsees-fail-dataset-from-crunchbase
IDEA-00304,"[DERIVED] AutoWeb, Inc. is a real, publicly-recorded MarTech company (category tags: Advertising|Automotive) headquartered in United States.",MarTech,Advertising|Automotive,Unknown - not stated in source data,Unknown - not stated in source data,Unknown - not stated in source data,Unknown - not stated in source data,Unknown - not stated in source data,Unknown - not stated in source data,United States,Unknown - no external source,High (dataset-derived),"Kaggle: big-startup-secsees-fail-dataset-from-crunchbase + investments-crunchbase (market enrichment) (idea_description text is DERIVED, not sourced verbatim)",https://www.kaggle.com/datasets/yanmaksi/big-startup-secsees-fail-dataset-from-crunchbase
IDEA-00305,"[DERIVED] Fallbrook Technologies is a real, publicly-recorded CleanTech company (category tags: Auto|Clean Technology|Industrial|Innovation Engineering|Technology) headquartered in United States.",CleanTech,Auto|Clean Technology|Industrial|Innovation Engineering|Technology,Unknown - not stated in source data,Unknown - not stated in source data,Unknown - not stated in source data,Unknown - not stated in source data,Unknown - not stated in source data,Unknown - not stated in source data,United States,Unknown - no external source,High (dataset-derived),"Kaggle: big-startup-secsees-fail-dataset-from-crunchbase + investments-crunchbase (market enrichment) (idea_description text is DERIVED, not sourced verbatim)",https://www.kaggle.com/datasets/yanmaksi/big-startup-secsees-fail-dataset-from-crunchbase
IDEA-00306,"[DERIVED] Classana is a real, publicly-recorded EdTech company (category tags: Ediscovery|Education|Interest Graph|Internet|Search|Self Development|Social Media) headquartered in United States.",EdTech,Ediscovery|Education|Interest Graph|Internet|Search|Self Development|Social Media,Unknown - not stated in source data,Unknown - not stated in source data,Unknown - not stated in source data,Unknown - not stated in source data,Unknown - not stated in source data,Unknown - not stated in source data,United States,Unknown - no external source,High (dataset-derived),"Kaggle: big-startup-secsees-fail-dataset-from-crunchbase + investments-crunchbase (market enrichment) (idea_description text is DERIVED, not sourced verbatim)",https://www.kaggle.com/datasets/yanmaksi/big-startup-secsees-fail-dataset-from-crunchbase
IDEA-00307,"[DERIVED] MWR InfoSecurity is a real, publicly-recorded Cybersecurity company (category tags: Information Security) headquartered in United Kingdom.",Cybersecurity,Information Security,Unknown - not stated in source data,Unknown - not stated in source data,Unknown - not stated in source data,Unknown - not stated in source data,Unknown - not stated in source data,Unknown - not stated in source data,United Kingdom,Unknown - no external source,Medium (dataset-derived),"Kaggle: big-startup-secsees-fail-dataset-from-crunchbase (idea_description text is DERIVED, not sourced verbatim)",https://www.kaggle.com/datasets/yanmaksi/big-startup-secsees-fail-dataset-from-crunchbase
IDEA-00308,"[DERIVED] Huddler is a real, publicly-recorded MarTech company (category tags: Advertising|Curated Web|Forums|Mobile|Shopping) headquartered in United States.",MarTech,Advertising|Curated Web|Forums|Mobile|Shopping,Unknown - not stated in source data,Unknown - not stated in source data,Unknown - not stated in source data,Unknown - not stated in source data,Unknown - not stated in source data,Unknown - not stated in source data,United States,Unknown - no external source,High (dataset-derived),"Kaggle: big-startup-secsees-fail-dataset-from-crunchbase + investments-crunchbase (market enrichment) (idea_description text is DERIVED, not sourced verbatim)",https://www.kaggle.com/datasets/yanmaksi/big-startup-secsees-fail-dataset-from-crunchbase
IDEA-00309,"[DERIVED] Sproom is a real, publicly-recorded SaaS company (category tags: Billing|Electronics|Professional Networking|Software) headquartered in Denmark.",SaaS,Billing|Electronics|Professional Networking|Software,Unknown - not stated in source data,Unknown - not stated in source data,Unknown - not stated in source data,Unknown - not stated in source data,Unknown - not stated in source data,Unknown - not stated in source data,Denmark,Unknown - no external source,Medium (dataset-derived),"Kaggle: big-startup-secsees-fail-dataset-from-crunchbase + investments-crunchbase (market enrichment) (idea_description text is DERIVED, not sourced verbatim)",https://www.kaggle.com/datasets/yanmaksi/big-startup-secsees-fail-dataset-from-crunchbase
IDEA-00310,"[DERIVED] ChinaNetCenter is a real, publicly-recorded SaaS company (category tags: Enterprise Software) headquartered in China.",SaaS,Enterprise Software,Unknown - not stated in source data,Unknown - not stated in source data,Unknown - not stated in source data,Unknown - not stated in source data,Unknown - not stated in source data,Unknown - not stated in source data,China,Unknown - no external source,Medium (dataset-derived),"Kaggle: big-startup-secsees-fail-dataset-from-crunchbase + investments-crunchbase (market enrichment) (idea_description text is DERIVED, not sourced verbatim)",https://www.kaggle.com/datasets/yanmaksi/big-startup-secsees-fail-dataset-from-crunchbase
IDEA-00311,"[DERIVED] Method is a real, publicly-recorded SaaS company (category tags: |Enterprise Software|) headquartered in Canada.",SaaS,|Enterprise Software|,Unknown - not stated in source data,Unknown - not stated in source data,Unknown - not stated in source data,Unknown - not stated in source data,Unknown - not stated in source data,Unknown - not stated in source data,Canada,Unknown - no external source,High (dataset-derived),"Kaggle: startup-investments-crunchbase (unique to this source) (idea_description text is DERIVED, not sourced verbatim)",https://www.kaggle.com/datasets/arindam235/startup-investments-crunchbase
IDEA-00312,"[DERIVED] Coorpacademy is a real, publicly-recorded EdTech company (category tags: Corporate Training|EdTech) headquartered in Switzerland.",EdTech,Corporate Training|EdTech,Unknown - not stated in source data,Unknown - not stated in source data,Unknown - not stated in source data,Unknown - not stated in source data,Unknown - not stated in source data,Unknown - not stated in source data,Switzerland,Unknown - no external source,Low (dataset-derived),"Kaggle: big-startup-secsees-fail-dataset-from-crunchbase + investments-crunchbase (market enrichment) (idea_description text is DERIVED, not sourced verbatim)",https://www.kaggle.com/datasets/yanmaksi/big-startup-secsees-fail-dataset-from-crunchbase
IDEA-00313,"[DERIVED] Chime is a real, publicly-recorded Media & Entertainment company (category tags: Internet|Messaging|Video) headquartered in United States.",Media & Entertainment,Internet|Messaging|Video,Unknown - not stated in source data,Unknown - not stated in source data,Unknown - not stated in source data,Unknown - not stated in source data,Unknown - not stated in source data,Unknown - not stated in source data,United States,Unknown - no external source,High (dataset-derived),"Kaggle: big-startup-secsees-fail-dataset-from-crunchbase (idea_description text is DERIVED, not sourced verbatim)",https://www.kaggle.com/datasets/yanmaksi/big-startup-secsees-fail-dataset-from-crunchbase
IDEA-00314,"[DERIVED] OPTIMIZERx is a real, publicly-recorded HealthTech company (category tags: Biotechnology) headquartered in United States.",HealthTech,Biotechnology,Unknown - not stated in source data,Unknown - not stated in source data,Unknown - not stated in source data,Unknown - not stated in source data,Unknown - not stated in source data,Unknown - not stated in source data,United States,Unknown - no external source,High (dataset-derived),"Kaggle: big-startup-secsees-fail-dataset-from-crunchbase + investments-crunchbase (market enrichment) (idea_description text is DERIVED, not sourced verbatim)",https://www.kaggle.com/datasets/yanmaksi/big-startup-secsees-fail-dataset-from-crunchbase
IDEA-00315,"[DERIVED] Virtual Logic Systems is a real, publicly-recorded SaaS company (category tags: Software) headquartered in India.",SaaS,Software,Unknown - not stated in source data,Unknown - not stated in source data,Unknown - not stated in source data,Unknown - not stated in source data,Unknown - not stated in source data,Unknown - not stated in source data,India,Unknown - no external source,Medium (dataset-derived),"Kaggle: big-startup-secsees-fail-dataset-from-crunchbase (idea_description text is DERIVED, not sourced verbatim)",https://www.kaggle.com/datasets/yanmaksi/big-startup-secsees-fail-dataset-from-crunchbase
IDEA-00316,"[DERIVED] Guardian Maritime is a real, publicly-recorded Cybersecurity company (category tags: Defense|Oil|Security) headquartered in United Kingdom.",Cybersecurity,Defense|Oil|Security,Unknown - not stated in source data,Unknown - not stated in source data,Unknown - not stated in source data,Unknown - not stated in source data,Unknown - not stated in source data,Unknown - not stated in source data,United Kingdom,Unknown - no external source,Medium (dataset-derived),"Kaggle: big-startup-secsees-fail-dataset-from-crunchbase (idea_description text is DERIVED, not sourced verbatim)",https://www.kaggle.com/datasets/yanmaksi/big-startup-secsees-fail-dataset-from-crunchbase
IDEA-00317,"[DERIVED] OraMetrix is a real, publicly-recorded HealthTech company (category tags: Dental|Fitness|Healthcare Services) headquartered in United States.",HealthTech,Dental|Fitness|Healthcare Services,Unknown - not stated in source data,Unknown - not stated in source data,Unknown - not stated in source data,Unknown - not stated in source data,Unknown - not stated in source data,Unknown - not stated in source data,United States,Unknown - no external source,High (dataset-derived),"Kaggle: big-startup-secsees-fail-dataset-from-crunchbase (idea_description text is DERIVED, not sourced verbatim)",https://www.kaggle.com/datasets/yanmaksi/big-startup-secsees-fail-dataset-from-crunchbase
IDEA-00318,"[DERIVED] AcadiaSoft is a real, publicly-recorded FinTech company (category tags: Finance) headquartered in United States.",FinTech,Finance,Unknown - not stated in source data,Unknown - not stated in source data,Unknown - not stated in source data,Unknown - not stated in source data,Unknown - not stated in source data,Unknown - not stated in source data,United States,Unknown - no external source,High (dataset-derived),"Kaggle: big-startup-secsees-fail-dataset-from-crunchbase + investments-crunchbase (market enrichment) (idea_description text is DERIVED, not sourced verbatim)",https://www.kaggle.com/datasets/yanmaksi/big-startup-secsees-fail-dataset-from-crunchbase
IDEA-00319,"[DERIVED] AVG Technologies is a real, publicly-recorded Cybersecurity company (category tags: Security|Software) headquartered in United States.",Cybersecurity,Security|Software,Unknown - not stated in source data,Unknown - not stated in source data,Unknown - not stated in source data,Unknown - not stated in source data,Unknown - not stated in source data,Unknown - not stated in source data,United States,Unknown - no external source,High (dataset-derived),"Kaggle: big-startup-secsees-fail-dataset-from-crunchbase + investments-crunchbase (market enrichment) (idea_description text is DERIVED, not sourced verbatim)",https://www.kaggle.com/datasets/yanmaksi/big-startup-secsees-fail-dataset-from-crunchbase
IDEA-00320,"[DERIVED] Bundle is a real, publicly-recorded SaaS company (category tags: Curated Web) headquartered in United States.",SaaS,Curated Web,Unknown - not stated in source data,Unknown - not stated in source data,Unknown - not stated in source data,Unknown - not stated in source data,Unknown - not stated in source data,Unknown - not stated in source data,United States,Unknown - no external source,High (dataset-derived),"Kaggle: big-startup-secsees-fail-dataset-from-crunchbase + investments-crunchbase (market enrichment) (idea_description text is DERIVED, not sourced verbatim)",https://www.kaggle.com/datasets/yanmaksi/big-startup-secsees-fail-dataset-from-crunchbase
IDEA-00321,"[DERIVED] Bloggerce is a real, publicly-recorded SaaS company (category tags: Blogging Platforms|E-Books|Software) headquartered in Israel.",SaaS,Blogging Platforms|E-Books|Software,Unknown - not stated in source data,Unknown - not stated in source data,Unknown - not stated in source data,Unknown - not stated in source data,Unknown - not stated in source data,Unknown - not stated in source data,Israel,Unknown - no external source,Medium (dataset-derived),"Kaggle: big-startup-secsees-fail-dataset-from-crunchbase + investments-crunchbase (market enrichment) (idea_description text is DERIVED, not sourced verbatim)",https://www.kaggle.com/datasets/yanmaksi/big-startup-secsees-fail-dataset-from-crunchbase
IDEA-00322,"[DERIVED] Eccentex Corporation is a real, publicly-recorded SaaS company (category tags: Cloud Computing|Enterprise Software) headquartered in United States.",SaaS,Cloud Computing|Enterprise Software,Unknown - not stated in source data,Unknown - not stated in source data,Unknown - not stated in source data,Unknown - not stated in source data,Unknown - not stated in source data,Unknown - not stated in source data,United States,Unknown - no external source,High (dataset-derived),"Kaggle: big-startup-secsees-fail-dataset-from-crunchbase + investments-crunchbase (market enrichment) (idea_description text is DERIVED, not sourced verbatim)",https://www.kaggle.com/datasets/yanmaksi/big-startup-secsees-fail-dataset-from-crunchbase
IDEA-00323,"[DERIVED] Opendisc is a real, publicly-recorded Media & Entertainment company (category tags: Games) headquartered in France.",Media & Entertainment,Games,Unknown - not stated in source data,Unknown - not stated in source data,Unknown - not stated in source data,Unknown - not stated in source data,Unknown - not stated in source data,Unknown - not stated in source data,France,Unknown - no external source,Medium (dataset-derived),"Kaggle: big-startup-secsees-fail-dataset-from-crunchbase + investments-crunchbase (market enrichment) (idea_description text is DERIVED, not sourced verbatim)",https://www.kaggle.com/datasets/yanmaksi/big-startup-secsees-fail-dataset-from-crunchbase
IDEA-00324,"[DERIVED] Bigbox is a real, publicly-recorded E-commerce company (category tags: E-Commerce|Retail) headquartered in Costa Rica.",E-commerce,E-Commerce|Retail,Unknown - not stated in source data,Unknown - not stated in source data,Unknown - not stated in source data,Unknown - not stated in source data,Unknown - not stated in source data,Unknown - not stated in source data,Costa Rica,Unknown - no external source,Low (dataset-derived),"Kaggle: big-startup-secsees-fail-dataset-from-crunchbase + investments-crunchbase (market enrichment) (idea_description text is DERIVED, not sourced verbatim)",https://www.kaggle.com/datasets/yanmaksi/big-startup-secsees-fail-dataset-from-crunchbase
IDEA-00325,"[DERIVED] Vela Systems is a real, publicly-recorded PropTech company (category tags: Construction|iPad|Mobile|Software) headquartered in United States.",PropTech,Construction|iPad|Mobile|Software,Unknown - not stated in source data,Unknown - not stated in source data,Unknown - not stated in source data,Unknown - not stated in source data,Unknown - not stated in source data,Unknown - not stated in source data,United States,Unknown - no external source,High (dataset-derived),"Kaggle: big-startup-secsees-fail-dataset-from-crunchbase + investments-crunchbase (market enrichment) (idea_description text is DERIVED, not sourced verbatim)",https://www.kaggle.com/datasets/yanmaksi/big-startup-secsees-fail-dataset-from-crunchbase
IDEA-00326,"[DERIVED] GlobalCrypto is a real, publicly-recorded Cybersecurity company (category tags: Security|Software) headquartered in United States.",Cybersecurity,Security|Software,Unknown - not stated in source data,Unknown - not stated in source data,Unknown - not stated in source data,Unknown - not stated in source data,Unknown - not stated in source data,Unknown - not stated in source data,United States,Unknown - no external source,High (dataset-derived),"Kaggle: big-startup-secsees-fail-dataset-from-crunchbase + investments-crunchbase (market enrichment) (idea_description text is DERIVED, not sourced verbatim)",https://www.kaggle.com/datasets/yanmaksi/big-startup-secsees-fail-dataset-from-crunchbase
IDEA-00327,"[DERIVED] Servis1st Bank is a real, publicly-recorded FinTech company (category tags: Banking|Finance) headquartered in United States.",FinTech,Banking|Finance,Unknown - not stated in source data,Unknown - not stated in source data,Unknown - not stated in source data,Unknown - not stated in source data,Unknown - not stated in source data,Unknown - not stated in source data,United States,Unknown - no external source,High (dataset-derived),"Kaggle: big-startup-secsees-fail-dataset-from-crunchbase + investments-crunchbase (market enrichment) (idea_description text is DERIVED, not sourced verbatim)",https://www.kaggle.com/datasets/yanmaksi/big-startup-secsees-fail-dataset-from-crunchbase
IDEA-00328,"[DERIVED] Zenith Epigenetics is a real, publicly-recorded HealthTech company (category tags: Biotechnology) headquartered in Canada.",HealthTech,Biotechnology,Unknown - not stated in source data,Unknown - not stated in source data,Unknown - not stated in source data,Unknown - not stated in source data,Unknown - not stated in source data,Unknown - not stated in source data,Canada,Unknown - no external source,High (dataset-derived),"Kaggle: big-startup-secsees-fail-dataset-from-crunchbase + investments-crunchbase (market enrichment) (idea_description text is DERIVED, not sourced verbatim)",https://www.kaggle.com/datasets/yanmaksi/big-startup-secsees-fail-dataset-from-crunchbase
IDEA-00329,"[DERIVED] Lux Biosciences is a real, publicly-recorded HealthTech company (category tags: Biotechnology) headquartered in United States.",HealthTech,Biotechnology,Unknown - not stated in source data,Unknown - not stated in source data,Unknown - not stated in source data,Unknown - not stated in source data,Unknown - not stated in source data,Unknown - not stated in source data,United States,Unknown - no external source,High (dataset-derived),"Kaggle: big-startup-secsees-fail-dataset-from-crunchbase + investments-crunchbase (market enrichment) (idea_description text is DERIVED, not sourced verbatim)",https://www.kaggle.com/datasets/yanmaksi/big-startup-secsees-fail-dataset-from-crunchbase
IDEA-00330,"[DERIVED] Timetric is a real, publicly-recorded SaaS company (category tags: Analytics|Big Data Analytics|Visualization) headquartered in United Kingdom.",SaaS,Analytics|Big Data Analytics|Visualization,Unknown - not stated in source data,Unknown - not stated in source data,Unknown - not stated in source data,Unknown - not stated in source data,Unknown - not stated in source data,Unknown - not stated in source data,United Kingdom,Unknown - no external source,High (dataset-derived),"Kaggle: big-startup-secsees-fail-dataset-from-crunchbase + investments-crunchbase (market enrichment) (idea_description text is DERIVED, not sourced verbatim)",https://www.kaggle.com/datasets/yanmaksi/big-startup-secsees-fail-dataset-from-crunchbase
IDEA-00331,"[DERIVED] Concord Worldwide, Inc. is a real, publicly-recorded SaaS company (category tags: Cloud Computing|Contact Management) headquartered in United States.",SaaS,Cloud Computing|Contact Management,Unknown - not stated in source data,Unknown - not stated in source data,Unknown - not stated in source data,Unknown - not stated in source data,Unknown - not stated in source data,Unknown - not stated in source data,United States,Unknown - no external source,High (dataset-derived),"Kaggle: big-startup-secsees-fail-dataset-from-crunchbase (idea_description text is DERIVED, not sourced verbatim)",https://www.kaggle.com/datasets/yanmaksi/big-startup-secsees-fail-dataset-from-crunchbase
IDEA-00332,"[DERIVED] Modiv Media is a real, publicly-recorded MarTech company (category tags: Public Relations) headquartered in United States.",MarTech,Public Relations,Unknown - not stated in source data,Unknown - not stated in source data,Unknown - not stated in source data,Unknown - not stated in source data,Unknown - not stated in source data,Unknown - not stated in source data,United States,Unknown - no external source,High (dataset-derived),"Kaggle: big-startup-secsees-fail-dataset-from-crunchbase + investments-crunchbase (market enrichment) (idea_description text is DERIVED, not sourced verbatim)",https://www.kaggle.com/datasets/yanmaksi/big-startup-secsees-fail-dataset-from-crunchbase
IDEA-00333,"[DERIVED] Perpetuuiti TechnoSoft Services is a real, publicly-recorded SaaS company (category tags: Software) headquartered in India.",SaaS,Software,Unknown - not stated in source data,Unknown - not stated in source data,Unknown - not stated in source data,Unknown - not stated in source data,Unknown - not stated in source data,Unknown - not stated in source data,India,Unknown - no external source,Medium (dataset-derived),"Kaggle: big-startup-secsees-fail-dataset-from-crunchbase + investments-crunchbase (market enrichment) (idea_description text is DERIVED, not sourced verbatim)",https://www.kaggle.com/datasets/yanmaksi/big-startup-secsees-fail-dataset-from-crunchbase
IDEA-00334,"[DERIVED] Artisan Square Marketplace is a real, publicly-recorded E-commerce company (category tags: Marketplaces) headquartered in Canada.",E-commerce,Marketplaces,Unknown - not stated in source data,Unknown - not stated in source data,Unknown - not stated in source data,Unknown - not stated in source data,Unknown - not stated in source data,Unknown - not stated in source data,Canada,Unknown - no external source,Medium (dataset-derived),"Kaggle: big-startup-secsees-fail-dataset-from-crunchbase + investments-crunchbase (market enrichment) (idea_description text is DERIVED, not sourced verbatim)",https://www.kaggle.com/datasets/yanmaksi/big-startup-secsees-fail-dataset-from-crunchbase
IDEA-00335,"[DERIVED] Clouddemy is a real, publicly-recorded EdTech company (category tags: University Students) headquartered in an unspecified country.",EdTech,University Students,Unknown - not stated in source data,Unknown - not stated in source data,Unknown - not stated in source data,Unknown - not stated in source data,Unknown - not stated in source data,Unknown - not stated in source data,,Unknown - no external source,Unknown,"Kaggle: big-startup-secsees-fail-dataset-from-crunchbase (idea_description text is DERIVED, not sourced verbatim)",https://www.kaggle.com/datasets/yanmaksi/big-startup-secsees-fail-dataset-from-crunchbase
IDEA-00336,"[DERIVED] Shustir is a real, publicly-recorded MarTech company (category tags: Curated Web|E-Commerce|Online Shopping|Sales and Marketing|Social Commerce|Social Network Media) headquartered in United States.",MarTech,Curated Web|E-Commerce|Online Shopping|Sales and Marketing|Social Commerce|Social Network Media,Unknown - not stated in source data,Unknown - not stated in source data,Unknown - not stated in source data,Unknown - not stated in source data,Unknown - not stated in source data,Unknown - not stated in source data,United States,Unknown - no external source,High (dataset-derived),"Kaggle: big-startup-secsees-fail-dataset-from-crunchbase + investments-crunchbase (market enrichment) (idea_description text is DERIVED, not sourced verbatim)",https://www.kaggle.com/datasets/yanmaksi/big-startup-secsees-fail-dataset-from-crunchbase
IDEA-00337,"[DERIVED] Lokmart is a real, publicly-recorded E-commerce company (category tags: E-Commerce) headquartered in Pakistan.",E-commerce,E-Commerce,Unknown - not stated in source data,Unknown - not stated in source data,Unknown - not stated in source data,Unknown - not stated in source data,Unknown - not stated in source data,Unknown - not stated in source data,Pakistan,Unknown - no external source,Low (dataset-derived),"Kaggle: big-startup-secsees-fail-dataset-from-crunchbase + investments-crunchbase (market enrichment) (idea_description text is DERIVED, not sourced verbatim)",https://www.kaggle.com/datasets/yanmaksi/big-startup-secsees-fail-dataset-from-crunchbase
IDEA-00338,"[DERIVED] Prontoly is a real, publicly-recorded SaaS company (category tags: Mobile|SaaS|Software) headquartered in Israel.",SaaS,Mobile|SaaS|Software,Unknown - not stated in source data,Unknown - not stated in source data,Unknown - not stated in source data,Unknown - not stated in source data,Unknown - not stated in source data,Unknown - not stated in source data,Israel,Unknown - no external source,Medium (dataset-derived),"Kaggle: big-startup-secsees-fail-dataset-from-crunchbase (idea_description text is DERIVED, not sourced verbatim)",https://www.kaggle.com/datasets/yanmaksi/big-startup-secsees-fail-dataset-from-crunchbase
IDEA-00339,"[DERIVED] Tizaro is a real, publicly-recorded E-commerce company (category tags: E-Commerce) headquartered in United Kingdom.",E-commerce,E-Commerce,Unknown - not stated in source data,Unknown - not stated in source data,Unknown - not stated in source data,Unknown - not stated in source data,Unknown - not stated in source data,Unknown - not stated in source data,United Kingdom,Unknown - no external source,High (dataset-derived),"Kaggle: big-startup-secsees-fail-dataset-from-crunchbase + investments-crunchbase (market enrichment) (idea_description text is DERIVED, not sourced verbatim)",https://www.kaggle.com/datasets/yanmaksi/big-startup-secsees-fail-dataset-from-crunchbase
IDEA-00340,"[DERIVED] Simplifier Corporation is a real, publicly-recorded SaaS company (category tags: Big Data Analytics|Business Analytics|SaaS) headquartered in United States.",SaaS,Big Data Analytics|Business Analytics|SaaS,Unknown - not stated in source data,Unknown - not stated in source data,Unknown - not stated in source data,Unknown - not stated in source data,Unknown - not stated in source data,Unknown - not stated in source data,United States,Unknown - no external source,High (dataset-derived),"Kaggle: big-startup-secsees-fail-dataset-from-crunchbase (idea_description text is DERIVED, not sourced verbatim)",https://www.kaggle.com/datasets/yanmaksi/big-startup-secsees-fail-dataset-from-crunchbase
IDEA-00341,"[DERIVED] Professores de Plantão is a real, publicly-recorded EdTech company (category tags: Education|High School Students|Online Education|Training) headquartered in Brazil.",EdTech,Education|High School Students|Online Education|Training,Unknown - not stated in source data,Unknown - not stated in source data,Unknown - not stated in source data,Unknown - not stated in source data,Unknown - not stated in source data,Unknown - not stated in source data,Brazil,Unknown - no external source,Medium (dataset-derived),"Kaggle: big-startup-secsees-fail-dataset-from-crunchbase (idea_description text is DERIVED, not sourced verbatim)",https://www.kaggle.com/datasets/yanmaksi/big-startup-secsees-fail-dataset-from-crunchbase
IDEA-00342,"[DERIVED] SenseGiz is a real, publicly-recorded DeepTech company (category tags: Hardware + Software) headquartered in United States.",DeepTech,Hardware + Software,Unknown - not stated in source data,Unknown - not stated in source data,Unknown - not stated in source data,Unknown - not stated in source data,Unknown - not stated in source data,Unknown - not stated in source data,United States,Unknown - no external source,High (dataset-derived),"Kaggle: big-startup-secsees-fail-dataset-from-crunchbase (idea_description text is DERIVED, not sourced verbatim)",https://www.kaggle.com/datasets/yanmaksi/big-startup-secsees-fail-dataset-from-crunchbase
IDEA-00343,"[DERIVED] Eloxx is a real, publicly-recorded HealthTech company (category tags: Biotechnology|Pharmaceuticals) headquartered in Israel.",HealthTech,Biotechnology|Pharmaceuticals,Unknown - not stated in source data,Unknown - not stated in source data,Unknown - not stated in source data,Unknown - not stated in source data,Unknown - not stated in source data,Unknown - not stated in source data,Israel,Unknown - no external source,Medium (dataset-derived),"Kaggle: big-startup-secsees-fail-dataset-from-crunchbase + investments-crunchbase (market enrichment) (idea_description text is DERIVED, not sourced verbatim)",https://www.kaggle.com/datasets/yanmaksi/big-startup-secsees-fail-dataset-from-crunchbase
IDEA-00344,"[DERIVED] Naabo Solutions is a real, publicly-recorded SaaS company (category tags: Software) headquartered in India.",SaaS,Software,Unknown - not stated in source data,Unknown - not stated in source data,Unknown - not stated in source data,Unknown - not stated in source data,Unknown - not stated in source data,Unknown - not stated in source data,India,Unknown - no external source,Medium (dataset-derived),"Kaggle: big-startup-secsees-fail-dataset-from-crunchbase + investments-crunchbase (market enrichment) (idea_description text is DERIVED, not sourced verbatim)",https://www.kaggle.com/datasets/yanmaksi/big-startup-secsees-fail-dataset-from-crunchbase
IDEA-00345,"[DERIVED] Optimal Technologies is a real, publicly-recorded CleanTech company (category tags: Clean Technology) headquartered in United States.",CleanTech,Clean Technology,Unknown - not stated in source data,Unknown - not stated in source data,Unknown - not stated in source data,Unknown - not stated in source data,Unknown - not stated in source data,Unknown - not stated in source data,United States,Unknown - no external source,High (dataset-derived),"Kaggle: big-startup-secsees-fail-dataset-from-crunchbase + investments-crunchbase (market enrichment) (idea_description text is DERIVED, not sourced verbatim)",https://www.kaggle.com/datasets/yanmaksi/big-startup-secsees-fail-dataset-from-crunchbase
IDEA-00346,"[DERIVED] AtomShockwave is a real, publicly-recorded Media & Entertainment company (category tags: Games) headquartered in United States.",Media & Entertainment,Games,Unknown - not stated in source data,Unknown - not stated in source data,Unknown - not stated in source data,Unknown - not stated in source data,Unknown - not stated in source data,Unknown - not stated in source data,United States,Unknown - no external source,High (dataset-derived),"Kaggle: big-startup-secsees-fail-dataset-from-crunchbase + investments-crunchbase (market enrichment) (idea_description text is DERIVED, not sourced verbatim)",https://www.kaggle.com/datasets/yanmaksi/big-startup-secsees-fail-dataset-from-crunchbase
IDEA-00347,"[DERIVED] Hilosoft is a real, publicly-recorded SaaS company (category tags: Software) headquartered in United States.",SaaS,Software,Unknown - not stated in source data,Unknown - not stated in source data,Unknown - not stated in source data,Unknown - not stated in source data,Unknown - not stated in source data,Unknown - not stated in source data,United States,Unknown - no external source,High (dataset-derived),"Kaggle: big-startup-secsees-fail-dataset-from-crunchbase + investments-crunchbase (market enrichment) (idea_description text is DERIVED, not sourced verbatim)",https://www.kaggle.com/datasets/yanmaksi/big-startup-secsees-fail-dataset-from-crunchbase
IDEA-00348,"[DERIVED] Reniac is a real, publicly-recorded SaaS company (category tags: Analytics|Big Data) headquartered in United States.",SaaS,Analytics|Big Data,Unknown - not stated in source data,Unknown - not stated in source data,Unknown - not stated in source data,Unknown - not stated in source data,Unknown - not stated in source data,Unknown - not stated in source data,United States,Unknown - no external source,High (dataset-derived),"Kaggle: big-startup-secsees-fail-dataset-from-crunchbase + investments-crunchbase (market enrichment) (idea_description text is DERIVED, not sourced verbatim)",https://www.kaggle.com/datasets/yanmaksi/big-startup-secsees-fail-dataset-from-crunchbase
IDEA-00349,"[DERIVED] Algal Scientific is a real, publicly-recorded CleanTech company (category tags: Animal Feed|Clean Technology|Nutraceutical|Water) headquartered in United States.",CleanTech,Animal Feed|Clean Technology|Nutraceutical|Water,Unknown - not stated in source data,Unknown - not stated in source data,Unknown - not stated in source data,Unknown - not stated in source data,Unknown - not stated in source data,Unknown - not stated in source data,United States,Unknown - no external source,High (dataset-derived),"Kaggle: big-startup-secsees-fail-dataset-from-crunchbase + investments-crunchbase (market enrichment) (idea_description text is DERIVED, not sourced verbatim)",https://www.kaggle.com/datasets/yanmaksi/big-startup-secsees-fail-dataset-from-crunchbase
IDEA-00350,"[DERIVED] MobileWeaver is a real, publicly-recorded Media & Entertainment company (category tags: Mobile|Photo Sharing|Social Media) headquartered in United States.",Media & Entertainment,Mobile|Photo Sharing|Social Media,Unknown - not stated in source data,Unknown - not stated in source data,Unknown - not stated in source data,Unknown - not stated in source data,Unknown - not stated in source data,Unknown - not stated in source data,United States,Unknown - no external source,High (dataset-derived),"Kaggle: big-startup-secsees-fail-dataset-from-crunchbase (idea_description text is DERIVED, not sourced verbatim)",https://www.kaggle.com/datasets/yanmaksi/big-startup-secsees-fail-dataset-from-crunchbase
IDEA-00351,"[DERIVED] ConnectEdu is a real, publicly-recorded EdTech company (category tags: EdTech|Education) headquartered in United States.",EdTech,EdTech|Education,Unknown - not stated in source data,Unknown - not stated in source data,Unknown - not stated in source data,Unknown - not stated in source data,Unknown - not stated in source data,Unknown - not stated in source data,United States,Unknown - no external source,High (dataset-derived),"Kaggle: big-startup-secsees-fail-dataset-from-crunchbase + investments-crunchbase (market enrichment) (idea_description text is DERIVED, not sourced verbatim)",https://www.kaggle.com/datasets/yanmaksi/big-startup-secsees-fail-dataset-from-crunchbase
IDEA-00352,"[DERIVED] FinanceAcar is a real, publicly-recorded FinTech company (category tags: Auto|Business Services|Cars|Consumers|Finance|Legal) headquartered in United Kingdom.",FinTech,Auto|Business Services|Cars|Consumers|Finance|Legal,Unknown - not stated in source data,Unknown - not stated in source data,Unknown - not stated in source data,Unknown - not stated in source data,Unknown - not stated in source data,Unknown - not stated in source data,United Kingdom,Unknown - no external source,High (dataset-derived),"Kaggle: big-startup-secsees-fail-dataset-from-crunchbase + investments-crunchbase (market enrichment) (idea_description text is DERIVED, not sourced verbatim)",https://www.kaggle.com/datasets/yanmaksi/big-startup-secsees-fail-dataset-from-crunchbase
IDEA-00353,"[DERIVED] Letibee is a real, publicly-recorded Media & Entertainment company (category tags: Digital Media|Mobile|Social Media) headquartered in Japan.",Media & Entertainment,Digital Media|Mobile|Social Media,Unknown - not stated in source data,Unknown - not stated in source data,Unknown - not stated in source data,Unknown - not stated in source data,Unknown - not stated in source data,Unknown - not stated in source data,Japan,Unknown - no external source,Medium (dataset-derived),"Kaggle: big-startup-secsees-fail-dataset-from-crunchbase (idea_description text is DERIVED, not sourced verbatim)",https://www.kaggle.com/datasets/yanmaksi/big-startup-secsees-fail-dataset-from-crunchbase
IDEA-00354,"[DERIVED] Aryaka Networks is a real, publicly-recorded SaaS company (category tags: Enterprise Software|SaaS) headquartered in United States.",SaaS,Enterprise Software|SaaS,Unknown - not stated in source data,Unknown - not stated in source data,Unknown - not stated in source data,Unknown - not stated in source data,Unknown - not stated in source data,Unknown - not stated in source data,United States,Unknown - no external source,High (dataset-derived),"Kaggle: big-startup-secsees-fail-dataset-from-crunchbase + investments-crunchbase (market enrichment) (idea_description text is DERIVED, not sourced verbatim)",https://www.kaggle.com/datasets/yanmaksi/big-startup-secsees-fail-dataset-from-crunchbase
IDEA-00355,"[DERIVED] Goodman Asset Protection is a real, publicly-recorded Cybersecurity company (category tags: Security) headquartered in United States.",Cybersecurity,Security,Unknown - not stated in source data,Unknown - not stated in source data,Unknown - not stated in source data,Unknown - not stated in source data,Unknown - not stated in source data,Unknown - not stated in source data,United States,Unknown - no external source,High (dataset-derived),"Kaggle: big-startup-secsees-fail-dataset-from-crunchbase + investments-crunchbase (market enrichment) (idea_description text is DERIVED, not sourced verbatim)",https://www.kaggle.com/datasets/yanmaksi/big-startup-secsees-fail-dataset-from-crunchbase
IDEA-00356,"[DERIVED] Second Light is a real, publicly-recorded HealthTech company (category tags: Elder Care|Health and Wellness|Mobile Health|Personal Health) headquartered in United States.",HealthTech,Elder Care|Health and Wellness|Mobile Health|Personal Health,Unknown - not stated in source data,Unknown - not stated in source data,Unknown - not stated in source data,Unknown - not stated in source data,Unknown - not stated in source data,Unknown - not stated in source data,United States,Unknown - no external source,High (dataset-derived),"Kaggle: big-startup-secsees-fail-dataset-from-crunchbase + investments-crunchbase (market enrichment) (idea_description text is DERIVED, not sourced verbatim)",https://www.kaggle.com/datasets/yanmaksi/big-startup-secsees-fail-dataset-from-crunchbase
IDEA-00357,"[DERIVED] Measurence is a real, publicly-recorded SaaS company (category tags: Analytics|Big Data Analytics|Internet of Things) headquartered in an unspecified country.",SaaS,Analytics|Big Data Analytics|Internet of Things,Unknown - not stated in source data,Unknown - not stated in source data,Unknown - not stated in source data,Unknown - not stated in source data,Unknown - not stated in source data,Unknown - not stated in source data,,Unknown - no external source,Unknown,"Kaggle: big-startup-secsees-fail-dataset-from-crunchbase (idea_description text is DERIVED, not sourced verbatim)",https://www.kaggle.com/datasets/yanmaksi/big-startup-secsees-fail-dataset-from-crunchbase
IDEA-00358,"[DERIVED] Comenta TV is a real, publicly-recorded Media & Entertainment company (category tags: Analytics|News|Social Television|Television) headquartered in Argentina.",Media & Entertainment,Analytics|News|Social Television|Television,Unknown - not stated in source data,Unknown - not stated in source data,Unknown - not stated in source data,Unknown - not stated in source data,Unknown - not stated in source data,Unknown - not stated in source data,Argentina,Unknown - no external source,Medium (dataset-derived),"Kaggle: big-startup-secsees-fail-dataset-from-crunchbase + investments-crunchbase (market enrichment) (idea_description text is DERIVED, not sourced verbatim)",https://www.kaggle.com/datasets/yanmaksi/big-startup-secsees-fail-dataset-from-crunchbase
IDEA-00359,"[DERIVED] Aceable is a real, publicly-recorded EdTech company (category tags: Education|Mobile Commerce|Technical Continuing Education) headquartered in United States.",EdTech,Education|Mobile Commerce|Technical Continuing Education,Unknown - not stated in source data,Unknown - not stated in source data,Unknown - not stated in source data,Unknown - not stated in source data,Unknown - not stated in source data,Unknown - not stated in source data,United States,Unknown - no external source,High (dataset-derived),"Kaggle: big-startup-secsees-fail-dataset-from-crunchbase + investments-crunchbase (market enrichment) (idea_description text is DERIVED, not sourced verbatim)",https://www.kaggle.com/datasets/yanmaksi/big-startup-secsees-fail-dataset-from-crunchbase
IDEA-00360,"[DERIVED] Nevis Networks is a real, publicly-recorded Cybersecurity company (category tags: Security) headquartered in United States.",Cybersecurity,Security,Unknown - not stated in source data,Unknown - not stated in source data,Unknown - not stated in source data,Unknown - not stated in source data,Unknown - not stated in source data,Unknown - not stated in source data,United States,Unknown - no external source,High (dataset-derived),"Kaggle: big-startup-secsees-fail-dataset-from-crunchbase + investments-crunchbase (market enrichment) (idea_description text is DERIVED, not sourced verbatim)",https://www.kaggle.com/datasets/yanmaksi/big-startup-secsees-fail-dataset-from-crunchbase
IDEA-00361,"[DERIVED] Origami Logic is a real, publicly-recorded SaaS company (category tags: Analytics) headquartered in United States.",SaaS,Analytics,Unknown - not stated in source data,Unknown - not stated in source data,Unknown - not stated in source data,Unknown - not stated in source data,Unknown - not stated in source data,Unknown - not stated in source data,United States,Unknown - no external source,High (dataset-derived),"Kaggle: big-startup-secsees-fail-dataset-from-crunchbase + investments-crunchbase (market enrichment) (idea_description text is DERIVED, not sourced verbatim)",https://www.kaggle.com/datasets/yanmaksi/big-startup-secsees-fail-dataset-from-crunchbase
IDEA-00362,"[DERIVED] Cotera is a real, publicly-recorded HealthTech company (category tags: Health Care|Medical|Medical Devices) headquartered in United States.",HealthTech,Health Care|Medical|Medical Devices,Unknown - not stated in source data,Unknown - not stated in source data,Unknown - not stated in source data,Unknown - not stated in source data,Unknown - not stated in source data,Unknown - not stated in source data,United States,Unknown - no external source,High (dataset-derived),"Kaggle: big-startup-secsees-fail-dataset-from-crunchbase + investments-crunchbase (market enrichment) (idea_description text is DERIVED, not sourced verbatim)",https://www.kaggle.com/datasets/yanmaksi/big-startup-secsees-fail-dataset-from-crunchbase
IDEA-00363,"[DERIVED] Blissful Feet Dance Studio is a real, publicly-recorded Media & Entertainment company (category tags: Entertainment|Games) headquartered in United States.",Media & Entertainment,Entertainment|Games,Unknown - not stated in source data,Unknown - not stated in source data,Unknown - not stated in source data,Unknown - not stated in source data,Unknown - not stated in source data,Unknown - not stated in source data,United States,Unknown - no external source,High (dataset-derived),"Kaggle: big-startup-secsees-fail-dataset-from-crunchbase + investments-crunchbase (market enrichment) (idea_description text is DERIVED, not sourced verbatim)",https://www.kaggle.com/datasets/yanmaksi/big-startup-secsees-fail-dataset-from-crunchbase
IDEA-00364,"[DERIVED] Rescale is a real, publicly-recorded SaaS company (category tags: Application Platforms|Cloud Infrastructure|Enterprise Software) headquartered in United States.",SaaS,Application Platforms|Cloud Infrastructure|Enterprise Software,Unknown - not stated in source data,Unknown - not stated in source data,Unknown - not stated in source data,Unknown - not stated in source data,Unknown - not stated in source data,Unknown - not stated in source data,United States,Unknown - no external source,High (dataset-derived),"Kaggle: big-startup-secsees-fail-dataset-from-crunchbase + investments-crunchbase (market enrichment) (idea_description text is DERIVED, not sourced verbatim)",https://www.kaggle.com/datasets/yanmaksi/big-startup-secsees-fail-dataset-from-crunchbase
IDEA-00365,"[DERIVED] Notis.tv is a real, publicly-recorded Media & Entertainment company (category tags: Mobile|Mobile Devices|News) headquartered in United States.",Media & Entertainment,Mobile|Mobile Devices|News,Unknown - not stated in source data,Unknown - not stated in source data,Unknown - not stated in source data,Unknown - not stated in source data,Unknown - not stated in source data,Unknown - not stated in source data,United States,Unknown - no external source,High (dataset-derived),"Kaggle: big-startup-secsees-fail-dataset-from-crunchbase (idea_description text is DERIVED, not sourced verbatim)",https://www.kaggle.com/datasets/yanmaksi/big-startup-secsees-fail-dataset-from-crunchbase
IDEA-00366,"[DERIVED] Convercent is a real, publicly-recorded SaaS company (category tags: Enterprise Software) headquartered in United States.",SaaS,Enterprise Software,Unknown - not stated in source data,Unknown - not stated in source data,Unknown - not stated in source data,Unknown - not stated in source data,Unknown - not stated in source data,Unknown - not stated in source data,United States,Unknown - no external source,High (dataset-derived),"Kaggle: big-startup-secsees-fail-dataset-from-crunchbase + investments-crunchbase (market enrichment) (idea_description text is DERIVED, not sourced verbatim)",https://www.kaggle.com/datasets/yanmaksi/big-startup-secsees-fail-dataset-from-crunchbase
IDEA-00367,"[DERIVED] JIT Solaire is a real, publicly-recorded CleanTech company (category tags: Clean Technology) headquartered in France.",CleanTech,Clean Technology,Unknown - not stated in source data,Unknown - not stated in source data,Unknown - not stated in source data,Unknown - not stated in source data,Unknown - not stated in source data,Unknown - not stated in source data,France,Unknown - no external source,Low (dataset-derived),"Kaggle: big-startup-secsees-fail-dataset-from-crunchbase + investments-crunchbase (market enrichment) (idea_description text is DERIVED, not sourced verbatim)",https://www.kaggle.com/datasets/yanmaksi/big-startup-secsees-fail-dataset-from-crunchbase
IDEA-00368,"[DERIVED] iLinc is a real, publicly-recorded SaaS company (category tags: Collaboration|Software) headquartered in United States.",SaaS,Collaboration|Software,Unknown - not stated in source data,Unknown - not stated in source data,Unknown - not stated in source data,Unknown - not stated in source data,Unknown - not stated in source data,Unknown - not stated in source data,United States,Unknown - no external source,High (dataset-derived),"Kaggle: big-startup-secsees-fail-dataset-from-crunchbase + investments-crunchbase (market enrichment) (idea_description text is DERIVED, not sourced verbatim)",https://www.kaggle.com/datasets/yanmaksi/big-startup-secsees-fail-dataset-from-crunchbase
IDEA-00369,"[DERIVED] Foxtrot is a real, publicly-recorded Logistics company (category tags: Delivery|E-Commerce|Wine And Spirits) headquartered in an unspecified country.",Logistics,Delivery|E-Commerce|Wine And Spirits,Unknown - not stated in source data,Unknown - not stated in source data,Unknown - not stated in source data,Unknown - not stated in source data,Unknown - not stated in source data,Unknown - not stated in source data,,Unknown - no external source,Unknown,"Kaggle: big-startup-secsees-fail-dataset-from-crunchbase + investments-crunchbase (market enrichment) (idea_description text is DERIVED, not sourced verbatim)",https://www.kaggle.com/datasets/yanmaksi/big-startup-secsees-fail-dataset-from-crunchbase
IDEA-00370,"[DERIVED] Pivot is a real, publicly-recorded FinTech company (category tags: Financial Services|Messaging|Price Comparison|Trading) headquartered in United States.",FinTech,Financial Services|Messaging|Price Comparison|Trading,Unknown - not stated in source data,Unknown - not stated in source data,Unknown - not stated in source data,Unknown - not stated in source data,Unknown - not stated in source data,Unknown - not stated in source data,United States,Unknown - no external source,High (dataset-derived),"Kaggle: big-startup-secsees-fail-dataset-from-crunchbase + investments-crunchbase (market enrichment) (idea_description text is DERIVED, not sourced verbatim)",https://www.kaggle.com/datasets/yanmaksi/big-startup-secsees-fail-dataset-from-crunchbase
IDEA-00371,"[DERIVED] Orbitera, Inc. is a real, publicly-recorded MarTech company (category tags: Analytics|Cloud Computing|E-Commerce|SaaS|Software) headquartered in United States.",MarTech,Analytics|Cloud Computing|E-Commerce|SaaS|Software,Unknown - not stated in source data,Unknown - not stated in source data,Unknown - not stated in source data,Unknown - not stated in source data,Unknown - not stated in source data,Unknown - not stated in source data,United States,Unknown - no external source,High (dataset-derived),"Kaggle: big-startup-secsees-fail-dataset-from-crunchbase + investments-crunchbase (market enrichment) (idea_description text is DERIVED, not sourced verbatim)",https://www.kaggle.com/datasets/yanmaksi/big-startup-secsees-fail-dataset-from-crunchbase
IDEA-00372,"[DERIVED] Tom Kabinet is a real, publicly-recorded Media & Entertainment company (category tags: Publishing) headquartered in an unspecified country.",Media & Entertainment,Publishing,Unknown - not stated in source data,Unknown - not stated in source data,Unknown - not stated in source data,Unknown - not stated in source data,Unknown - not stated in source data,Unknown - not stated in source data,,Unknown - no external source,Unknown,"Kaggle: big-startup-secsees-fail-dataset-from-crunchbase (idea_description text is DERIVED, not sourced verbatim)",https://www.kaggle.com/datasets/yanmaksi/big-startup-secsees-fail-dataset-from-crunchbase
IDEA-00373,"[DERIVED] AMPSocial is a real, publicly-recorded Media & Entertainment company (category tags: Social Media|Software) headquartered in United States.",Media & Entertainment,Social Media|Software,Unknown - not stated in source data,Unknown - not stated in source data,Unknown - not stated in source data,Unknown - not stated in source data,Unknown - not stated in source data,Unknown - not stated in source data,United States,Unknown - no external source,High (dataset-derived),"Kaggle: big-startup-secsees-fail-dataset-from-crunchbase + investments-crunchbase (market enrichment) (idea_description text is DERIVED, not sourced verbatim)",https://www.kaggle.com/datasets/yanmaksi/big-startup-secsees-fail-dataset-from-crunchbase
IDEA-00374,"[DERIVED] BlockBeacon is a real, publicly-recorded SaaS company (category tags: Curated Web) headquartered in United States.",SaaS,Curated Web,Unknown - not stated in source data,Unknown - not stated in source data,Unknown - not stated in source data,Unknown - not stated in source data,Unknown - not stated in source data,Unknown - not stated in source data,United States,Unknown - no external source,High (dataset-derived),"Kaggle: big-startup-secsees-fail-dataset-from-crunchbase + investments-crunchbase (market enrichment) (idea_description text is DERIVED, not sourced verbatim)",https://www.kaggle.com/datasets/yanmaksi/big-startup-secsees-fail-dataset-from-crunchbase
IDEA-00375,"[DERIVED] Musistic is a real, publicly-recorded Media & Entertainment company (category tags: Audio|Collaboration|Digital Media|Marketplaces|Music|Music Services|Social Network Media|Technology) headquartered in United States.",Media & Entertainment,Audio|Collaboration|Digital Media|Marketplaces|Music|Music Services|Social Network Media|Technology,Unknown - not stated in source data,Unknown - not stated in source data,Unknown - not stated in source data,Unknown - not stated in source data,Unknown - not stated in source data,Unknown - not stated in source data,United States,Unknown - no external source,High (dataset-derived),"Kaggle: big-startup-secsees-fail-dataset-from-crunchbase + investments-crunchbase (market enrichment) (idea_description text is DERIVED, not sourced verbatim)",https://www.kaggle.com/datasets/yanmaksi/big-startup-secsees-fail-dataset-from-crunchbase
IDEA-00376,"[DERIVED] Earz is a real, publicly-recorded FinTech company (category tags: Crowdfunding) headquartered in an unspecified country.",FinTech,Crowdfunding,Unknown - not stated in source data,Unknown - not stated in source data,Unknown - not stated in source data,Unknown - not stated in source data,Unknown - not stated in source data,Unknown - not stated in source data,,Unknown - no external source,Unknown,"Kaggle: big-startup-secsees-fail-dataset-from-crunchbase (idea_description text is DERIVED, not sourced verbatim)",https://www.kaggle.com/datasets/yanmaksi/big-startup-secsees-fail-dataset-from-crunchbase
IDEA-00377,"[DERIVED] Netlist is a real, publicly-recorded DeepTech company (category tags: Semiconductors) headquartered in United States.",DeepTech,Semiconductors,Unknown - not stated in source data,Unknown - not stated in source data,Unknown - not stated in source data,Unknown - not stated in source data,Unknown - not stated in source data,Unknown - not stated in source data,United States,Unknown - no external source,High (dataset-derived),"Kaggle: big-startup-secsees-fail-dataset-from-crunchbase + investments-crunchbase (market enrichment) (idea_description text is DERIVED, not sourced verbatim)",https://www.kaggle.com/datasets/yanmaksi/big-startup-secsees-fail-dataset-from-crunchbase
IDEA-00378,"[DERIVED] Immedia is a real, publicly-recorded DeepTech company (category tags: Semiconductors) headquartered in United States.",DeepTech,Semiconductors,Unknown - not stated in source data,Unknown - not stated in source data,Unknown - not stated in source data,Unknown - not stated in source data,Unknown - not stated in source data,Unknown - not stated in source data,United States,Unknown - no external source,High (dataset-derived),"Kaggle: big-startup-secsees-fail-dataset-from-crunchbase + investments-crunchbase (market enrichment) (idea_description text is DERIVED, not sourced verbatim)",https://www.kaggle.com/datasets/yanmaksi/big-startup-secsees-fail-dataset-from-crunchbase
IDEA-00379,"[DERIVED] OpenNews is a real, publicly-recorded Media & Entertainment company (category tags: News) headquartered in United States.",Media & Entertainment,News,Unknown - not stated in source data,Unknown - not stated in source data,Unknown - not stated in source data,Unknown - not stated in source data,Unknown - not stated in source data,Unknown - not stated in source data,United States,Unknown - no external source,High (dataset-derived),"Kaggle: big-startup-secsees-fail-dataset-from-crunchbase + investments-crunchbase (market enrichment) (idea_description text is DERIVED, not sourced verbatim)",https://www.kaggle.com/datasets/yanmaksi/big-startup-secsees-fail-dataset-from-crunchbase
IDEA-00380,"[DERIVED] Annexon is a real, publicly-recorded HealthTech company (category tags: Biotechnology) headquartered in United States.",HealthTech,Biotechnology,Unknown - not stated in source data,Unknown - not stated in source data,Unknown - not stated in source data,Unknown - not stated in source data,Unknown - not stated in source data,Unknown - not stated in source data,United States,Unknown - no external source,High (dataset-derived),"Kaggle: big-startup-secsees-fail-dataset-from-crunchbase + investments-crunchbase (market enrichment) (idea_description text is DERIVED, not sourced verbatim)",https://www.kaggle.com/datasets/yanmaksi/big-startup-secsees-fail-dataset-from-crunchbase
IDEA-00381,"[DERIVED] Basecamp is a real, publicly-recorded Media & Entertainment company (category tags: Project Management|SaaS|Social Media|Software) headquartered in United States.",Media & Entertainment,Project Management|SaaS|Social Media|Software,Unknown - not stated in source data,Unknown - not stated in source data,Unknown - not stated in source data,Unknown - not stated in source data,Unknown - not stated in source data,Unknown - not stated in source data,United States,Unknown - no external source,High (dataset-derived),"Kaggle: big-startup-secsees-fail-dataset-from-crunchbase + investments-crunchbase (market enrichment) (idea_description text is DERIVED, not sourced verbatim)",https://www.kaggle.com/datasets/yanmaksi/big-startup-secsees-fail-dataset-from-crunchbase
IDEA-00382,"[DERIVED] Buyosphere is a real, publicly-recorded E-commerce company (category tags: E-Commerce|Fashion|Search|Shopping|Social Commerce) headquartered in Canada.",E-commerce,E-Commerce|Fashion|Search|Shopping|Social Commerce,Unknown - not stated in source data,Unknown - not stated in source data,Unknown - not stated in source data,Unknown - not stated in source data,Unknown - not stated in source data,Unknown - not stated in source data,Canada,Unknown - no external source,Medium (dataset-derived),"Kaggle: big-startup-secsees-fail-dataset-from-crunchbase + investments-crunchbase (market enrichment) (idea_description text is DERIVED, not sourced verbatim)",https://www.kaggle.com/datasets/yanmaksi/big-startup-secsees-fail-dataset-from-crunchbase
IDEA-00383,"[DERIVED] Avalon Solutions Group is a real, publicly-recorded SaaS company (category tags: Software) headquartered in United States.",SaaS,Software,Unknown - not stated in source data,Unknown - not stated in source data,Unknown - not stated in source data,Unknown - not stated in source data,Unknown - not stated in source data,Unknown - not stated in source data,United States,Unknown - no external source,High (dataset-derived),"Kaggle: big-startup-secsees-fail-dataset-from-crunchbase + investments-crunchbase (market enrichment) (idea_description text is DERIVED, not sourced verbatim)",https://www.kaggle.com/datasets/yanmaksi/big-startup-secsees-fail-dataset-from-crunchbase
IDEA-00384,"[DERIVED] Everest Software is a real, publicly-recorded SaaS company (category tags: Software) headquartered in United States.",SaaS,Software,Unknown - not stated in source data,Unknown - not stated in source data,Unknown - not stated in source data,Unknown - not stated in source data,Unknown - not stated in source data,Unknown - not stated in source data,United States,Unknown - no external source,High (dataset-derived),"Kaggle: big-startup-secsees-fail-dataset-from-crunchbase + investments-crunchbase (market enrichment) (idea_description text is DERIVED, not sourced verbatim)",https://www.kaggle.com/datasets/yanmaksi/big-startup-secsees-fail-dataset-from-crunchbase
IDEA-00385,"[DERIVED] thePlatform is a real, publicly-recorded Media & Entertainment company (category tags: Games) headquartered in United States.",Media & Entertainment,Games,Unknown - not stated in source data,Unknown - not stated in source data,Unknown - not stated in source data,Unknown - not stated in source data,Unknown - not stated in source data,Unknown - not stated in source data,United States,Unknown - no external source,High (dataset-derived),"Kaggle: big-startup-secsees-fail-dataset-from-crunchbase + investments-crunchbase (market enrichment) (idea_description text is DERIVED, not sourced verbatim)",https://www.kaggle.com/datasets/yanmaksi/big-startup-secsees-fail-dataset-from-crunchbase
IDEA-00386,"[DERIVED] Longboard Media is a real, publicly-recorded MarTech company (category tags: Advertising|E-Commerce) headquartered in United States.",MarTech,Advertising|E-Commerce,Unknown - not stated in source data,Unknown - not stated in source data,Unknown - not stated in source data,Unknown - not stated in source data,Unknown - not stated in source data,Unknown - not stated in source data,United States,Unknown - no external source,High (dataset-derived),"Kaggle: big-startup-secsees-fail-dataset-from-crunchbase + investments-crunchbase (market enrichment) (idea_description text is DERIVED, not sourced verbatim)",https://www.kaggle.com/datasets/yanmaksi/big-startup-secsees-fail-dataset-from-crunchbase
IDEA-00387,"[DERIVED] BeRanked is a real, publicly-recorded MarTech company (category tags: Business Services|Customer Service|Internet Marketing) headquartered in United States.",MarTech,Business Services|Customer Service|Internet Marketing,Unknown - not stated in source data,Unknown - not stated in source data,Unknown - not stated in source data,Unknown - not stated in source data,Unknown - not stated in source data,Unknown - not stated in source data,United States,Unknown - no external source,High (dataset-derived),"Kaggle: big-startup-secsees-fail-dataset-from-crunchbase (idea_description text is DERIVED, not sourced verbatim)",https://www.kaggle.com/datasets/yanmaksi/big-startup-secsees-fail-dataset-from-crunchbase
IDEA-00388,"[DERIVED] C3L3B Digital is a real, publicly-recorded Media & Entertainment company (category tags: Games) headquartered in United States.",Media & Entertainment,Games,Unknown - not stated in source data,Unknown - not stated in source data,Unknown - not stated in source data,Unknown - not stated in source data,Unknown - not stated in source data,Unknown - not stated in source data,United States,Unknown - no external source,High (dataset-derived),"Kaggle: big-startup-secsees-fail-dataset-from-crunchbase + investments-crunchbase (market enrichment) (idea_description text is DERIVED, not sourced verbatim)",https://www.kaggle.com/datasets/yanmaksi/big-startup-secsees-fail-dataset-from-crunchbase
IDEA-00389,"[DERIVED] Real Food Blends is a real, publicly-recorded FoodTech company (category tags: Food Processing) headquartered in United States.",FoodTech,Food Processing,Unknown - not stated in source data,Unknown - not stated in source data,Unknown - not stated in source data,Unknown - not stated in source data,Unknown - not stated in source data,Unknown - not stated in source data,United States,Unknown - no external source,High (dataset-derived),"Kaggle: big-startup-secsees-fail-dataset-from-crunchbase + investments-crunchbase (market enrichment) (idea_description text is DERIVED, not sourced verbatim)",https://www.kaggle.com/datasets/yanmaksi/big-startup-secsees-fail-dataset-from-crunchbase
IDEA-00390,"[DERIVED] JUMPTHECUT is a real, publicly-recorded Media & Entertainment company (category tags: Curated Web|Film) headquartered in an unspecified country.",Media & Entertainment,Curated Web|Film,Unknown - not stated in source data,Unknown - not stated in source data,Unknown - not stated in source data,Unknown - not stated in source data,Unknown - not stated in source data,Unknown - not stated in source data,,Unknown - no external source,Unknown,"Kaggle: big-startup-secsees-fail-dataset-from-crunchbase (idea_description text is DERIVED, not sourced verbatim)",https://www.kaggle.com/datasets/yanmaksi/big-startup-secsees-fail-dataset-from-crunchbase
IDEA-00391,"[DERIVED] Mister Bell is a real, publicly-recorded MarTech company (category tags: Advertising|Franchises|Mobile|Publishing|SEO) headquartered in France.",MarTech,Advertising|Franchises|Mobile|Publishing|SEO,Unknown - not stated in source data,Unknown - not stated in source data,Unknown - not stated in source data,Unknown - not stated in source data,Unknown - not stated in source data,Unknown - not stated in source data,France,Unknown - no external source,Medium (dataset-derived),"Kaggle: big-startup-secsees-fail-dataset-from-crunchbase + investments-crunchbase (market enrichment) (idea_description text is DERIVED, not sourced verbatim)",https://www.kaggle.com/datasets/yanmaksi/big-startup-secsees-fail-dataset-from-crunchbase
IDEA-00392,"[DERIVED] Sabal Medical is a real, publicly-recorded HealthTech company (category tags: Health Care) headquartered in United States.",HealthTech,Health Care,Unknown - not stated in source data,Unknown - not stated in source data,Unknown - not stated in source data,Unknown - not stated in source data,Unknown - not stated in source data,Unknown - not stated in source data,United States,Unknown - no external source,High (dataset-derived),"Kaggle: big-startup-secsees-fail-dataset-from-crunchbase (idea_description text is DERIVED, not sourced verbatim)",https://www.kaggle.com/datasets/yanmaksi/big-startup-secsees-fail-dataset-from-crunchbase
IDEA-00393,"[DERIVED] Theracos is a real, publicly-recorded HealthTech company (category tags: Biotechnology) headquartered in United States.",HealthTech,Biotechnology,Unknown - not stated in source data,Unknown - not stated in source data,Unknown - not stated in source data,Unknown - not stated in source data,Unknown - not stated in source data,Unknown - not stated in source data,United States,Unknown - no external source,High (dataset-derived),"Kaggle: big-startup-secsees-fail-dataset-from-crunchbase + investments-crunchbase (market enrichment) (idea_description text is DERIVED, not sourced verbatim)",https://www.kaggle.com/datasets/yanmaksi/big-startup-secsees-fail-dataset-from-crunchbase
IDEA-00394,"[DERIVED] LOANATIK.Com is a real, publicly-recorded FinTech company (category tags: Financial Services) headquartered in United States.",FinTech,Financial Services,Unknown - not stated in source data,Unknown - not stated in source data,Unknown - not stated in source data,Unknown - not stated in source data,Unknown - not stated in source data,Unknown - not stated in source data,United States,Unknown - no external source,High (dataset-derived),"Kaggle: big-startup-secsees-fail-dataset-from-crunchbase (idea_description text is DERIVED, not sourced verbatim)",https://www.kaggle.com/datasets/yanmaksi/big-startup-secsees-fail-dataset-from-crunchbase
IDEA-00395,"[DERIVED] Personal Cell Sciences is a real, publicly-recorded HealthTech company (category tags: Health and Wellness) headquartered in United States.",HealthTech,Health and Wellness,Unknown - not stated in source data,Unknown - not stated in source data,Unknown - not stated in source data,Unknown - not stated in source data,Unknown - not stated in source data,Unknown - not stated in source data,United States,Unknown - no external source,High (dataset-derived),"Kaggle: big-startup-secsees-fail-dataset-from-crunchbase + investments-crunchbase (market enrichment) (idea_description text is DERIVED, not sourced verbatim)",https://www.kaggle.com/datasets/yanmaksi/big-startup-secsees-fail-dataset-from-crunchbase
IDEA-00396,"[DERIVED] Saber Hacer is a real, publicly-recorded EdTech company (category tags: Education|Service Providers|Services) headquartered in United States.",EdTech,Education|Service Providers|Services,Unknown - not stated in source data,Unknown - not stated in source data,Unknown - not stated in source data,Unknown - not stated in source data,Unknown - not stated in source data,Unknown - not stated in source data,United States,Unknown - no external source,High (dataset-derived),"Kaggle: big-startup-secsees-fail-dataset-from-crunchbase (idea_description text is DERIVED, not sourced verbatim)",https://www.kaggle.com/datasets/yanmaksi/big-startup-secsees-fail-dataset-from-crunchbase
IDEA-00397,"[DERIVED] Exo Labs is a real, publicly-recorded EdTech company (category tags: Education|Hardware|Hardware + Software|iPad|iPhone) headquartered in United States.",EdTech,Education|Hardware|Hardware + Software|iPad|iPhone,Unknown - not stated in source data,Unknown - not stated in source data,Unknown - not stated in source data,Unknown - not stated in source data,Unknown - not stated in source data,Unknown - not stated in source data,United States,Unknown - no external source,High (dataset-derived),"Kaggle: big-startup-secsees-fail-dataset-from-crunchbase + investments-crunchbase (market enrichment) (idea_description text is DERIVED, not sourced verbatim)",https://www.kaggle.com/datasets/yanmaksi/big-startup-secsees-fail-dataset-from-crunchbase
IDEA-00398,"[DERIVED] Listia is a real, publicly-recorded E-commerce company (category tags: Auctions|Curated Web|E-Commerce) headquartered in United States.",E-commerce,Auctions|Curated Web|E-Commerce,Unknown - not stated in source data,Unknown - not stated in source data,Unknown - not stated in source data,Unknown - not stated in source data,Unknown - not stated in source data,Unknown - not stated in source data,United States,Unknown - no external source,High (dataset-derived),"Kaggle: big-startup-secsees-fail-dataset-from-crunchbase + investments-crunchbase (market enrichment) (idea_description text is DERIVED, not sourced verbatim)",https://www.kaggle.com/datasets/yanmaksi/big-startup-secsees-fail-dataset-from-crunchbase
IDEA-00399,"[DERIVED] Dydra is a real, publicly-recorded SaaS company (category tags: Software) headquartered in United States.",SaaS,Software,Unknown - not stated in source data,Unknown - not stated in source data,Unknown - not stated in source data,Unknown - not stated in source data,Unknown - not stated in source data,Unknown - not stated in source data,United States,Unknown - no external source,High (dataset-derived),"Kaggle: big-startup-secsees-fail-dataset-from-crunchbase + investments-crunchbase (market enrichment) (idea_description text is DERIVED, not sourced verbatim)",https://www.kaggle.com/datasets/yanmaksi/big-startup-secsees-fail-dataset-from-crunchbase
IDEA-00400,"[DERIVED] TYSON Security is a real, publicly-recorded Cybersecurity company (category tags: Security) headquartered in Australia.",Cybersecurity,Security,Unknown - not stated in source data,Unknown - not stated in source data,Unknown - not stated in source data,Unknown - not stated in source data,Unknown - not stated in source data,Unknown - not stated in source data,Australia,Unknown - no external source,Low (dataset-derived),"Kaggle: big-startup-secsees-fail-dataset-from-crunchbase + investments-crunchbase (market enrichment) (idea_description text is DERIVED, not sourced verbatim)",https://www.kaggle.com/datasets/yanmaksi/big-startup-secsees-fail-dataset-from-crunchbase
IDEA-00401,"[DERIVED] Arav is a real, publicly-recorded E-commerce company (category tags: Distribution|Fashion|Kids|Retail) headquartered in United States.",E-commerce,Distribution|Fashion|Kids|Retail,Unknown - not stated in source data,Unknown - not stated in source data,Unknown - not stated in source data,Unknown - not stated in source data,Unknown - not stated in source data,Unknown - not stated in source data,United States,Unknown - no external source,High (dataset-derived),"Kaggle: big-startup-secsees-fail-dataset-from-crunchbase (idea_description text is DERIVED, not sourced verbatim)",https://www.kaggle.com/datasets/yanmaksi/big-startup-secsees-fail-dataset-from-crunchbase
IDEA-00402,"[DERIVED] AMVONET is a real, publicly-recorded SaaS company (category tags: Software) headquartered in United States.",SaaS,Software,Unknown - not stated in source data,Unknown - not stated in source data,Unknown - not stated in source data,Unknown - not stated in source data,Unknown - not stated in source data,Unknown - not stated in source data,United States,Unknown - no external source,High (dataset-derived),"Kaggle: big-startup-secsees-fail-dataset-from-crunchbase + investments-crunchbase (market enrichment) (idea_description text is DERIVED, not sourced verbatim)",https://www.kaggle.com/datasets/yanmaksi/big-startup-secsees-fail-dataset-from-crunchbase
IDEA-00403,"[DERIVED] Luxexcel is a real, publicly-recorded DeepTech company (category tags: 3D Printing) headquartered in Netherlands.",DeepTech,3D Printing,Unknown - not stated in source data,Unknown - not stated in source data,Unknown - not stated in source data,Unknown - not stated in source data,Unknown - not stated in source data,Unknown - not stated in source data,Netherlands,Unknown - no external source,Low (dataset-derived),"Kaggle: big-startup-secsees-fail-dataset-from-crunchbase + investments-crunchbase (market enrichment) (idea_description text is DERIVED, not sourced verbatim)",https://www.kaggle.com/datasets/yanmaksi/big-startup-secsees-fail-dataset-from-crunchbase
IDEA-00404,"[DERIVED] TrioMed Innovations is a real, publicly-recorded HealthTech company (category tags: Health Care) headquartered in an unspecified country.",HealthTech,Health Care,Unknown - not stated in source data,Unknown - not stated in source data,Unknown - not stated in source data,Unknown - not stated in source data,Unknown - not stated in source data,Unknown - not stated in source data,,Unknown - no external source,Unknown,"Kaggle: big-startup-secsees-fail-dataset-from-crunchbase + investments-crunchbase (market enrichment) (idea_description text is DERIVED, not sourced verbatim)",https://www.kaggle.com/datasets/yanmaksi/big-startup-secsees-fail-dataset-from-crunchbase
IDEA-00405,"[DERIVED] Nu3 is a real, publicly-recorded HealthTech company (category tags: Health and Wellness) headquartered in Germany.",HealthTech,Health and Wellness,Unknown - not stated in source data,Unknown - not stated in source data,Unknown - not stated in source data,Unknown - not stated in source data,Unknown - not stated in source data,Unknown - not stated in source data,Germany,Unknown - no external source,Medium (dataset-derived),"Kaggle: big-startup-secsees-fail-dataset-from-crunchbase + investments-crunchbase (market enrichment) (idea_description text is DERIVED, not sourced verbatim)",https://www.kaggle.com/datasets/yanmaksi/big-startup-secsees-fail-dataset-from-crunchbase
IDEA-00406,"[DERIVED] ClientShow is a real, publicly-recorded MarTech company (category tags: Advertising|Apps|Collaboration|Creative|Design|Fashion|Freelancers|Real Time|SaaS|Sales and Marketing|Services) headquartered in United States.",MarTech,Advertising|Apps|Collaboration|Creative|Design|Fashion|Freelancers|Real Time|SaaS|Sales and Marketing|Services,Unknown - not stated in source data,Unknown - not stated in source data,Unknown - not stated in source data,Unknown - not stated in source data,Unknown - not stated in source data,Unknown - not stated in source data,United States,Unknown - no external source,High (dataset-derived),"Kaggle: big-startup-secsees-fail-dataset-from-crunchbase + investments-crunchbase (market enrichment) (idea_description text is DERIVED, not sourced verbatim)",https://www.kaggle.com/datasets/yanmaksi/big-startup-secsees-fail-dataset-from-crunchbase
IDEA-00407,"[DERIVED] Razorpay is a real, publicly-recorded FinTech company (category tags: Fintech) headquartered in India.",FinTech,Fintech,Unknown - not stated in source data,Unknown - not stated in source data,Unknown - not stated in source data,Unknown - not stated in source data,Unknown - not stated in source data,Unknown - not stated in source data,India,Unknown - no external source,Medium (dataset-derived),"User-supplied: Startups & Funding Dataset 2024-2025 (idea_description text is DERIVED, not sourced verbatim)",https://www.kaggle.com/datasets/sufya6/startups-and-funding-dataset-20242025
IDEA-00408,"[DERIVED] Purpose Global is a real, publicly-recorded MarTech company (category tags: Advertising|Assisitive Technology|Consulting|Entrepreneur) headquartered in United States.",MarTech,Advertising|Assisitive Technology|Consulting|Entrepreneur,Unknown - not stated in source data,Unknown - not stated in source data,Unknown - not stated in source data,Unknown - not stated in source data,Unknown - not stated in source data,Unknown - not stated in source data,United States,Unknown - no external source,High (dataset-derived),"Kaggle: big-startup-secsees-fail-dataset-from-crunchbase + investments-crunchbase (market enrichment) (idea_description text is DERIVED, not sourced verbatim)",https://www.kaggle.com/datasets/yanmaksi/big-startup-secsees-fail-dataset-from-crunchbase
IDEA-00409,"[DERIVED] Intelligent Point of Sale is a real, publicly-recorded TravelTech company (category tags: Hospitality|iPad|Retail) headquartered in United Kingdom.",TravelTech,Hospitality|iPad|Retail,Unknown - not stated in source data,Unknown - not stated in source data,Unknown - not stated in source data,Unknown - not stated in source data,Unknown - not stated in source data,Unknown - not stated in source data,United Kingdom,Unknown - no external source,Medium (dataset-derived),"Kaggle: big-startup-secsees-fail-dataset-from-crunchbase (idea_description text is DERIVED, not sourced verbatim)",https://www.kaggle.com/datasets/yanmaksi/big-startup-secsees-fail-dataset-from-crunchbase
IDEA-00410,"[DERIVED] Command Information is a real, publicly-recorded Cybersecurity company (category tags: Cyber Security|Information Services|Information Technology|Internet) headquartered in United States.",Cybersecurity,Cyber Security|Information Services|Information Technology|Internet,Unknown - not stated in source data,Unknown - not stated in source data,Unknown - not stated in source data,Unknown - not stated in source data,Unknown - not stated in source data,Unknown - not stated in source data,United States,Unknown - no external source,High (dataset-derived),"Kaggle: big-startup-secsees-fail-dataset-from-crunchbase (idea_description text is DERIVED, not sourced verbatim)",https://www.kaggle.com/datasets/yanmaksi/big-startup-secsees-fail-dataset-from-crunchbase
IDEA-00411,"[DERIVED] Bidgely is a real, publicly-recorded SaaS company (category tags: Analytics) headquartered in United States.",SaaS,Analytics,Unknown - not stated in source data,Unknown - not stated in source data,Unknown - not stated in source data,Unknown - not stated in source data,Unknown - not stated in source data,Unknown - not stated in source data,United States,Unknown - no external source,High (dataset-derived),"Kaggle: big-startup-secsees-fail-dataset-from-crunchbase + investments-crunchbase (market enrichment) (idea_description text is DERIVED, not sourced verbatim)",https://www.kaggle.com/datasets/yanmaksi/big-startup-secsees-fail-dataset-from-crunchbase
IDEA-00412,"[DERIVED] Entasso is a real, publicly-recorded SaaS company (category tags: Enterprise Software) headquartered in United States.",SaaS,Enterprise Software,Unknown - not stated in source data,Unknown - not stated in source data,Unknown - not stated in source data,Unknown - not stated in source data,Unknown - not stated in source data,Unknown - not stated in source data,United States,Unknown - no external source,High (dataset-derived),"Kaggle: big-startup-secsees-fail-dataset-from-crunchbase + investments-crunchbase (market enrichment) (idea_description text is DERIVED, not sourced verbatim)",https://www.kaggle.com/datasets/yanmaksi/big-startup-secsees-fail-dataset-from-crunchbase
IDEA-00413,"[DERIVED] MSI is a real, publicly-recorded DeepTech company (category tags: Hardware + Software) headquartered in United States.",DeepTech,Hardware + Software,Unknown - not stated in source data,Unknown - not stated in source data,Unknown - not stated in source data,Unknown - not stated in source data,Unknown - not stated in source data,Unknown - not stated in source data,United States,Unknown - no external source,High (dataset-derived),"Kaggle: big-startup-secsees-fail-dataset-from-crunchbase + investments-crunchbase (market enrichment) (idea_description text is DERIVED, not sourced verbatim)",https://www.kaggle.com/datasets/yanmaksi/big-startup-secsees-fail-dataset-from-crunchbase
IDEA-00414,"[DERIVED] MyColorScreen is a real, publicly-recorded Media & Entertainment company (category tags: Android|Curated Web|Hardware|iPhone|Mobile|Social Media) headquartered in United States.",Media & Entertainment,Android|Curated Web|Hardware|iPhone|Mobile|Social Media,Unknown - not stated in source data,Unknown - not stated in source data,Unknown - not stated in source data,Unknown - not stated in source data,Unknown - not stated in source data,Unknown - not stated in source data,United States,Unknown - no external source,High (dataset-derived),"Kaggle: big-startup-secsees-fail-dataset-from-crunchbase + investments-crunchbase (market enrichment) (idea_description text is DERIVED, not sourced verbatim)",https://www.kaggle.com/datasets/yanmaksi/big-startup-secsees-fail-dataset-from-crunchbase
IDEA-00415,"[DERIVED] HμREL is a real, publicly-recorded HealthTech company (category tags: Biotechnology) headquartered in United States.",HealthTech,Biotechnology,Unknown - not stated in source data,Unknown - not stated in source data,Unknown - not stated in source data,Unknown - not stated in source data,Unknown - not stated in source data,Unknown - not stated in source data,United States,Unknown - no external source,High (dataset-derived),"Kaggle: big-startup-secsees-fail-dataset-from-crunchbase + investments-crunchbase (market enrichment) (idea_description text is DERIVED, not sourced verbatim)",https://www.kaggle.com/datasets/yanmaksi/big-startup-secsees-fail-dataset-from-crunchbase
IDEA-00416,"[DERIVED] Medivo is a real, publicly-recorded HealthTech company (category tags: Big Data Analytics|Health Care) headquartered in United States.",HealthTech,Big Data Analytics|Health Care,Unknown - not stated in source data,Unknown - not stated in source data,Unknown - not stated in source data,Unknown - not stated in source data,Unknown - not stated in source data,Unknown - not stated in source data,United States,Unknown - no external source,High (dataset-derived),"Kaggle: big-startup-secsees-fail-dataset-from-crunchbase + investments-crunchbase (market enrichment) (idea_description text is DERIVED, not sourced verbatim)",https://www.kaggle.com/datasets/yanmaksi/big-startup-secsees-fail-dataset-from-crunchbase
IDEA-00417,"[DERIVED] Appy Couple is a real, publicly-recorded SaaS company (category tags: Curated Web) headquartered in United States.",SaaS,Curated Web,Unknown - not stated in source data,Unknown - not stated in source data,Unknown - not stated in source data,Unknown - not stated in source data,Unknown - not stated in source data,Unknown - not stated in source data,United States,Unknown - no external source,High (dataset-derived),"Kaggle: big-startup-secsees-fail-dataset-from-crunchbase + investments-crunchbase (market enrichment) (idea_description text is DERIVED, not sourced verbatim)",https://www.kaggle.com/datasets/yanmaksi/big-startup-secsees-fail-dataset-from-crunchbase
IDEA-00418,"[DERIVED] Formac Pharmaceuticals is a real, publicly-recorded HealthTech company (category tags: Pharmaceuticals) headquartered in Belgium.",HealthTech,Pharmaceuticals,Unknown - not stated in source data,Unknown - not stated in source data,Unknown - not stated in source data,Unknown - not stated in source data,Unknown - not stated in source data,Unknown - not stated in source data,Belgium,Unknown - no external source,Medium (dataset-derived),"Kaggle: big-startup-secsees-fail-dataset-from-crunchbase (idea_description text is DERIVED, not sourced verbatim)",https://www.kaggle.com/datasets/yanmaksi/big-startup-secsees-fail-dataset-from-crunchbase
IDEA-00419,"[DERIVED] Kicknote.com is a real, publicly-recorded Media & Entertainment company (category tags: Games|Music) headquartered in an unspecified country.",Media & Entertainment,Games|Music,Unknown - not stated in source data,Unknown - not stated in source data,Unknown - not stated in source data,Unknown - not stated in source data,Unknown - not stated in source data,Unknown - not stated in source data,,Unknown - no external source,Unknown,"Kaggle: big-startup-secsees-fail-dataset-from-crunchbase + investments-crunchbase (market enrichment) (idea_description text is DERIVED, not sourced verbatim)",https://www.kaggle.com/datasets/yanmaksi/big-startup-secsees-fail-dataset-from-crunchbase
IDEA-00420,"[DERIVED] Jooobz! is a real, publicly-recorded Media & Entertainment company (category tags: |Maps|Social Network Media|Social Media|) headquartered in Brazil.",Media & Entertainment,|Maps|Social Network Media|Social Media|,Unknown - not stated in source data,Unknown - not stated in source data,Unknown - not stated in source data,Unknown - not stated in source data,Unknown - not stated in source data,Unknown - not stated in source data,Brazil,Unknown - no external source,Medium (dataset-derived),"Kaggle: startup-investments-crunchbase (unique to this source) (idea_description text is DERIVED, not sourced verbatim)",https://www.kaggle.com/datasets/arindam235/startup-investments-crunchbase
IDEA-00421,"[DERIVED] Babel Street is a real, publicly-recorded SaaS company (category tags: Software) headquartered in United States.",SaaS,Software,Unknown - not stated in source data,Unknown - not stated in source data,Unknown - not stated in source data,Unknown - not stated in source data,Unknown - not stated in source data,Unknown - not stated in source data,United States,Unknown - no external source,High (dataset-derived),"Kaggle: big-startup-secsees-fail-dataset-from-crunchbase + investments-crunchbase (market enrichment) (idea_description text is DERIVED, not sourced verbatim)",https://www.kaggle.com/datasets/yanmaksi/big-startup-secsees-fail-dataset-from-crunchbase
IDEA-00422,"[DERIVED] Tractive is a real, publicly-recorded DeepTech company (category tags: Gps|Hardware + Software|Pets|Tracking) headquartered in Austria.",DeepTech,Gps|Hardware + Software|Pets|Tracking,Unknown - not stated in source data,Unknown - not stated in source data,Unknown - not stated in source data,Unknown - not stated in source data,Unknown - not stated in source data,Unknown - not stated in source data,Austria,Unknown - no external source,Low (dataset-derived),"Kaggle: big-startup-secsees-fail-dataset-from-crunchbase + investments-crunchbase (market enrichment) (idea_description text is DERIVED, not sourced verbatim)",https://www.kaggle.com/datasets/yanmaksi/big-startup-secsees-fail-dataset-from-crunchbase
IDEA-00423,"[DERIVED] VHSquared is a real, publicly-recorded HealthTech company (category tags: Health Care) headquartered in United Kingdom.",HealthTech,Health Care,Unknown - not stated in source data,Unknown - not stated in source data,Unknown - not stated in source data,Unknown - not stated in source data,Unknown - not stated in source data,Unknown - not stated in source data,United Kingdom,Unknown - no external source,High (dataset-derived),"Kaggle: big-startup-secsees-fail-dataset-from-crunchbase + investments-crunchbase (market enrichment) (idea_description text is DERIVED, not sourced verbatim)",https://www.kaggle.com/datasets/yanmaksi/big-startup-secsees-fail-dataset-from-crunchbase
IDEA-00424,"[DERIVED] FarmersWeb is a real, publicly-recorded E-commerce company (category tags: E-Commerce) headquartered in United States.",E-commerce,E-Commerce,Unknown - not stated in source data,Unknown - not stated in source data,Unknown - not stated in source data,Unknown - not stated in source data,Unknown - not stated in source data,Unknown - not stated in source data,United States,Unknown - no external source,High (dataset-derived),"Kaggle: big-startup-secsees-fail-dataset-from-crunchbase + investments-crunchbase (market enrichment) (idea_description text is DERIVED, not sourced verbatim)",https://www.kaggle.com/datasets/yanmaksi/big-startup-secsees-fail-dataset-from-crunchbase
IDEA-00425,"[DERIVED] Core Stix is a real, publicly-recorded DeepTech company (category tags: Hardware + Software) headquartered in United States.",DeepTech,Hardware + Software,Unknown - not stated in source data,Unknown - not stated in source data,Unknown - not stated in source data,Unknown - not stated in source data,Unknown - not stated in source data,Unknown - not stated in source data,United States,Unknown - no external source,High (dataset-derived),"Kaggle: big-startup-secsees-fail-dataset-from-crunchbase + investments-crunchbase (market enrichment) (idea_description text is DERIVED, not sourced verbatim)",https://www.kaggle.com/datasets/yanmaksi/big-startup-secsees-fail-dataset-from-crunchbase
IDEA-00426,"[DERIVED] Xecced is a real, publicly-recorded FinTech company (category tags: Finance) headquartered in United Kingdom.",FinTech,Finance,Unknown - not stated in source data,Unknown - not stated in source data,Unknown - not stated in source data,Unknown - not stated in source data,Unknown - not stated in source data,Unknown - not stated in source data,United Kingdom,Unknown - no external source,High (dataset-derived),"Kaggle: big-startup-secsees-fail-dataset-from-crunchbase + investments-crunchbase (market enrichment) (idea_description text is DERIVED, not sourced verbatim)",https://www.kaggle.com/datasets/yanmaksi/big-startup-secsees-fail-dataset-from-crunchbase
IDEA-00427,"[DERIVED] Convoq Inc. is a real, publicly-recorded SaaS company (category tags: Software) headquartered in United States.",SaaS,Software,Unknown - not stated in source data,Unknown - not stated in source data,Unknown - not stated in source data,Unknown - not stated in source data,Unknown - not stated in source data,Unknown - not stated in source data,United States,Unknown - no external source,High (dataset-derived),"Kaggle: big-startup-secsees-fail-dataset-from-crunchbase (idea_description text is DERIVED, not sourced verbatim)",https://www.kaggle.com/datasets/yanmaksi/big-startup-secsees-fail-dataset-from-crunchbase
IDEA-00428,"[DERIVED] Tripalocal is a real, publicly-recorded TravelTech company (category tags: Travel) headquartered in Australia.",TravelTech,Travel,Unknown - not stated in source data,Unknown - not stated in source data,Unknown - not stated in source data,Unknown - not stated in source data,Unknown - not stated in source data,Unknown - not stated in source data,Australia,Unknown - no external source,Low (dataset-derived),"Kaggle: big-startup-secsees-fail-dataset-from-crunchbase (idea_description text is DERIVED, not sourced verbatim)",https://www.kaggle.com/datasets/yanmaksi/big-startup-secsees-fail-dataset-from-crunchbase
IDEA-00429,"[DERIVED] Game Time Tickets is a real, publicly-recorded Media & Entertainment company (category tags: Entertainment) headquartered in United States.",Media & Entertainment,Entertainment,Unknown - not stated in source data,Unknown - not stated in source data,Unknown - not stated in source data,Unknown - not stated in source data,Unknown - not stated in source data,Unknown - not stated in source data,United States,Unknown - no external source,High (dataset-derived),"Kaggle: big-startup-secsees-fail-dataset-from-crunchbase (idea_description text is DERIVED, not sourced verbatim)",https://www.kaggle.com/datasets/yanmaksi/big-startup-secsees-fail-dataset-from-crunchbase
IDEA-00430,"[DERIVED] Adapteva is a real, publicly-recorded DeepTech company (category tags: Internet|Mobile|Semiconductors) headquartered in United States.",DeepTech,Internet|Mobile|Semiconductors,Unknown - not stated in source data,Unknown - not stated in source data,Unknown - not stated in source data,Unknown - not stated in source data,Unknown - not stated in source data,Unknown - not stated in source data,United States,Unknown - no external source,High (dataset-derived),"Kaggle: big-startup-secsees-fail-dataset-from-crunchbase + investments-crunchbase (market enrichment) (idea_description text is DERIVED, not sourced verbatim)",https://www.kaggle.com/datasets/yanmaksi/big-startup-secsees-fail-dataset-from-crunchbase
IDEA-00431,"[DERIVED] HealthScripts of America is a real, publicly-recorded HealthTech company (category tags: Biotechnology) headquartered in United States.",HealthTech,Biotechnology,Unknown - not stated in source data,Unknown - not stated in source data,Unknown - not stated in source data,Unknown - not stated in source data,Unknown - not stated in source data,Unknown - not stated in source data,United States,Unknown - no external source,High (dataset-derived),"Kaggle: big-startup-secsees-fail-dataset-from-crunchbase + investments-crunchbase (market enrichment) (idea_description text is DERIVED, not sourced verbatim)",https://www.kaggle.com/datasets/yanmaksi/big-startup-secsees-fail-dataset-from-crunchbase
IDEA-00432,"[DERIVED] Acccess Technology Solutions is a real, publicly-recorded E-commerce company (category tags: E-Commerce) headquartered in United States.",E-commerce,E-Commerce,Unknown - not stated in source data,Unknown - not stated in source data,Unknown - not stated in source data,Unknown - not stated in source data,Unknown - not stated in source data,Unknown - not stated in source data,United States,Unknown - no external source,High (dataset-derived),"Kaggle: big-startup-secsees-fail-dataset-from-crunchbase + investments-crunchbase (market enrichment) (idea_description text is DERIVED, not sourced verbatim)",https://www.kaggle.com/datasets/yanmaksi/big-startup-secsees-fail-dataset-from-crunchbase
IDEA-00433,"[DERIVED] Sumbola is a real, publicly-recorded Media & Entertainment company (category tags: Content Creators|Crowdsourcing|Curated Web|Music|Publishing|Social Media|Writers) headquartered in Canada.",Media & Entertainment,Content Creators|Crowdsourcing|Curated Web|Music|Publishing|Social Media|Writers,Unknown - not stated in source data,Unknown - not stated in source data,Unknown - not stated in source data,Unknown - not stated in source data,Unknown - not stated in source data,Unknown - not stated in source data,Canada,Unknown - no external source,High (dataset-derived),"Kaggle: big-startup-secsees-fail-dataset-from-crunchbase + investments-crunchbase (market enrichment) (idea_description text is DERIVED, not sourced verbatim)",https://www.kaggle.com/datasets/yanmaksi/big-startup-secsees-fail-dataset-from-crunchbase
IDEA-00434,"[DERIVED] Tjobs S.A. is a real, publicly-recorded HRTech company (category tags: Enterprise Software|Recruiting) headquartered in Romania (non-standard code).",HRTech,Enterprise Software|Recruiting,Unknown - not stated in source data,Unknown - not stated in source data,Unknown - not stated in source data,Unknown - not stated in source data,Unknown - not stated in source data,Unknown - not stated in source data,Romania (non-standard code),Unknown - no external source,Low (dataset-derived),"Kaggle: big-startup-secsees-fail-dataset-from-crunchbase + investments-crunchbase (market enrichment) (idea_description text is DERIVED, not sourced verbatim)",https://www.kaggle.com/datasets/yanmaksi/big-startup-secsees-fail-dataset-from-crunchbase
IDEA-00435,"[DERIVED] Angel Medical Systems is a real, publicly-recorded HealthTech company (category tags: Health Care) headquartered in United States.",HealthTech,Health Care,Unknown - not stated in source data,Unknown - not stated in source data,Unknown - not stated in source data,Unknown - not stated in source data,Unknown - not stated in source data,Unknown - not stated in source data,United States,Unknown - no external source,High (dataset-derived),"Kaggle: big-startup-secsees-fail-dataset-from-crunchbase + investments-crunchbase (market enrichment) (idea_description text is DERIVED, not sourced verbatim)",https://www.kaggle.com/datasets/yanmaksi/big-startup-secsees-fail-dataset-from-crunchbase
IDEA-00436,"[DERIVED] END is a real, publicly-recorded HealthTech company (category tags: Fitness) headquartered in United States.",HealthTech,Fitness,Unknown - not stated in source data,Unknown - not stated in source data,Unknown - not stated in source data,Unknown - not stated in source data,Unknown - not stated in source data,Unknown - not stated in source data,United States,Unknown - no external source,High (dataset-derived),"Kaggle: big-startup-secsees-fail-dataset-from-crunchbase (idea_description text is DERIVED, not sourced verbatim)",https://www.kaggle.com/datasets/yanmaksi/big-startup-secsees-fail-dataset-from-crunchbase
IDEA-00437,"[DERIVED] Cryptmint is a real, publicly-recorded FinTech company (category tags: Bitcoin|QR Codes) headquartered in United States.",FinTech,Bitcoin|QR Codes,Unknown - not stated in source data,Unknown - not stated in source data,Unknown - not stated in source data,Unknown - not stated in source data,Unknown - not stated in source data,Unknown - not stated in source data,United States,Unknown - no external source,High (dataset-derived),"Kaggle: big-startup-secsees-fail-dataset-from-crunchbase + investments-crunchbase (market enrichment) (idea_description text is DERIVED, not sourced verbatim)",https://www.kaggle.com/datasets/yanmaksi/big-startup-secsees-fail-dataset-from-crunchbase
IDEA-00438,"[DERIVED] Telefonica is a real, publicly-recorded MarTech company (category tags: Networking|Public Relations|Telecommunications) headquartered in Spain.",MarTech,Networking|Public Relations|Telecommunications,Unknown - not stated in source data,Unknown - not stated in source data,Unknown - not stated in source data,Unknown - not stated in source data,Unknown - not stated in source data,Unknown - not stated in source data,Spain,Unknown - no external source,Medium (dataset-derived),"Kaggle: big-startup-secsees-fail-dataset-from-crunchbase + investments-crunchbase (market enrichment) (idea_description text is DERIVED, not sourced verbatim)",https://www.kaggle.com/datasets/yanmaksi/big-startup-secsees-fail-dataset-from-crunchbase
IDEA-00439,"[DERIVED] Massive is a real, publicly-recorded Media & Entertainment company (category tags: Games) headquartered in an unspecified country.",Media & Entertainment,Games,Unknown - not stated in source data,Unknown - not stated in source data,Unknown - not stated in source data,Unknown - not stated in source data,Unknown - not stated in source data,Unknown - not stated in source data,,Unknown - no external source,Unknown,"Kaggle: big-startup-secsees-fail-dataset-from-crunchbase + investments-crunchbase (market enrichment) (idea_description text is DERIVED, not sourced verbatim)",https://www.kaggle.com/datasets/yanmaksi/big-startup-secsees-fail-dataset-from-crunchbase
IDEA-00440,"[DERIVED] ZeeVee is a real, publicly-recorded DeepTech company (category tags: Hardware + Software) headquartered in United States.",DeepTech,Hardware + Software,Unknown - not stated in source data,Unknown - not stated in source data,Unknown - not stated in source data,Unknown - not stated in source data,Unknown - not stated in source data,Unknown - not stated in source data,United States,Unknown - no external source,High (dataset-derived),"Kaggle: big-startup-secsees-fail-dataset-from-crunchbase + investments-crunchbase (market enrichment) (idea_description text is DERIVED, not sourced verbatim)",https://www.kaggle.com/datasets/yanmaksi/big-startup-secsees-fail-dataset-from-crunchbase
IDEA-00441,"[DERIVED] Alliant Resources Group is a real, publicly-recorded FinTech company (category tags: Distribution|Financial Services|Insurance) headquartered in United States.",FinTech,Distribution|Financial Services|Insurance,Unknown - not stated in source data,Unknown - not stated in source data,Unknown - not stated in source data,Unknown - not stated in source data,Unknown - not stated in source data,Unknown - not stated in source data,United States,Unknown - no external source,High (dataset-derived),"Kaggle: big-startup-secsees-fail-dataset-from-crunchbase (idea_description text is DERIVED, not sourced verbatim)",https://www.kaggle.com/datasets/yanmaksi/big-startup-secsees-fail-dataset-from-crunchbase
IDEA-00442,"[DERIVED] YiBai-shopping is a real, publicly-recorded FinTech company (category tags: Finance|FinTech) headquartered in an unspecified country.",FinTech,Finance|FinTech,Unknown - not stated in source data,Unknown - not stated in source data,Unknown - not stated in source data,Unknown - not stated in source data,Unknown - not stated in source data,Unknown - not stated in source data,,Unknown - no external source,Unknown,"Kaggle: big-startup-secsees-fail-dataset-from-crunchbase + investments-crunchbase (market enrichment) (idea_description text is DERIVED, not sourced verbatim)",https://www.kaggle.com/datasets/yanmaksi/big-startup-secsees-fail-dataset-from-crunchbase
IDEA-00443,"[DERIVED] Odyssey Mobile Interaction is a real, publicly-recorded MarTech company (category tags: Advertising|App Marketing|iPad|Mobile) headquartered in United Kingdom.",MarTech,Advertising|App Marketing|iPad|Mobile,Unknown - not stated in source data,Unknown - not stated in source data,Unknown - not stated in source data,Unknown - not stated in source data,Unknown - not stated in source data,Unknown - not stated in source data,United Kingdom,Unknown - no external source,High (dataset-derived),"Kaggle: big-startup-secsees-fail-dataset-from-crunchbase + investments-crunchbase (market enrichment) (idea_description text is DERIVED, not sourced verbatim)",https://www.kaggle.com/datasets/yanmaksi/big-startup-secsees-fail-dataset-from-crunchbase
IDEA-00444,"[DERIVED] Aunt Bertha is a real, publicly-recorded HRTech company (category tags: Charities|Employment|Services|Software) headquartered in United States.",HRTech,Charities|Employment|Services|Software,Unknown - not stated in source data,Unknown - not stated in source data,Unknown - not stated in source data,Unknown - not stated in source data,Unknown - not stated in source data,Unknown - not stated in source data,United States,Unknown - no external source,High (dataset-derived),"Kaggle: big-startup-secsees-fail-dataset-from-crunchbase + investments-crunchbase (market enrichment) (idea_description text is DERIVED, not sourced verbatim)",https://www.kaggle.com/datasets/yanmaksi/big-startup-secsees-fail-dataset-from-crunchbase
IDEA-00445,"[DERIVED] Ascend Health is a real, publicly-recorded HealthTech company (category tags: Health Care|Hospitals|Medical) headquartered in United States.",HealthTech,Health Care|Hospitals|Medical,Unknown - not stated in source data,Unknown - not stated in source data,Unknown - not stated in source data,Unknown - not stated in source data,Unknown - not stated in source data,Unknown - not stated in source data,United States,Unknown - no external source,High (dataset-derived),"Kaggle: big-startup-secsees-fail-dataset-from-crunchbase (idea_description text is DERIVED, not sourced verbatim)",https://www.kaggle.com/datasets/yanmaksi/big-startup-secsees-fail-dataset-from-crunchbase
IDEA-00446,"[DERIVED] Blue Marble Energy is a real, publicly-recorded HealthTech company (category tags: Biotechnology|Recycling) headquartered in United States.",HealthTech,Biotechnology|Recycling,Unknown - not stated in source data,Unknown - not stated in source data,Unknown - not stated in source data,Unknown - not stated in source data,Unknown - not stated in source data,Unknown - not stated in source data,United States,Unknown - no external source,High (dataset-derived),"Kaggle: big-startup-secsees-fail-dataset-from-crunchbase + investments-crunchbase (market enrichment) (idea_description text is DERIVED, not sourced verbatim)",https://www.kaggle.com/datasets/yanmaksi/big-startup-secsees-fail-dataset-from-crunchbase
IDEA-00447,"[DERIVED] Miami Instruments is a real, publicly-recorded DeepTech company (category tags: Hardware + Software) headquartered in United States.",DeepTech,Hardware + Software,Unknown - not stated in source data,Unknown - not stated in source data,Unknown - not stated in source data,Unknown - not stated in source data,Unknown - not stated in source data,Unknown - not stated in source data,United States,Unknown - no external source,High (dataset-derived),"Kaggle: big-startup-secsees-fail-dataset-from-crunchbase + investments-crunchbase (market enrichment) (idea_description text is DERIVED, not sourced verbatim)",https://www.kaggle.com/datasets/yanmaksi/big-startup-secsees-fail-dataset-from-crunchbase
IDEA-00448,"[DERIVED] sones is a real, publicly-recorded SaaS company (category tags: Cloud Computing|Databases|Enterprises|Internet|Search|Software|Storage) headquartered in Germany.",SaaS,Cloud Computing|Databases|Enterprises|Internet|Search|Software|Storage,Unknown - not stated in source data,Unknown - not stated in source data,Unknown - not stated in source data,Unknown - not stated in source data,Unknown - not stated in source data,Unknown - not stated in source data,Germany,Unknown - no external source,Medium (dataset-derived),"Kaggle: big-startup-secsees-fail-dataset-from-crunchbase + investments-crunchbase (market enrichment) (idea_description text is DERIVED, not sourced verbatim)",https://www.kaggle.com/datasets/yanmaksi/big-startup-secsees-fail-dataset-from-crunchbase
IDEA-00449,"[DERIVED] Actifile is a real, publicly-recorded Cybersecurity company (category tags: Information Security|Software) headquartered in Israel.",Cybersecurity,Information Security|Software,Unknown - not stated in source data,Unknown - not stated in source data,Unknown - not stated in source data,Unknown - not stated in source data,Unknown - not stated in source data,Unknown - not stated in source data,Israel,Unknown - no external source,Medium (dataset-derived),"Kaggle: big-startup-secsees-fail-dataset-from-crunchbase (idea_description text is DERIVED, not sourced verbatim)",https://www.kaggle.com/datasets/yanmaksi/big-startup-secsees-fail-dataset-from-crunchbase
IDEA-00450,"[DERIVED] TalentSoft is a real, publicly-recorded SaaS company (category tags: Software) headquartered in France.",SaaS,Software,Unknown - not stated in source data,Unknown - not stated in source data,Unknown - not stated in source data,Unknown - not stated in source data,Unknown - not stated in source data,Unknown - not stated in source data,France,Unknown - no external source,High (dataset-derived),"Kaggle: big-startup-secsees-fail-dataset-from-crunchbase + investments-crunchbase (market enrichment) (idea_description text is DERIVED, not sourced verbatim)",https://www.kaggle.com/datasets/yanmaksi/big-startup-secsees-fail-dataset-from-crunchbase
IDEA-00451,"[DERIVED] FluorO2 Therapeutics is a real, publicly-recorded HealthTech company (category tags: Biotechnology|Medical) headquartered in United States.",HealthTech,Biotechnology|Medical,Unknown - not stated in source data,Unknown - not stated in source data,Unknown - not stated in source data,Unknown - not stated in source data,Unknown - not stated in source data,Unknown - not stated in source data,United States,Unknown - no external source,High (dataset-derived),"Kaggle: big-startup-secsees-fail-dataset-from-crunchbase (idea_description text is DERIVED, not sourced verbatim)",https://www.kaggle.com/datasets/yanmaksi/big-startup-secsees-fail-dataset-from-crunchbase
IDEA-00452,"[DERIVED] Visual Software Systems Ltd. is a real, publicly-recorded SaaS company (category tags: |Software|) headquartered in United Kingdom.",SaaS,|Software|,Unknown - not stated in source data,Unknown - not stated in source data,Unknown - not stated in source data,Unknown - not stated in source data,Unknown - not stated in source data,Unknown - not stated in source data,United Kingdom,Unknown - no external source,High (dataset-derived),"Kaggle: startup-investments-crunchbase (unique to this source) (idea_description text is DERIVED, not sourced verbatim)",https://www.kaggle.com/datasets/arindam235/startup-investments-crunchbase
IDEA-00453,"[DERIVED] ieCrowd is a real, publicly-recorded SaaS company (category tags: Curated Web) headquartered in United States.",SaaS,Curated Web,Unknown - not stated in source data,Unknown - not stated in source data,Unknown - not stated in source data,Unknown - not stated in source data,Unknown - not stated in source data,Unknown - not stated in source data,United States,Unknown - no external source,High (dataset-derived),"Kaggle: big-startup-secsees-fail-dataset-from-crunchbase + investments-crunchbase (market enrichment) (idea_description text is DERIVED, not sourced verbatim)",https://www.kaggle.com/datasets/yanmaksi/big-startup-secsees-fail-dataset-from-crunchbase
IDEA-00454,"[DERIVED] Alorica is a real, publicly-recorded SaaS company (category tags: Software) headquartered in United States.",SaaS,Software,Unknown - not stated in source data,Unknown - not stated in source data,Unknown - not stated in source data,Unknown - not stated in source data,Unknown - not stated in source data,Unknown - not stated in source data,United States,Unknown - no external source,High (dataset-derived),"Kaggle: big-startup-secsees-fail-dataset-from-crunchbase + investments-crunchbase (market enrichment) (idea_description text is DERIVED, not sourced verbatim)",https://www.kaggle.com/datasets/yanmaksi/big-startup-secsees-fail-dataset-from-crunchbase
IDEA-00455,"[DERIVED] TheOfficialBoard is a real, publicly-recorded SaaS company (category tags: Contact Management|Curated Web|Web Tools) headquartered in France.",SaaS,Contact Management|Curated Web|Web Tools,Unknown - not stated in source data,Unknown - not stated in source data,Unknown - not stated in source data,Unknown - not stated in source data,Unknown - not stated in source data,Unknown - not stated in source data,France,Unknown - no external source,High (dataset-derived),"Kaggle: big-startup-secsees-fail-dataset-from-crunchbase + investments-crunchbase (market enrichment) (idea_description text is DERIVED, not sourced verbatim)",https://www.kaggle.com/datasets/yanmaksi/big-startup-secsees-fail-dataset-from-crunchbase
IDEA-00456,"[DERIVED] Connotate is a real, publicly-recorded SaaS company (category tags: Analytics|Big Data|Business Intelligence|Data Mining|Enterprises) headquartered in United States.",SaaS,Analytics|Big Data|Business Intelligence|Data Mining|Enterprises,Unknown - not stated in source data,Unknown - not stated in source data,Unknown - not stated in source data,Unknown - not stated in source data,Unknown - not stated in source data,Unknown - not stated in source data,United States,Unknown - no external source,High (dataset-derived),"Kaggle: big-startup-secsees-fail-dataset-from-crunchbase + investments-crunchbase (market enrichment) (idea_description text is DERIVED, not sourced verbatim)",https://www.kaggle.com/datasets/yanmaksi/big-startup-secsees-fail-dataset-from-crunchbase
IDEA-00457,"[DERIVED] DriveWealth is a real, publicly-recorded FinTech company (category tags: Finance Technology|Financial Services|FinTech|Personal Finance|Social Investing|Wealth Management) headquartered in United States.",FinTech,Finance Technology|Financial Services|FinTech|Personal Finance|Social Investing|Wealth Management,Unknown - not stated in source data,Unknown - not stated in source data,Unknown - not stated in source data,Unknown - not stated in source data,Unknown - not stated in source data,Unknown - not stated in source data,United States,Unknown - no external source,High (dataset-derived),"Kaggle: big-startup-secsees-fail-dataset-from-crunchbase + investments-crunchbase (market enrichment) (idea_description text is DERIVED, not sourced verbatim)",https://www.kaggle.com/datasets/yanmaksi/big-startup-secsees-fail-dataset-from-crunchbase
IDEA-00458,"[DERIVED] Boingo Wireless is a real, publicly-recorded SaaS company (category tags: Software|Telecommunications) headquartered in United States.",SaaS,Software|Telecommunications,Unknown - not stated in source data,Unknown - not stated in source data,Unknown - not stated in source data,Unknown - not stated in source data,Unknown - not stated in source data,Unknown - not stated in source data,United States,Unknown - no external source,High (dataset-derived),"Kaggle: big-startup-secsees-fail-dataset-from-crunchbase + investments-crunchbase (market enrichment) (idea_description text is DERIVED, not sourced verbatim)",https://www.kaggle.com/datasets/yanmaksi/big-startup-secsees-fail-dataset-from-crunchbase
IDEA-00459,"[DERIVED] Earth Networks is a real, publicly-recorded CleanTech company (category tags: Clean Technology) headquartered in United States.",CleanTech,Clean Technology,Unknown - not stated in source data,Unknown - not stated in source data,Unknown - not stated in source data,Unknown - not stated in source data,Unknown - not stated in source data,Unknown - not stated in source data,United States,Unknown - no external source,High (dataset-derived),"Kaggle: big-startup-secsees-fail-dataset-from-crunchbase + investments-crunchbase (market enrichment) (idea_description text is DERIVED, not sourced verbatim)",https://www.kaggle.com/datasets/yanmaksi/big-startup-secsees-fail-dataset-from-crunchbase
IDEA-00460,"[DERIVED] PaySpan, Inc. is a real, publicly-recorded FinTech company (category tags: Health Care|Information Technology|Payments|Services|Software) headquartered in United States.",FinTech,Health Care|Information Technology|Payments|Services|Software,Unknown - not stated in source data,Unknown - not stated in source data,Unknown - not stated in source data,Unknown - not stated in source data,Unknown - not stated in source data,Unknown - not stated in source data,United States,Unknown - no external source,High (dataset-derived),"Kaggle: big-startup-secsees-fail-dataset-from-crunchbase (idea_description text is DERIVED, not sourced verbatim)",https://www.kaggle.com/datasets/yanmaksi/big-startup-secsees-fail-dataset-from-crunchbase
IDEA-00461,"[DERIVED] Moooton is a real, publicly-recorded E-commerce company (category tags: B2B|E-Commerce|Wine And Spirits) headquartered in an unspecified country.",E-commerce,B2B|E-Commerce|Wine And Spirits,Unknown - not stated in source data,Unknown - not stated in source data,Unknown - not stated in source data,Unknown - not stated in source data,Unknown - not stated in source data,Unknown - not stated in source data,,Unknown - no external source,Unknown,"Kaggle: big-startup-secsees-fail-dataset-from-crunchbase (idea_description text is DERIVED, not sourced verbatim)",https://www.kaggle.com/datasets/yanmaksi/big-startup-secsees-fail-dataset-from-crunchbase
IDEA-00462,"[DERIVED] Inflection Biosciences is a real, publicly-recorded HealthTech company (category tags: Biotechnology|Development Platforms|Search) headquartered in Ireland.",HealthTech,Biotechnology|Development Platforms|Search,Unknown - not stated in source data,Unknown - not stated in source data,Unknown - not stated in source data,Unknown - not stated in source data,Unknown - not stated in source data,Unknown - not stated in source data,Ireland,Unknown - no external source,Medium (dataset-derived),"Kaggle: big-startup-secsees-fail-dataset-from-crunchbase (idea_description text is DERIVED, not sourced verbatim)",https://www.kaggle.com/datasets/yanmaksi/big-startup-secsees-fail-dataset-from-crunchbase
IDEA-00463,"[DERIVED] SeekSherpa is a real, publicly-recorded TravelTech company (category tags: Leisure|Local|Marketplaces|Travel & Tourism) headquartered in India.",TravelTech,Leisure|Local|Marketplaces|Travel & Tourism,Unknown - not stated in source data,Unknown - not stated in source data,Unknown - not stated in source data,Unknown - not stated in source data,Unknown - not stated in source data,Unknown - not stated in source data,India,Unknown - no external source,Medium (dataset-derived),"Kaggle: big-startup-secsees-fail-dataset-from-crunchbase + investments-crunchbase (market enrichment) (idea_description text is DERIVED, not sourced verbatim)",https://www.kaggle.com/datasets/yanmaksi/big-startup-secsees-fail-dataset-from-crunchbase
IDEA-00464,"[DERIVED] Singspiel is a real, publicly-recorded EdTech company (category tags: Education|Internet|Mobile|Music) headquartered in Canada.",EdTech,Education|Internet|Mobile|Music,Unknown - not stated in source data,Unknown - not stated in source data,Unknown - not stated in source data,Unknown - not stated in source data,Unknown - not stated in source data,Unknown - not stated in source data,Canada,Unknown - no external source,Medium (dataset-derived),"Kaggle: big-startup-secsees-fail-dataset-from-crunchbase + investments-crunchbase (market enrichment) (idea_description text is DERIVED, not sourced verbatim)",https://www.kaggle.com/datasets/yanmaksi/big-startup-secsees-fail-dataset-from-crunchbase
IDEA-00465,"[DERIVED] EasyProperty is a real, publicly-recorded PropTech company (category tags: Online Rental|Property Management|Real Estate|Rental Housing) headquartered in United Kingdom.",PropTech,Online Rental|Property Management|Real Estate|Rental Housing,Unknown - not stated in source data,Unknown - not stated in source data,Unknown - not stated in source data,Unknown - not stated in source data,Unknown - not stated in source data,Unknown - not stated in source data,United Kingdom,Unknown - no external source,Medium (dataset-derived),"Kaggle: big-startup-secsees-fail-dataset-from-crunchbase + investments-crunchbase (market enrichment) (idea_description text is DERIVED, not sourced verbatim)",https://www.kaggle.com/datasets/yanmaksi/big-startup-secsees-fail-dataset-from-crunchbase
IDEA-00466,"[DERIVED] Jampp is a real, publicly-recorded MarTech company (category tags: App Marketing|Apps|Facebook Applications|Games|Mobile|Mobile Advertising|Social Games|Video Games) headquartered in United Kingdom.",MarTech,App Marketing|Apps|Facebook Applications|Games|Mobile|Mobile Advertising|Social Games|Video Games,Unknown - not stated in source data,Unknown - not stated in source data,Unknown - not stated in source data,Unknown - not stated in source data,Unknown - not stated in source data,Unknown - not stated in source data,United Kingdom,Unknown - no external source,High (dataset-derived),"Kaggle: big-startup-secsees-fail-dataset-from-crunchbase + investments-crunchbase (market enrichment) (idea_description text is DERIVED, not sourced verbatim)",https://www.kaggle.com/datasets/yanmaksi/big-startup-secsees-fail-dataset-from-crunchbase
IDEA-00467,"[DERIVED] ArrayComm is a real, publicly-recorded SaaS company (category tags: Software) headquartered in United States.",SaaS,Software,Unknown - not stated in source data,Unknown - not stated in source data,Unknown - not stated in source data,Unknown - not stated in source data,Unknown - not stated in source data,Unknown - not stated in source data,United States,Unknown - no external source,High (dataset-derived),"Kaggle: big-startup-secsees-fail-dataset-from-crunchbase + investments-crunchbase (market enrichment) (idea_description text is DERIVED, not sourced verbatim)",https://www.kaggle.com/datasets/yanmaksi/big-startup-secsees-fail-dataset-from-crunchbase
IDEA-00468,"[DERIVED] Unchained Labs is a real, publicly-recorded HealthTech company (category tags: Biotechnology|Services) headquartered in United States.",HealthTech,Biotechnology|Services,Unknown - not stated in source data,Unknown - not stated in source data,Unknown - not stated in source data,Unknown - not stated in source data,Unknown - not stated in source data,Unknown - not stated in source data,United States,Unknown - no external source,High (dataset-derived),"Kaggle: big-startup-secsees-fail-dataset-from-crunchbase (idea_description text is DERIVED, not sourced verbatim)",https://www.kaggle.com/datasets/yanmaksi/big-startup-secsees-fail-dataset-from-crunchbase
IDEA-00469,"[DERIVED] Klarna is a real, publicly-recorded FinTech company (category tags: Fintech) headquartered in Sweden.",FinTech,Fintech,Unknown - not stated in source data,Unknown - not stated in source data,Unknown - not stated in source data,Unknown - not stated in source data,Unknown - not stated in source data,Unknown - not stated in source data,Sweden,Unknown - no external source,Low (dataset-derived),"User-supplied: Startups & Funding Dataset 2024-2025 (idea_description text is DERIVED, not sourced verbatim)",https://www.kaggle.com/datasets/sufya6/startups-and-funding-dataset-20242025
IDEA-00470,"[DERIVED] Like a Boss Games is a real, publicly-recorded Media & Entertainment company (category tags: Entertainment|Fantasy Sports|Games) headquartered in Sweden.",Media & Entertainment,Entertainment|Fantasy Sports|Games,Unknown - not stated in source data,Unknown - not stated in source data,Unknown - not stated in source data,Unknown - not stated in source data,Unknown - not stated in source data,Unknown - not stated in source data,Sweden,Unknown - no external source,Medium (dataset-derived),"Kaggle: big-startup-secsees-fail-dataset-from-crunchbase (idea_description text is DERIVED, not sourced verbatim)",https://www.kaggle.com/datasets/yanmaksi/big-startup-secsees-fail-dataset-from-crunchbase
IDEA-00471,"[DERIVED] Cloupia is a real, publicly-recorded SaaS company (category tags: Cloud Computing|Cloud Management|Enterprise Software) headquartered in United States.",SaaS,Cloud Computing|Cloud Management|Enterprise Software,Unknown - not stated in source data,Unknown - not stated in source data,Unknown - not stated in source data,Unknown - not stated in source data,Unknown - not stated in source data,Unknown - not stated in source data,United States,Unknown - no external source,High (dataset-derived),"Kaggle: big-startup-secsees-fail-dataset-from-crunchbase + investments-crunchbase (market enrichment) (idea_description text is DERIVED, not sourced verbatim)",https://www.kaggle.com/datasets/yanmaksi/big-startup-secsees-fail-dataset-from-crunchbase
IDEA-00472,"[DERIVED] Event Innovation is a real, publicly-recorded SaaS company (category tags: CRM|Networking|Software) headquartered in United States.",SaaS,CRM|Networking|Software,Unknown - not stated in source data,Unknown - not stated in source data,Unknown - not stated in source data,Unknown - not stated in source data,Unknown - not stated in source data,Unknown - not stated in source data,United States,Unknown - no external source,High (dataset-derived),"Kaggle: big-startup-secsees-fail-dataset-from-crunchbase + investments-crunchbase (market enrichment) (idea_description text is DERIVED, not sourced verbatim)",https://www.kaggle.com/datasets/yanmaksi/big-startup-secsees-fail-dataset-from-crunchbase
IDEA-00473,"[DERIVED] Meal Box is a real, publicly-recorded FoodTech company (category tags: Delivery|Food Processing) headquartered in Turkey.",FoodTech,Delivery|Food Processing,Unknown - not stated in source data,Unknown - not stated in source data,Unknown - not stated in source data,Unknown - not stated in source data,Unknown - not stated in source data,Unknown - not stated in source data,Turkey,Unknown - no external source,Low (dataset-derived),"Kaggle: big-startup-secsees-fail-dataset-from-crunchbase (idea_description text is DERIVED, not sourced verbatim)",https://www.kaggle.com/datasets/yanmaksi/big-startup-secsees-fail-dataset-from-crunchbase
IDEA-00474,"[DERIVED] Boulder Wind Power is a real, publicly-recorded CleanTech company (category tags: Clean Technology) headquartered in United States.",CleanTech,Clean Technology,Unknown - not stated in source data,Unknown - not stated in source data,Unknown - not stated in source data,Unknown - not stated in source data,Unknown - not stated in source data,Unknown - not stated in source data,United States,Unknown - no external source,High (dataset-derived),"Kaggle: big-startup-secsees-fail-dataset-from-crunchbase + investments-crunchbase (market enrichment) (idea_description text is DERIVED, not sourced verbatim)",https://www.kaggle.com/datasets/yanmaksi/big-startup-secsees-fail-dataset-from-crunchbase
IDEA-00475,"[DERIVED] Flixwagon is a real, publicly-recorded Media & Entertainment company (category tags: Broadcasting|Mobile|Video|Video Streaming) headquartered in Israel.",Media & Entertainment,Broadcasting|Mobile|Video|Video Streaming,Unknown - not stated in source data,Unknown - not stated in source data,Unknown - not stated in source data,Unknown - not stated in source data,Unknown - not stated in source data,Unknown - not stated in source data,Israel,Unknown - no external source,Medium (dataset-derived),"Kaggle: big-startup-secsees-fail-dataset-from-crunchbase + investments-crunchbase (market enrichment) (idea_description text is DERIVED, not sourced verbatim)",https://www.kaggle.com/datasets/yanmaksi/big-startup-secsees-fail-dataset-from-crunchbase
IDEA-00476,"[DERIVED] Astrid is a real, publicly-recorded Media & Entertainment company (category tags: Android|iPhone|Productivity Software|Social Media|Task Management) headquartered in United States.",Media & Entertainment,Android|iPhone|Productivity Software|Social Media|Task Management,Unknown - not stated in source data,Unknown - not stated in source data,Unknown - not stated in source data,Unknown - not stated in source data,Unknown - not stated in source data,Unknown - not stated in source data,United States,Unknown - no external source,High (dataset-derived),"Kaggle: big-startup-secsees-fail-dataset-from-crunchbase + investments-crunchbase (market enrichment) (idea_description text is DERIVED, not sourced verbatim)",https://www.kaggle.com/datasets/yanmaksi/big-startup-secsees-fail-dataset-from-crunchbase
IDEA-00477,"[DERIVED] dotCloud is a real, publicly-recorded SaaS company (category tags: Cloud Computing|PaaS|Software|Venture Capital) headquartered in United States.",SaaS,Cloud Computing|PaaS|Software|Venture Capital,Unknown - not stated in source data,Unknown - not stated in source data,Unknown - not stated in source data,Unknown - not stated in source data,Unknown - not stated in source data,Unknown - not stated in source data,United States,Unknown - no external source,High (dataset-derived),"Kaggle: big-startup-secsees-fail-dataset-from-crunchbase + investments-crunchbase (market enrichment) (idea_description text is DERIVED, not sourced verbatim)",https://www.kaggle.com/datasets/yanmaksi/big-startup-secsees-fail-dataset-from-crunchbase
IDEA-00478,"[DERIVED] Performance Plants is a real, publicly-recorded HealthTech company (category tags: Agriculture|Biofuels|Biotechnology) headquartered in Canada.",HealthTech,Agriculture|Biofuels|Biotechnology,Unknown - not stated in source data,Unknown - not stated in source data,Unknown - not stated in source data,Unknown - not stated in source data,Unknown - not stated in source data,Unknown - not stated in source data,Canada,Unknown - no external source,High (dataset-derived),"Kaggle: big-startup-secsees-fail-dataset-from-crunchbase (idea_description text is DERIVED, not sourced verbatim)",https://www.kaggle.com/datasets/yanmaksi/big-startup-secsees-fail-dataset-from-crunchbase
IDEA-00479,"[DERIVED] Sift Science is a real, publicly-recorded Cybersecurity company (category tags: Big Data|E-Commerce|Fraud Detection|Machine Learning|Security) headquartered in United States.",Cybersecurity,Big Data|E-Commerce|Fraud Detection|Machine Learning|Security,Unknown - not stated in source data,Unknown - not stated in source data,Unknown - not stated in source data,Unknown - not stated in source data,Unknown - not stated in source data,Unknown - not stated in source data,United States,Unknown - no external source,High (dataset-derived),"Kaggle: big-startup-secsees-fail-dataset-from-crunchbase + investments-crunchbase (market enrichment) (idea_description text is DERIVED, not sourced verbatim)",https://www.kaggle.com/datasets/yanmaksi/big-startup-secsees-fail-dataset-from-crunchbase
IDEA-00480,"[DERIVED] Ploog is a real, publicly-recorded Media & Entertainment company (category tags: Consumer Electronics|Digital Media|User Experience Design) headquartered in Brazil.",Media & Entertainment,Consumer Electronics|Digital Media|User Experience Design,Unknown - not stated in source data,Unknown - not stated in source data,Unknown - not stated in source data,Unknown - not stated in source data,Unknown - not stated in source data,Unknown - not stated in source data,Brazil,Unknown - no external source,Medium (dataset-derived),"Kaggle: big-startup-secsees-fail-dataset-from-crunchbase + investments-crunchbase (market enrichment) (idea_description text is DERIVED, not sourced verbatim)",https://www.kaggle.com/datasets/yanmaksi/big-startup-secsees-fail-dataset-from-crunchbase
IDEA-00481,"[DERIVED] baimos technologies is a real, publicly-recorded Cybersecurity company (category tags: Android|Apps|Collaborative Consumption|Developer APIs|File Sharing|iOS|Mobile|Security|Software) headquartered in Germany.",Cybersecurity,Android|Apps|Collaborative Consumption|Developer APIs|File Sharing|iOS|Mobile|Security|Software,Unknown - not stated in source data,Unknown - not stated in source data,Unknown - not stated in source data,Unknown - not stated in source data,Unknown - not stated in source data,Unknown - not stated in source data,Germany,Unknown - no external source,Low (dataset-derived),"Kaggle: big-startup-secsees-fail-dataset-from-crunchbase + investments-crunchbase (market enrichment) (idea_description text is DERIVED, not sourced verbatim)",https://www.kaggle.com/datasets/yanmaksi/big-startup-secsees-fail-dataset-from-crunchbase
IDEA-00482,"[DERIVED] Rasyonel R&D is a real, publicly-recorded DeepTech company (category tags: Embedded Hardware and Software|Internet of Things|Recycling|Web Development) headquartered in Turkey.",DeepTech,Embedded Hardware and Software|Internet of Things|Recycling|Web Development,Unknown - not stated in source data,Unknown - not stated in source data,Unknown - not stated in source data,Unknown - not stated in source data,Unknown - not stated in source data,Unknown - not stated in source data,Turkey,Unknown - no external source,Low (dataset-derived),"Kaggle: big-startup-secsees-fail-dataset-from-crunchbase (idea_description text is DERIVED, not sourced verbatim)",https://www.kaggle.com/datasets/yanmaksi/big-startup-secsees-fail-dataset-from-crunchbase
IDEA-00483,"[DERIVED] outdoors.io is a real, publicly-recorded TravelTech company (category tags: Marketplaces|Outdoors|Travel) headquartered in United States.",TravelTech,Marketplaces|Outdoors|Travel,Unknown - not stated in source data,Unknown - not stated in source data,Unknown - not stated in source data,Unknown - not stated in source data,Unknown - not stated in source data,Unknown - not stated in source data,United States,Unknown - no external source,High (dataset-derived),"Kaggle: big-startup-secsees-fail-dataset-from-crunchbase (idea_description text is DERIVED, not sourced verbatim)",https://www.kaggle.com/datasets/yanmaksi/big-startup-secsees-fail-dataset-from-crunchbase
IDEA-00484,"[DERIVED] Scientia Consulting Group is a real, publicly-recorded FinTech company (category tags: Consulting|Finance|Internet|Sales and Marketing) headquartered in Greece.",FinTech,Consulting|Finance|Internet|Sales and Marketing,Unknown - not stated in source data,Unknown - not stated in source data,Unknown - not stated in source data,Unknown - not stated in source data,Unknown - not stated in source data,Unknown - not stated in source data,Greece,Unknown - no external source,Low (dataset-derived),"Kaggle: big-startup-secsees-fail-dataset-from-crunchbase + investments-crunchbase (market enrichment) (idea_description text is DERIVED, not sourced verbatim)",https://www.kaggle.com/datasets/yanmaksi/big-startup-secsees-fail-dataset-from-crunchbase
IDEA-00485,"[DERIVED] IZI-collecte is a real, publicly-recorded FinTech company (category tags: Email Marketing|Nonprofits|Payments|Software) headquartered in France.",FinTech,Email Marketing|Nonprofits|Payments|Software,Unknown - not stated in source data,Unknown - not stated in source data,Unknown - not stated in source data,Unknown - not stated in source data,Unknown - not stated in source data,Unknown - not stated in source data,France,Unknown - no external source,Medium (dataset-derived),"Kaggle: big-startup-secsees-fail-dataset-from-crunchbase + investments-crunchbase (market enrichment) (idea_description text is DERIVED, not sourced verbatim)",https://www.kaggle.com/datasets/yanmaksi/big-startup-secsees-fail-dataset-from-crunchbase
IDEA-00486,"[DERIVED] DTI - Diesel Technical Innovations is a real, publicly-recorded Mobility company (category tags: Transportation) headquartered in United States.",Mobility,Transportation,Unknown - not stated in source data,Unknown - not stated in source data,Unknown - not stated in source data,Unknown - not stated in source data,Unknown - not stated in source data,Unknown - not stated in source data,United States,Unknown - no external source,High (dataset-derived),"Kaggle: big-startup-secsees-fail-dataset-from-crunchbase + investments-crunchbase (market enrichment) (idea_description text is DERIVED, not sourced verbatim)",https://www.kaggle.com/datasets/yanmaksi/big-startup-secsees-fail-dataset-from-crunchbase
IDEA-00487,"[DERIVED] PlanHQ is a real, publicly-recorded SaaS company (category tags: Business Development|Software|Venture Capital) headquartered in New Zealand.",SaaS,Business Development|Software|Venture Capital,Unknown - not stated in source data,Unknown - not stated in source data,Unknown - not stated in source data,Unknown - not stated in source data,Unknown - not stated in source data,Unknown - not stated in source data,New Zealand,Unknown - no external source,Low (dataset-derived),"Kaggle: big-startup-secsees-fail-dataset-from-crunchbase + investments-crunchbase (market enrichment) (idea_description text is DERIVED, not sourced verbatim)",https://www.kaggle.com/datasets/yanmaksi/big-startup-secsees-fail-dataset-from-crunchbase
IDEA-00488,"[DERIVED] Imagine Learning is a real, publicly-recorded EdTech company (category tags: High School Students|Language Learning|Training) headquartered in United States.",EdTech,High School Students|Language Learning|Training,Unknown - not stated in source data,Unknown - not stated in source data,Unknown - not stated in source data,Unknown - not stated in source data,Unknown - not stated in source data,Unknown - not stated in source data,United States,Unknown - no external source,High (dataset-derived),"Kaggle: big-startup-secsees-fail-dataset-from-crunchbase (idea_description text is DERIVED, not sourced verbatim)",https://www.kaggle.com/datasets/yanmaksi/big-startup-secsees-fail-dataset-from-crunchbase
IDEA-00489,"[DERIVED] Lost My Name is a real, publicly-recorded Media & Entertainment company (category tags: Kids|Publishing) headquartered in United Kingdom.",Media & Entertainment,Kids|Publishing,Unknown - not stated in source data,Unknown - not stated in source data,Unknown - not stated in source data,Unknown - not stated in source data,Unknown - not stated in source data,Unknown - not stated in source data,United Kingdom,Unknown - no external source,High (dataset-derived),"Kaggle: big-startup-secsees-fail-dataset-from-crunchbase + investments-crunchbase (market enrichment) (idea_description text is DERIVED, not sourced verbatim)",https://www.kaggle.com/datasets/yanmaksi/big-startup-secsees-fail-dataset-from-crunchbase
IDEA-00490,"[DERIVED] ProcessUnity is a real, publicly-recorded SaaS company (category tags: SaaS|Software) headquartered in United States.",SaaS,SaaS|Software,Unknown - not stated in source data,Unknown - not stated in source data,Unknown - not stated in source data,Unknown - not stated in source data,Unknown - not stated in source data,Unknown - not stated in source data,United States,Unknown - no external source,High (dataset-derived),"Kaggle: big-startup-secsees-fail-dataset-from-crunchbase + investments-crunchbase (market enrichment) (idea_description text is DERIVED, not sourced verbatim)",https://www.kaggle.com/datasets/yanmaksi/big-startup-secsees-fail-dataset-from-crunchbase
IDEA-00491,"[DERIVED] BigTree is a real, publicly-recorded Mobility company (category tags: Software|Transportation) headquartered in United States.",Mobility,Software|Transportation,Unknown - not stated in source data,Unknown - not stated in source data,Unknown - not stated in source data,Unknown - not stated in source data,Unknown - not stated in source data,Unknown - not stated in source data,United States,Unknown - no external source,High (dataset-derived),"Kaggle: big-startup-secsees-fail-dataset-from-crunchbase + investments-crunchbase (market enrichment) (idea_description text is DERIVED, not sourced verbatim)",https://www.kaggle.com/datasets/yanmaksi/big-startup-secsees-fail-dataset-from-crunchbase
IDEA-00492,"[DERIVED] Cooper's Classics is a real, publicly-recorded Mobility company (category tags: Automotive) headquartered in United States.",Mobility,Automotive,Unknown - not stated in source data,Unknown - not stated in source data,Unknown - not stated in source data,Unknown - not stated in source data,Unknown - not stated in source data,Unknown - not stated in source data,United States,Unknown - no external source,High (dataset-derived),"Kaggle: big-startup-secsees-fail-dataset-from-crunchbase + investments-crunchbase (market enrichment) (idea_description text is DERIVED, not sourced verbatim)",https://www.kaggle.com/datasets/yanmaksi/big-startup-secsees-fail-dataset-from-crunchbase
IDEA-00493,"[DERIVED] jellyfish is a real, publicly-recorded Media & Entertainment company (category tags: Social Media) headquartered in United States.",Media & Entertainment,Social Media,Unknown - not stated in source data,Unknown - not stated in source data,Unknown - not stated in source data,Unknown - not stated in source data,Unknown - not stated in source data,Unknown - not stated in source data,United States,Unknown - no external source,High (dataset-derived),"Kaggle: big-startup-secsees-fail-dataset-from-crunchbase + investments-crunchbase (market enrichment) (idea_description text is DERIVED, not sourced verbatim)",https://www.kaggle.com/datasets/yanmaksi/big-startup-secsees-fail-dataset-from-crunchbase
IDEA-00494,"[DERIVED] Raven Tech is a real, publicly-recorded AI / Machine Learning company (category tags: Artificial Intelligence|Mobile) headquartered in an unspecified country.",AI / Machine Learning,Artificial Intelligence|Mobile,Unknown - not stated in source data,Unknown - not stated in source data,Unknown - not stated in source data,Unknown - not stated in source data,Unknown - not stated in source data,Unknown - not stated in source data,,Unknown - no external source,Unknown,"Kaggle: big-startup-secsees-fail-dataset-from-crunchbase (idea_description text is DERIVED, not sourced verbatim)",https://www.kaggle.com/datasets/yanmaksi/big-startup-secsees-fail-dataset-from-crunchbase
IDEA-00495,"[DERIVED] oneDrum is a real, publicly-recorded SaaS company (category tags: Enterprise Software) headquartered in United Kingdom.",SaaS,Enterprise Software,Unknown - not stated in source data,Unknown - not stated in source data,Unknown - not stated in source data,Unknown - not stated in source data,Unknown - not stated in source data,Unknown - not stated in source data,United Kingdom,Unknown - no external source,High (dataset-derived),"Kaggle: big-startup-secsees-fail-dataset-from-crunchbase + investments-crunchbase (market enrichment) (idea_description text is DERIVED, not sourced verbatim)",https://www.kaggle.com/datasets/yanmaksi/big-startup-secsees-fail-dataset-from-crunchbase
IDEA-00496,"[DERIVED] InstantQuest is a real, publicly-recorded SaaS company (category tags: Market Research|Software) headquartered in an unspecified country.",SaaS,Market Research|Software,Unknown - not stated in source data,Unknown - not stated in source data,Unknown - not stated in source data,Unknown - not stated in source data,Unknown - not stated in source data,Unknown - not stated in source data,,Unknown - no external source,Unknown,"Kaggle: big-startup-secsees-fail-dataset-from-crunchbase + investments-crunchbase (market enrichment) (idea_description text is DERIVED, not sourced verbatim)",https://www.kaggle.com/datasets/yanmaksi/big-startup-secsees-fail-dataset-from-crunchbase
IDEA-00497,"[DERIVED] Doctor on Demand is a real, publicly-recorded HealthTech company (category tags: Health Care) headquartered in United States.",HealthTech,Health Care,Unknown - not stated in source data,Unknown - not stated in source data,Unknown - not stated in source data,Unknown - not stated in source data,Unknown - not stated in source data,Unknown - not stated in source data,United States,Unknown - no external source,High (dataset-derived),"Kaggle: big-startup-secsees-fail-dataset-from-crunchbase + investments-crunchbase (market enrichment) (idea_description text is DERIVED, not sourced verbatim)",https://www.kaggle.com/datasets/yanmaksi/big-startup-secsees-fail-dataset-from-crunchbase
IDEA-00498,"[DERIVED] Aula 7 is a real, publicly-recorded EdTech company (category tags: Education|Online Education|Video) headquartered in Venezuela.",EdTech,Education|Online Education|Video,Unknown - not stated in source data,Unknown - not stated in source data,Unknown - not stated in source data,Unknown - not stated in source data,Unknown - not stated in source data,Unknown - not stated in source data,Venezuela,Unknown - no external source,Low (dataset-derived),"Kaggle: big-startup-secsees-fail-dataset-from-crunchbase (idea_description text is DERIVED, not sourced verbatim)",https://www.kaggle.com/datasets/yanmaksi/big-startup-secsees-fail-dataset-from-crunchbase
IDEA-00499,"[DERIVED] inMarket is a real, publicly-recorded MarTech company (category tags: |Mobile Shopping|Advertising|Retail|Shopping|Mobile|) headquartered in United States.",MarTech,|Mobile Shopping|Advertising|Retail|Shopping|Mobile|,Unknown - not stated in source data,Unknown - not stated in source data,Unknown - not stated in source data,Unknown - not stated in source data,Unknown - not stated in source data,Unknown - not stated in source data,United States,Unknown - no external source,High (dataset-derived),"Kaggle: startup-investments-crunchbase (unique to this source) (idea_description text is DERIVED, not sourced verbatim)",https://www.kaggle.com/datasets/arindam235/startup-investments-crunchbase
IDEA-00500,"[DERIVED] TSB is a real, publicly-recorded HealthTech company (category tags: Fitness|Health and Wellness) headquartered in Spain.",HealthTech,Fitness|Health and Wellness,Unknown - not stated in source data,Unknown - not stated in source data,Unknown - not stated in source data,Unknown - not stated in source data,Unknown - not stated in source data,Unknown - not stated in source data,Spain,Unknown - no external source,Medium (dataset-derived),"Kaggle: big-startup-secsees-fail-dataset-from-crunchbase + investments-crunchbase (market enrichment) (idea_description text is DERIVED, not sourced verbatim)",https://www.kaggle.com/datasets/yanmaksi/big-startup-secsees-fail-dataset-from-crunchbase
